"","TAXON","GENUS","SPECIES","RANK","INFRASPECIFC","PRIMARY_ASSOCIATED_CROP_COMMON_NAME","SECONDARY_ASSOCIATED_CROP_COMMON_NAME","FINEST_TAXON_RESOLUTION","CWR","WUS","WUS_NOTES","NATIVE","PRIMARY_ASSOCIATED_CROP_TYPE_GENERAL_1","PRIMARY_ASSOCIATED_CROP_TYPE_GENERAL_2","SECONDARY_ASSOCIATED_CROP_TYPE_GENERAL","PRIMARY_CROP_OR_WUS_USE_SPECIFIC_1","PRIMARY_CROP_OR_WUS_USE_SPECIFIC_2","PRIMARY_CROP_OR_WUS_USE_SPECIFIC_3","SECONDARY_CROP_OR_WUS_USE_1","CATEGORY","TIER","GENEPOOL","GRAFTSTOCK","ABIOTIC_TRAIT_2","ABIOTIC_TRAIT_3","BIOTIC_TRAIT_1","BIOTIC_TRAIT_2","FERTILITY_TRAIT","AGRONOMIC_TRAIT_1","AGRONOMIC_TRAIT_2","AGRONOMIC_TRAIT_3","PHENOLOGICAL_TRAIT","SOURCE_OF_TAXON","GENEPOOL__GRAFTSTOCK_TRAITS_SOURCE","WUS_SOURCE","ACCESSION","NAME","TAXONOMY","ORIGIN","REPOSITORY","RECEIVED","COORDINATES","Genus","Species_only","Variant","Subspecies","Rank","Infraspecific","Species"
"1","Acer spicatum","Acer","Acer spicatum",NA,NA,"Maple",NA,"Y","Y","Y","","Y","Food","Forest Resources",NA,"Sugars","Forest Resources","",NA,"1C",1,"Assume distant","","","","","","","","","","","Davidson 1995","","","WLP 278","03-05 pellet","Acer spicatum Lam.","Minnesota, United States",NA,2004,"47.34500000, -91.21416667","Acer","spicatum","","","","","Acer spicatum"
"2","Agastache urticifolia","Agastache","Agastache urticifolia",NA,NA,"Hyssop",NA,"Y","N","Y","","Y","Cultural","",NA,"Medicinals","","",NA,"2",2,NA,"","","","","","","","","","","Davidson 1995","","Kuhnlein and Turner 2020","Ames 31294","ID930-B23","Agastache urticifolia (Benth.) Kuntze","United States","NC7",2009,"","Agastache","urticifolia","","","","","Agastache urticifolia"
"3","Allium textile","Allium","Allium textile",NA,NA,"Allium",NA,"Y","Y","Y","wild onion; blubs and greens","Y","Food","",NA,"Vegetables","","",NA,"1C",1,"Assume distant","","","","","","","","","","","Davidson 1995","","Kuhnlein and Turner 2020","W6 47038","WY070-37","Allium textile A. Nelson & J. F. Macbr.","Wyoming, United States","W6",2014,"44.56313000, -106.77362000","Allium","textile","","","","","Allium textile"
"4","Amaranthus hybridus","Amaranthus","Amaranthus hybridus",NA,NA,"Amaranth",NA,"Y","Y","Y","greens and seeds used","N","Food","Cultural",NA,"Cereals and pseudocereals","Ornamental","",NA,"1A",1,"Progenitor","","","","","","","","","","","GRIN-Global 2021","GRIN-Global 2021","Kuhnlein and Turner 2020","PI 688207","AZ2010-13","Amaranthus hybridus L.","Arizona, United States","NC7",2010,"31.79261000, -110.74676000","Amaranthus","hybridus","","","","","Amaranthus hybridus"
"5","Amaranthus tuberculatus","Amaranthus","Amaranthus tuberculatus",NA,NA,"Amaranth",NA,"Y","Y","N","","Y","Food","Cultural",NA,"Cereals and pseudocereals","Ornamental","",NA,"1C",1,"Assume distant","","","","","","","","","","","Davidson 1995","","","PI 603892","Pop 45","Amaranthus tuberculatus (Moq.) J. D. Sauer","Ohio, United States","NC7",1998,"41.41666667, -83.87500000","Amaranthus","tuberculatus","","","","","Amaranthus tuberculatus"
"6","Balsamorhiza sagittata","Balsamorhiza","Balsamorhiza sagittata",NA,NA,"Balsamroot",NA,"Y","N","Y","roots, greens, stems, seeds","Y","Food","",NA,"Vegetables","","",NA,NA,NA,NA,"","","","","","","","","","","Kuhnlein and Turner 2020","","Kuhnlein and Turner 2020","W6 45661","NV030-596","Balsamorhiza sagittata (Pursh) Nutt.","Nevada, United States","W6",2013,"39.73633000, -119.94437000","Balsamorhiza","sagittata","","","","","Balsamorhiza sagittata"
"7","Balsamorhiza sagittata","Balsamorhiza","Balsamorhiza sagittata",NA,NA,"Balsamroot",NA,"Y","N","Y","roots, greens, stems, seeds","Y","Food","",NA,"Vegetables","","",NA,NA,NA,NA,"","","","","","","","","","","Kuhnlein and Turner 2020","","Kuhnlein and Turner 2020","W6 47398","WY050-68","Balsamorhiza sagittata (Pursh) Nutt.","Wyoming, United States","W6",2014,"42.73032000, -108.85830000","Balsamorhiza","sagittata","","","","","Balsamorhiza sagittata"
"8","Balsamorhiza sagittata","Balsamorhiza","Balsamorhiza sagittata",NA,NA,"Balsamroot",NA,"Y","N","Y","roots, greens, stems, seeds","Y","Food","",NA,"Vegetables","","",NA,NA,NA,NA,"","","","","","","","","","","Kuhnlein and Turner 2020","","Kuhnlein and Turner 2020","W6 49154","ID931-310","Balsamorhiza sagittata (Pursh) Nutt.","United States","W6",2015,"44.38558000, -116.89832000","Balsamorhiza","sagittata","","","","","Balsamorhiza sagittata"
"9","Betula lenta","Betula","Betula lenta",NA,NA,"Birch",NA,"Y","N","Y","leaves","Y","Forest Resources","",NA,"Forest Resources","","",NA,NA,NA,NA,"","","","","","","","","","","Davidson 1995","","Kuhnlein and Turner 2020","Ames 30360","JDC/BL/2009/105/255","Betula lenta L.","Ohio, United States","NC7",2009,"38.67805556, -83.20611111","Betula","lenta","","","","","Betula lenta"
"10","Betula papyrifera","Betula","Betula papyrifera",NA,NA,"Birch",NA,"Y","N","Y","leaves, twigs and sap","Y","Forest Resources","",NA,"Forest Resources","","",NA,NA,NA,NA,"","","","","","","","","","","Davidson 1995","","Kuhnlein and Turner 2020","Ames 27294","7","Betula papyrifera Marshall","Iowa, United States","NC7",2003,"43.43694444, -91.64833333","Betula","papyrifera","","","","","Betula papyrifera"
"11","Bromus anomalus","Bromus","Bromus anomalus",NA,NA,"Bromegrass",NA,"Y","Y","N","","Y","Food","",NA,"Forage and Feed","","",NA,"2",2,NA,"","","","","","","","","","","Davidson 1995","","","PI 232197","","Bromus anomalus Rupr. ex E. Fourn.","Wyoming, United States","W6",1956,"","Bromus","anomalus","","","","","Bromus anomalus"
"12","Calamagrostis canadensis","Calamagrostis","Calamagrostis canadensis",NA,NA,"Bluejoint",NA,"N","Y","N","","Y","Food","",NA,"Forage and Feed","","",NA,"2",2,NA,"","","","","","","","","","","GRIN-Global 2021","","","W6 44034","AK930-223","Calamagrostis canadensis (Michx.) P. Beauv.","Alaska, United States","W6",2012,"64.78175000, -163.79254000","Calamagrostis","canadensis","","","","","Calamagrostis canadensis"
"13","Chenopodium berlandieri","Chenopodium","Chenopodium berlandieri",NA,NA,"Quinoa",NA,"N","Y","Y","lambsquarters; greens and seeds","Y","Food","",NA,"Cereals and pseudocereals","","",NA,"1B",1,"Secondary","","","","","","","","","","","GRIN-Global 2021","GRIN-Global 2021","Kuhnlein and Turner 2020","PI 666283","BYU 720","Chenopodium berlandieri Moq.","Utah, United States","NC7",2008,"37.83694444, -109.11305556","Chenopodium","berlandieri","","","","","Chenopodium berlandieri"
"14","Chenopodium berlandieri","Chenopodium","Chenopodium berlandieri",NA,NA,"Quinoa",NA,"N","Y","Y","lambsquarters; greens and seeds","Y","Food","",NA,"Cereals and pseudocereals","","",NA,"1B",1,"Secondary","","","","","","","","","","","GRIN-Global 2021","GRIN-Global 2021","Kuhnlein and Turner 2020","PI 612858","DB 99704","Chenopodium berlandieri Moq.","Utah, United States","NC7",2000,"41.25067500, -111.78553600","Chenopodium","berlandieri","","","","","Chenopodium berlandieri"
"15","Daucus pusillus","Daucus","Daucus pusillus",NA,NA,"Carrot",NA,"Y","Y","Y","american wild carrot; roots","Y","Food","",NA,"Vegetables","","",NA,"1C",1,"Tertiary","","","","","","","","","","","GRIN-Global 2021","GRIN-Global 2021","Kuhnlein and Turner 2020","PI 661250","SS35","Daucus pusillus Michx.","California, United States","NC7",2010,"33.22341667, -117.14196670","Daucus","pusillus","","","","","Daucus pusillus"
"16","Drymocallis glandulosa var. glandulosa","Drymocallis","Drymocallis glandulosa","var.","glandulosa","Strawberry",NA,"Y","Y","N","","Y","Food","",NA,"Fruits","","",NA,"1C",1,"Tertiary","","","","","","","","","","","GRIN-Global 2021","GRIN-Global 2021","","Ames 32455","POGL9-SOS-UT931-333-10","Drymocallis glandulosa (Lindl.) Rydb. var. glandulosa","Utah, United States","NC7",2012,"40.38122000, -111.15395000","Drymocallis","glandulosa","glandulosa","","var.","glandulosa","Drymocallis glandulosa"
"17","Drymocallis glandulosa var. glandulosa","Drymocallis","Drymocallis glandulosa","var.","glandulosa","Strawberry",NA,"Y","Y","N","","Y","Food","",NA,"Fruits","","",NA,"1C",1,"Tertiary","","","","","","","","","","","GRIN-Global 2021","GRIN-Global 2021","","Ames 31320","144496","Drymocallis glandulosa (Lindl.) Rydb. var. glandulosa","Oregon, United States","NC7",2008,"42.09583000, -122.90750000","Drymocallis","glandulosa","glandulosa","","var.","glandulosa","Drymocallis glandulosa"
"18","Elymus elymoides","Elymus","Elymus elymoides",NA,NA,"Wheat","Wild-rye","N","Y","N","","Y","Food","",NA,"Cereals and pseudocereals","Forage and Feed","",NA,"1C",1,"Tertiary","","","","","","","","","","","GRIN-Global 2021","GRIN-Global 2021","","W6 48307","UT933-303","Elymus elymoides (Raf.) Swezey","Utah, United States","W6",2014,"38.04513000, -111.98675000","Elymus","elymoides","","","","","Elymus elymoides"
"19","Elymus elymoides subsp. elymoides","Elymus","Elymus elymoides","subsp.","elymoides","Wheat","Wild-rye","Y","Y","N","","Y","Food","",NA,"Cereals and pseudocereals","Forage and Feed","",NA,"1C",1,"Tertiary","","","","","","","","","","","GRIN-Global 2021","GRIN-Global 2021","","PI 693190","T-1565","Elymus elymoides (Raf.) Swezey subsp. elymoides","Oregon, United States","W6",2015,"43.02327800, -118.12252800","Elymus","elymoides","","elymoides","subsp.","elymoides","Elymus elymoides"
"20","Elymus glaucus","Elymus","Elymus glaucus",NA,NA,"Wheat","Wild-rye","N","Y","N","","Y","Food","",NA,"Cereals and pseudocereals","Forage and Feed","",NA,"1C",1,"Tertiary","","","","","","","","","","","GRIN-Global 2021","GRIN-Global 2021","","W6 32932","G2-119","Elymus glaucus Buckley","Oregon, United States","W6",2008,"45.80611111, -117.82750000","Elymus","glaucus","","","","","Elymus glaucus"
"21","Elymus glaucus","Elymus","Elymus glaucus",NA,NA,"Wheat","Wild-rye","N","Y","N","","Y","Food","",NA,"Cereals and pseudocereals","Forage and Feed","",NA,"1C",1,"Tertiary","","","","","","","","","","","GRIN-Global 2021","GRIN-Global 2021","","PI 232272","","Elymus glaucus Buckley","Wyoming, United States","W6",1955,"","Elymus","glaucus","","","","","Elymus glaucus"
"22","Elymus glaucus","Elymus","Elymus glaucus",NA,NA,"Wheat","Wild-rye","N","Y","N","","Y","Food","",NA,"Cereals and pseudocereals","Forage and Feed","",NA,"1C",1,"Tertiary","","","","","","","","","","","GRIN-Global 2021","GRIN-Global 2021","","W6 32949","G2-180","Elymus glaucus Buckley","Oregon, United States","W6",2008,"45.88416667, -117.10861111","Elymus","glaucus","","","","","Elymus glaucus"
"23","Elymus glaucus","Elymus","Elymus glaucus",NA,NA,"Wheat","Wild-rye","N","Y","N","","Y","Food","",NA,"Cereals and pseudocereals","Forage and Feed","",NA,"1C",1,"Tertiary","","","","","","","","","","","GRIN-Global 2021","GRIN-Global 2021","","PI 676233","W6 22486","Elymus glaucus Buckley","California, United States","W6",2000,"","Elymus","glaucus","","","","","Elymus glaucus"
"24","Elymus lanceolatus subsp. lanceolatus","Elymus","Elymus lanceolatus","subsp.","lanceolatus","Wheat","Wild-rye","Y","Y","N","","Y","Food","",NA,"Cereals and pseudocereals","Forage and Feed","",NA,"1C",1,"Tertiary","","","","","","","","","","","GRIN-Global 2021","GRIN-Global 2021","","PI 595186","Acc:517","Elymus lanceolatus (Scribn. & J. G. Sm.) Gould subsp. lanceolatus","Idaho, United States","W6",1993,"","Elymus","lanceolatus","","lanceolatus","subsp.","lanceolatus","Elymus lanceolatus"
"25","Elymus virginicus","Elymus","Elymus virginicus",NA,NA,"Wheat","Wild-rye","N","Y","N","","Y","Food","",NA,"Cereals and pseudocereals","Forage and Feed","",NA,"1C",1,"Tertiary","","","","","","","","","","","GRIN-Global 2021","GRIN-Global 2021","","PI 436946","","Elymus virginicus L.","Oklahoma, United States","W6",1979,"","Elymus","virginicus","","","","","Elymus virginicus"
"26","Festuca rubra","Festuca","Festuca rubra",NA,NA,"Fescue",NA,"N","Y","N","","Y","Food","Cultural",NA,"Forage and Feed","Ornamentals","",NA,"2",2,NA,"","","","","","","","","","","Davidson 1995","","","PI 368183","67-159","Festuca rubra L.","Alaska, United States","W6",1971,"","Festuca","rubra","","","","","Festuca rubra"
"27","Festuca rubra","Festuca","Festuca rubra",NA,NA,"Fescue",NA,"N","Y","N","","Y","Food","Cultural",NA,"Forage and Feed","Ornamentals","",NA,"2",2,NA,"","","","","","","","","","","Davidson 1995","","","PI 349074","1675","Festuca rubra L.","Alaska, United States","W6",1969,"","Festuca","rubra","","","","","Festuca rubra"
"28","Fragaria ananassa subsp. cuneifolia","Fragaria","Fragaria ◊ananassa","subsp.","cuneifolia","Strawberry",NA,"Y","Y","Y","strawberry; fruit","N","Food","",NA,"Fruits","","",NA,"1A",1,"Primary","","","","","","","","","","","GRIN-Global 2021","GRIN-Global 2021","Kuhnlein and Turner 2020","PI 679894","F. x cuneifolia Moran State Park","Fragaria ananassa Duchesne ex Rozier nothosubsp. cuneifolia (Nutt. ex Howell) Staudt","Washington, United States","COR",2016,"","Fragaria","ananassa","","cuneifolia","subsp.","cuneifolia","Fragaria ananassa"
"29","Fragaria ananassa subsp. cuneifolia","Fragaria","Fragaria ◊ananassa","subsp.","cuneifolia","Strawberry",NA,"Y","Y","Y","strawberry; fruit","N","Food","",NA,"Fruits","","",NA,"1A",1,"Primary","","","","","","","","","","","GRIN-Global 2021","GRIN-Global 2021","Kuhnlein and Turner 2020","PI 551806","F. x cuneifolia Tennant, CA C 2-1","Fragaria ananassa Duchesne ex Rozier nothosubsp. cuneifolia (Nutt. ex Howell) Staudt","California, United States","COR",1986,"41.54410000, -121.91660000","Fragaria","ananassa","","cuneifolia","subsp.","cuneifolia","Fragaria ananassa"
"30","Fragaria chiloensis subsp. pacifica","Fragaria","Fragaria chiloensis","subsp.","pacifica","Strawberry",NA,"Y","Y","Y","strawberry; fruit","Y","Food","",NA,"Fruits","","",NA,"1A",1,"Primary","","","","","","","","","","","GRIN-Global 2021","GRIN-Global 2021","Kuhnlein and Turner 2020","PI 551444","F. chiloensis subsp. pacifica Yachats State Park-14","Fragaria chiloensis (L.) Mill. subsp. pacifica Staudt","Oregon, United States","COR",1981,"44.31093000, -124.10758000","Fragaria","chiloensis","","pacifica","subsp.","pacifica","Fragaria chiloensis"
"31","Fragaria vesca subsp. americana","Fragaria","Fragaria vesca","subsp.","americana","Strawberry",NA,"Y","Y","Y","strawberry; fruit","Y","Food","",NA,"Fruits","","",NA,"1C",1,"Tertiary","","","","","","","","","","","GRIN-Global 2021","GRIN-Global 2021","Kuhnlein and Turner 2020","PI 552244","F. vesca subsp. americana WC7","Fragaria vesca L. subsp. americana (Porter) Staudt","New Hampshire, United States","COR",1990,"","Fragaria","vesca","","americana","subsp.","americana","Fragaria vesca"
"32","Fragaria vesca subsp. bracteata","Fragaria","Fragaria vesca","subsp.","bracteata","Strawberry",NA,"Y","Y","Y","strawberry; fruit","Y","Food","",NA,"Fruits","","",NA,"1C",1,"Tertiary","","","","","","","","","","","GRIN-Global 2021","GRIN-Global 2021","Kuhnlein and Turner 2020","PI 664439","F. vesca f. bracteata Ashland Marath","Fragaria vesca L. subsp. bracteata (A. Heller) Staudt f. bracteata (A. Heller) Staudt","Oregon, United States","COR",2010,"42.11052000, -122.70852000","Fragaria","vesca","","bracteata","subsp.","bracteata","Fragaria vesca"
"33","Fragaria vesca subsp. bracteata","Fragaria","Fragaria vesca","subsp.","bracteata","Strawberry",NA,"Y","Y","Y","strawberry; fruit","Y","Food","",NA,"Fruits","","",NA,"1C",1,"Tertiary","","","","","","","","","","","GRIN-Global 2021","GRIN-Global 2021","Kuhnlein and Turner 2020","PI 660774","F. vesca f. bracteata 2010-03","Fragaria vesca L. subsp. bracteata (A. Heller) Staudt f. bracteata (A. Heller) Staudt","Oregon, United States","COR",2010,"44.85318000, -122.66097000","Fragaria","vesca","","bracteata","subsp.","bracteata","Fragaria vesca"
"34","Fragaria vesca subsp. bracteata","Fragaria","Fragaria vesca","subsp.","bracteata","Strawberry",NA,"Y","Y","Y","strawberry; fruit","Y","Food","",NA,"Fruits","","",NA,"1C",1,"Tertiary","","","","","","","","","","","GRIN-Global 2021","GRIN-Global 2021","Kuhnlein and Turner 2020","PI 664396","F. vesca f. bracteata North Santiam","Fragaria vesca L. subsp. bracteata (A. Heller) Staudt f. bracteata (A. Heller) Staudt","Oregon, United States","COR",2010,"44.77185000, -122.56543000","Fragaria","vesca","","bracteata","subsp.","bracteata","Fragaria vesca"
"35","Fragaria vesca subsp. vesca","Fragaria","Fragaria vesca","subsp.","vesca","Strawberry",NA,"Y","Y","Y","strawberry; fruit","N","Food","",NA,"Fruits","","",NA,"1C",1,"Tertiary","","","","","","","","","","","GRIN-Global 2021","GRIN-Global 2021","Kuhnlein and Turner 2020","PI 552241","F. vesca subsp. vesca S61","Fragaria vesca L. subsp. vesca","New Hampshire, United States","COR",1990,"","Fragaria","vesca","","vesca","subsp.","vesca","Fragaria vesca"
"36","Fragaria virginiana subsp. glauca","Fragaria","Fragaria virginiana","subsp.","glauca","Strawberry",NA,"Y","Y","Y","strawberry; fruit","Y","Food","",NA,"Fruits","","",NA,"1A",1,"Primary","","","","","","","","","","","GRIN-Global 2021","GRIN-Global 2021","Kuhnlein and Turner 2020","PI 551789","F. virginiana subsp. glauca","Fragaria virginiana Mill. subsp. glauca (S. Watson) Staudt","Oregon, United States","COR",1985,"42.16667000, -123.00000000","Fragaria","virginiana","","glauca","subsp.","glauca","Fragaria virginiana"
"37","Fragaria virginiana subsp. glauca","Fragaria","Fragaria virginiana","subsp.","glauca","Strawberry",NA,"Y","Y","Y","strawberry; fruit","Y","Food","",NA,"Fruits","","",NA,"1A",1,"Primary","","","","","","","","","","","GRIN-Global 2021","GRIN-Global 2021","Kuhnlein and Turner 2020","PI 551889","F. virginiana subsp. glauca LH 51-2","Fragaria virginiana Mill. subsp. glauca (S. Watson) Staudt","Montana, United States","COR",1989,"46.00000000, -110.33333000","Fragaria","virginiana","","glauca","subsp.","glauca","Fragaria virginiana"
"38","Fragaria virginiana subsp. platypetala","Fragaria","Fragaria virginiana","subsp.","platypetala","Strawberry",NA,"Y","Y","Y","strawberry; fruit","Y","Food","",NA,"Fruits","","",NA,"1A",1,"Primary","","","","","","","","","","","GRIN-Global 2021","GRIN-Global 2021","Kuhnlein and Turner 2020","PI 679849","F. virginiana subsp. platypetala Halse 9489","Fragaria virginiana Mill. subsp. platypetala (Rydb.) Staudt","Oregon, United States","COR",2015,"","Fragaria","virginiana","","platypetala","subsp.","platypetala","Fragaria virginiana"
"39","Fragaria virginiana subsp. virginiana","Fragaria","Fragaria virginiana","subsp.","virginiana","Strawberry",NA,"Y","Y","Y","strawberry; fruit","Y","Food","",NA,"Fruits","","",NA,"1A",1,"Primary","","","","","","","","","","","GRIN-Global 2021","GRIN-Global 2021","Kuhnlein and Turner 2020","PI 616996","F. virginiana subsp. virginiana  NC 99-4-2","Fragaria virginiana Mill. subsp. virginiana","North Carolina, United States","COR",2000,"36.29528000, -79.62194000","Fragaria","virginiana","","virginiana","subsp.","virginiana","Fragaria virginiana"
"40","Fragaria virginiana subsp. virginiana","Fragaria","Fragaria virginiana","subsp.","virginiana","Strawberry",NA,"Y","Y","Y","strawberry; fruit","Y","Food","",NA,"Fruits","","",NA,"1A",1,"Primary","","","","","","","","","","","GRIN-Global 2021","GRIN-Global 2021","Kuhnlein and Turner 2020","PI 616896","F. virginiana","Fragaria virginiana Mill. subsp. virginiana","North Carolina, United States","COR",1996,"35.52194000, -76.81389000","Fragaria","virginiana","","virginiana","subsp.","virginiana","Fragaria virginiana"
"41","Fragaria virginiana subsp. virginiana","Fragaria","Fragaria virginiana","subsp.","virginiana","Strawberry",NA,"Y","Y","Y","strawberry; fruit","Y","Food","",NA,"Fruits","","",NA,"1A",1,"Primary","","","","","","","","","","","GRIN-Global 2021","GRIN-Global 2021","Kuhnlein and Turner 2020","PI 616962","F. virginiana subsp. virginiana NC 98-18-3","Fragaria virginiana Mill. subsp. virginiana","Arkansas, United States","COR",2000,"34.07417000, -93.17528000","Fragaria","virginiana","","virginiana","subsp.","virginiana","Fragaria virginiana"
"42","Fragaria virginiana subsp. virginiana","Fragaria","Fragaria virginiana","subsp.","virginiana","Strawberry",NA,"Y","Y","Y","strawberry; fruit","Y","Food","",NA,"Fruits","","",NA,"1A",1,"Primary","","","","","","","","","","","GRIN-Global 2021","GRIN-Global 2021","Kuhnlein and Turner 2020","PI 612498","F. virginiana subsp. virginiana RH 23 Mi","Fragaria virginiana Mill. subsp. virginiana","Minnesota, United States","COR",1999,"48.45000000, -93.16667000","Fragaria","virginiana","","virginiana","subsp.","virginiana","Fragaria virginiana"
"43","Fragaria virginiana subsp. virginiana","Fragaria","Fragaria virginiana","subsp.","virginiana","Strawberry",NA,"Y","Y","Y","strawberry; fruit","Y","Food","",NA,"Fruits","","",NA,"1A",1,"Primary","","","","","","","","","","","GRIN-Global 2021","GRIN-Global 2021","Kuhnlein and Turner 2020","PI 616979","F. virginiana subsp. virginiana  NC 98-27-1B","Fragaria virginiana Mill. subsp. virginiana","North Carolina, United States","COR",2000,"35.46500000, -80.29361000","Fragaria","virginiana","","virginiana","subsp.","virginiana","Fragaria virginiana"
"44","Fragaria virginiana subsp. virginiana","Fragaria","Fragaria virginiana","subsp.","virginiana","Strawberry",NA,"Y","Y","Y","strawberry; fruit","Y","Food","",NA,"Fruits","","",NA,"1A",1,"Primary","","","","","","","","","","","GRIN-Global 2021","GRIN-Global 2021","Kuhnlein and Turner 2020","PI 616788","F. virginiana subsp. virginiana NC 96-20-2","Fragaria virginiana Mill. subsp. virginiana","Alabama, United States","COR",1996,"32.65972000, -85.57917000","Fragaria","virginiana","","virginiana","subsp.","virginiana","Fragaria virginiana"
"45","Fragaria virginiana subsp. virginiana","Fragaria","Fragaria virginiana","subsp.","virginiana","Strawberry",NA,"Y","Y","Y","strawberry; fruit","Y","Food","",NA,"Fruits","","",NA,"1A",1,"Primary","","","","","","","","","","","GRIN-Global 2021","GRIN-Global 2021","Kuhnlein and Turner 2020","PI 651571","F. virginiana subsp. virginiana Pollocksville","Fragaria virginiana Mill. subsp. virginiana","North Carolina, United States","COR",2007,"35.02895000, -77.12879000","Fragaria","virginiana","","virginiana","subsp.","virginiana","Fragaria virginiana"
"46","Fraxinus americana","Fraxinus","Fraxinus americana",NA,NA,"Ash",NA,"Y","N","Y","ash; leaves and seeds","Y","Forest Resources","",NA,"Forest Resources","","",NA,NA,NA,NA,"","","","","","","","","","","Davidson 1995","","Kuhnlein and Turner 2020","Ames 29642","JDC/FA/2008/076/146","Fraxinus americana L.","Illinois, United States","NC7",2008,"40.45583333, -89.96111111","Fraxinus","americana","","","","","Fraxinus americana"
"47","Fraxinus americana","Fraxinus","Fraxinus americana",NA,NA,"Ash",NA,"Y","N","Y","ash; leaves and seeds","Y","Forest Resources","",NA,"Forest Resources","","",NA,NA,NA,NA,"","","","","","","","","","","Davidson 1995","","Kuhnlein and Turner 2020","Ames 31077","702","Fraxinus americana L.","New York, United States","NC7",2011,"42.04000000, -79.45900000","Fraxinus","americana","","","","","Fraxinus americana"
"48","Fraxinus nigra","Fraxinus","Fraxinus nigra",NA,NA,"Ash",NA,"Y","N","Y","ash; leaves and seeds","Y","Forest Resources","",NA,"Forest Resources","","",NA,NA,NA,NA,"","","","","","","","","","","Davidson 1995","","Kuhnlein and Turner 2020","Ames 29615","JDC/FN/2008/018/088","Fraxinus nigra Marshall","Iowa, United States","NC7",2008,"42.39750000, -94.07583333","Fraxinus","nigra","","","","","Fraxinus nigra"
"49","Fraxinus pennsylvanica","Fraxinus","Fraxinus pennsylvanica",NA,NA,"Ash",NA,"Y","N","Y","ash; inner bark","Y","Forest Resources","",NA,"Forest Resources","","",NA,NA,NA,NA,"","","","","","","","","","","Davidson 1995","","Kuhnlein and Turner 2020","Ames 29645","JDC/FP/2008/074/144","Fraxinus pennsylvanica Marshall","Illinois, United States","NC7",2008,"40.12583333, -89.38888889","Fraxinus","pennsylvanica","","","","","Fraxinus pennsylvanica"
"50","Fraxinus pennsylvanica","Fraxinus","Fraxinus pennsylvanica",NA,NA,"Ash",NA,"Y","N","Y","ash; inner bark","Y","Forest Resources","",NA,"Forest Resources","","",NA,NA,NA,NA,"","","","","","","","","","","Davidson 1995","","Kuhnlein and Turner 2020","Ames 31677","GA12001001","Fraxinus pennsylvanica Marshall","Minnesota, United States","NC7",2012,"46.73903330, -95.97883330","Fraxinus","pennsylvanica","","","","","Fraxinus pennsylvanica"
"51","Hedysarum boreale subsp. boreale","Hedysarum","Hedysarum boreale","subsp.","boreale","Sainfoin",NA,"Y","Y","Y","northern hedysarum","Y","Food","",NA,"Forage and Feed","","",NA,"2",2,NA,"","","","","","","","","","","Davidson 1995","","Kuhnlein and Turner 2020","W6 39081","UT931-129","Hedysarum boreale Nutt. subsp. boreale","Utah, United States","W6",2010,"40.20230000, -112.34358000","Hedysarum","boreale","","boreale","subsp.","boreale","Hedysarum boreale"
"52","Helianthus annuus","Helianthus","Helianthus annuus",NA,NA,"Sunflower",NA,"Y","Y","Y","sunflower; seeds","N","Food","",NA,"Oils","","",NA,"1A",1,"Primary","","","","Disease Resistance (B)","Pest Resistance (B)","Cytoplasmic Male Sterility (F)","Crop Quality (AG)","","","Early Maturity (P)","GRIN-Global 2021","GRIN-Global 2021","Kuhnlein and Turner 2020","PI 435592","ANN-782","Helianthus annuus L.","California, United States","NC7",1978,"34.39916667, -118.91722222","Helianthus","annuus","","","","","Helianthus annuus"
"53","Helianthus annuus","Helianthus","Helianthus annuus",NA,NA,"Sunflower",NA,"Y","Y","Y","sunflower; seeds","N","Food","",NA,"Oils","","",NA,"1A",1,"Primary","","","","Disease Resistance (B)","Pest Resistance (B)","Cytoplasmic Male Sterility (F)","Crop Quality (AG)","","","Early Maturity (P)","GRIN-Global 2021","GRIN-Global 2021","Kuhnlein and Turner 2020","PI 586825","ANN 2131","Helianthus annuus L.","Wyoming, United States","NC7",1991,"44.66666667, -105.75000000","Helianthus","annuus","","","","","Helianthus annuus"
"54","Helianthus annuus","Helianthus","Helianthus annuus",NA,NA,"Sunflower",NA,"Y","Y","Y","sunflower; seeds","N","Food","",NA,"Oils","","",NA,"1A",1,"Primary","","","","Disease Resistance (B)","Pest Resistance (B)","Cytoplasmic Male Sterility (F)","Crop Quality (AG)","","","Early Maturity (P)","GRIN-Global 2021","GRIN-Global 2021","Kuhnlein and Turner 2020","PI 435575","ANN-756","Helianthus annuus L.","Utah, United States","NC7",1978,"39.51916667, -112.37500000","Helianthus","annuus","","","","","Helianthus annuus"
"55","Helianthus annuus","Helianthus","Helianthus annuus",NA,NA,"Sunflower",NA,"Y","Y","Y","sunflower; seeds","N","Food","",NA,"Oils","","",NA,"1A",1,"Primary","","","","Disease Resistance (B)","Pest Resistance (B)","Cytoplasmic Male Sterility (F)","Crop Quality (AG)","","","Early Maturity (P)","GRIN-Global 2021","GRIN-Global 2021","Kuhnlein and Turner 2020","PI 435492","ANN-545","Helianthus annuus L.","New Mexico, United States","NC7",1978,"35.00666667, -105.92055556","Helianthus","annuus","","","","","Helianthus annuus"
"56","Helianthus annuus","Helianthus","Helianthus annuus",NA,NA,"Sunflower",NA,"Y","Y","Y","sunflower; seeds","N","Food","",NA,"Oils","","",NA,"1A",1,"Primary","","","","Disease Resistance (B)","Pest Resistance (B)","Cytoplasmic Male Sterility (F)","Crop Quality (AG)","","","Early Maturity (P)","GRIN-Global 2021","GRIN-Global 2021","Kuhnlein and Turner 2020","PI 413138","A-1587","Helianthus annuus L.","California, United States","NC7",1974,"38.67861110, -121.77222222","Helianthus","annuus","","","","","Helianthus annuus"
"57","Helianthus annuus","Helianthus","Helianthus annuus",NA,NA,"Sunflower",NA,"Y","Y","Y","sunflower; seeds","N","Food","",NA,"Oils","","",NA,"1A",1,"Primary","","","","Disease Resistance (B)","Pest Resistance (B)","Cytoplasmic Male Sterility (F)","Crop Quality (AG)","","","Early Maturity (P)","GRIN-Global 2021","GRIN-Global 2021","Kuhnlein and Turner 2020","PI 695698","DB_1854","Helianthus annuus L.","Colorado, United States","NC7",2015,"40.48679000, -105.09619000","Helianthus","annuus","","","","","Helianthus annuus"
"58","Helianthus annuus","Helianthus","Helianthus annuus",NA,NA,"Sunflower",NA,"Y","Y","Y","sunflower; seeds","N","Food","",NA,"Oils","","",NA,"1A",1,"Primary","","","","Disease Resistance (B)","Pest Resistance (B)","Cytoplasmic Male Sterility (F)","Crop Quality (AG)","","","Early Maturity (P)","GRIN-Global 2021","GRIN-Global 2021","Kuhnlein and Turner 2020","PI 468499","ANN-1291","Helianthus annuus L.","Texas, United States","NC7",1981,"29.64833333, -95.03222222","Helianthus","annuus","","","","","Helianthus annuus"
"59","Helianthus annuus","Helianthus","Helianthus annuus",NA,NA,"Sunflower",NA,"Y","Y","Y","sunflower; seeds","N","Food","",NA,"Oils","","",NA,"1A",1,"Primary","","","","Disease Resistance (B)","Pest Resistance (B)","Cytoplasmic Male Sterility (F)","Crop Quality (AG)","","","Early Maturity (P)","GRIN-Global 2021","GRIN-Global 2021","Kuhnlein and Turner 2020","PI 413158","A-1607","Helianthus annuus L.","New Mexico, United States","NC7",1974,"32.18722222, -108.33333333","Helianthus","annuus","","","","","Helianthus annuus"
"60","Helianthus annuus","Helianthus","Helianthus annuus",NA,NA,"Sunflower",NA,"Y","Y","Y","sunflower; seeds","N","Food","",NA,"Oils","","",NA,"1A",1,"Primary","","","","Disease Resistance (B)","Pest Resistance (B)","Cytoplasmic Male Sterility (F)","Crop Quality (AG)","","","Early Maturity (P)","GRIN-Global 2021","GRIN-Global 2021","Kuhnlein and Turner 2020","PI 695715","DB_1871","Helianthus annuus L.","Oklahoma, United States","NC7",2015,"36.80874000, -98.22242000","Helianthus","annuus","","","","","Helianthus annuus"
"61","Helianthus annuus","Helianthus","Helianthus annuus",NA,NA,"Sunflower",NA,"Y","Y","Y","sunflower; seeds","N","Food","",NA,"Oils","","",NA,"1A",1,"Primary","","","","Disease Resistance (B)","Pest Resistance (B)","Cytoplasmic Male Sterility (F)","Crop Quality (AG)","","","Early Maturity (P)","GRIN-Global 2021","GRIN-Global 2021","Kuhnlein and Turner 2020","PI 468516","ANN-1320","Helianthus annuus L.","Texas, United States","NC7",1981,"27.88333333, -97.16361111","Helianthus","annuus","","","","","Helianthus annuus"
"62","Helianthus annuus","Helianthus","Helianthus annuus",NA,NA,"Sunflower",NA,"Y","Y","Y","sunflower; seeds","N","Food","",NA,"Oils","","",NA,"1A",1,"Primary","","","","Disease Resistance (B)","Pest Resistance (B)","Cytoplasmic Male Sterility (F)","Crop Quality (AG)","","","Early Maturity (P)","GRIN-Global 2021","GRIN-Global 2021","Kuhnlein and Turner 2020","PI 468599","ANN-1464","Helianthus annuus L.","Nevada, United States","NC7",1981,"38.95083333, -118.81027778","Helianthus","annuus","","","","","Helianthus annuus"
"63","Helianthus annuus","Helianthus","Helianthus annuus",NA,NA,"Sunflower",NA,"Y","Y","Y","sunflower; seeds","N","Food","",NA,"Oils","","",NA,"1A",1,"Primary","","","","Disease Resistance (B)","Pest Resistance (B)","Cytoplasmic Male Sterility (F)","Crop Quality (AG)","","","Early Maturity (P)","GRIN-Global 2021","GRIN-Global 2021","Kuhnlein and Turner 2020","PI 413075","A-1524","Helianthus annuus L.","California, United States","NC7",1974,"37.79750000, -120.99555556","Helianthus","annuus","","","","","Helianthus annuus"
"64","Helianthus annuus","Helianthus","Helianthus annuus",NA,NA,"Sunflower",NA,"Y","Y","Y","sunflower; seeds","N","Food","",NA,"Oils","","",NA,"1A",1,"Primary","","","","Disease Resistance (B)","Pest Resistance (B)","Cytoplasmic Male Sterility (F)","Crop Quality (AG)","","","Early Maturity (P)","GRIN-Global 2021","GRIN-Global 2021","Kuhnlein and Turner 2020","PI 435841","PET-800","Helianthus annuus L.","Arizona, United States","NC7",1978,"35.81250000, -110.19444444","Helianthus","annuus","","","","","Helianthus annuus"
"65","Helianthus annuus","Helianthus","Helianthus annuus",NA,NA,"Sunflower",NA,"Y","Y","Y","sunflower; seeds","N","Food","",NA,"Oils","","",NA,"1A",1,"Primary","","","","Disease Resistance (B)","Pest Resistance (B)","Cytoplasmic Male Sterility (F)","Crop Quality (AG)","","","Early Maturity (P)","GRIN-Global 2021","GRIN-Global 2021","Kuhnlein and Turner 2020","PI 531035","2006","Helianthus annuus L.","Montana, United States","NC7",1987,"46.60000000, -108.53333333","Helianthus","annuus","","","","","Helianthus annuus"
"66","Helianthus annuus","Helianthus","Helianthus annuus",NA,NA,"Sunflower",NA,"Y","Y","Y","sunflower; seeds","N","Food","",NA,"Oils","","",NA,"1A",1,"Primary","","","","Disease Resistance (B)","Pest Resistance (B)","Cytoplasmic Male Sterility (F)","Crop Quality (AG)","","","Early Maturity (P)","GRIN-Global 2021","GRIN-Global 2021","Kuhnlein and Turner 2020","PI 435406","ANN-335","Helianthus annuus L.","Oklahoma, United States","NC7",1978,"36.86666667, -100.86666667","Helianthus","annuus","","","","","Helianthus annuus"
"67","Helianthus annuus","Helianthus","Helianthus annuus",NA,NA,"Sunflower",NA,"Y","Y","Y","sunflower; seeds","N","Food","",NA,"Oils","","",NA,"1A",1,"Primary","","","","Disease Resistance (B)","Pest Resistance (B)","Cytoplasmic Male Sterility (F)","Crop Quality (AG)","","","Early Maturity (P)","GRIN-Global 2021","GRIN-Global 2021","Kuhnlein and Turner 2020","PI 435426","ANN-401","Helianthus annuus L.","Texas, United States","NC7",1978,"28.29750000, -96.93861111","Helianthus","annuus","","","","","Helianthus annuus"
"68","Helianthus annuus","Helianthus","Helianthus annuus",NA,NA,"Sunflower",NA,"Y","Y","Y","sunflower; seeds","N","Food","",NA,"Oils","","",NA,"1A",1,"Primary","","","","Disease Resistance (B)","Pest Resistance (B)","Cytoplasmic Male Sterility (F)","Crop Quality (AG)","","","Early Maturity (P)","GRIN-Global 2021","GRIN-Global 2021","Kuhnlein and Turner 2020","Ames 32514","HEAN3-SOS-PSSL-280-10","Helianthus annuus L.","Utah, United States","NC7",2011,"","Helianthus","annuus","","","","","Helianthus annuus"
"69","Helianthus annuus","Helianthus","Helianthus annuus",NA,NA,"Sunflower",NA,"Y","Y","Y","sunflower; seeds","N","Food","",NA,"Oils","","",NA,"1A",1,"Primary","","","","Disease Resistance (B)","Pest Resistance (B)","Cytoplasmic Male Sterility (F)","Crop Quality (AG)","","","Early Maturity (P)","GRIN-Global 2021","GRIN-Global 2021","Kuhnlein and Turner 2020","PI 649793","Ames 4113","Helianthus annuus L.","United States","NC7",1985,"","Helianthus","annuus","","","","","Helianthus annuus"
"70","Helianthus annuus","Helianthus","Helianthus annuus",NA,NA,"Sunflower",NA,"Y","Y","Y","sunflower; seeds","N","Food","",NA,"Oils","","",NA,"1A",1,"Primary","","","","Disease Resistance (B)","Pest Resistance (B)","Cytoplasmic Male Sterility (F)","Crop Quality (AG)","","","Early Maturity (P)","GRIN-Global 2021","GRIN-Global 2021","Kuhnlein and Turner 2020","PI 413055","A-1504","Helianthus annuus L.","California, United States","NC7",1974,"35.00222222, -117.64750000","Helianthus","annuus","","","","","Helianthus annuus"
"71","Helianthus annuus","Helianthus","Helianthus annuus",NA,NA,"Sunflower",NA,"Y","Y","Y","sunflower; seeds","N","Food","",NA,"Oils","","",NA,"1A",1,"Primary","","","","Disease Resistance (B)","Pest Resistance (B)","Cytoplasmic Male Sterility (F)","Crop Quality (AG)","","","Early Maturity (P)","GRIN-Global 2021","GRIN-Global 2021","Kuhnlein and Turner 2020","PI 613752","ANN-648","Helianthus annuus L.","Tennessee, United States","NC7",1986,"35.96055556, -83.92083333","Helianthus","annuus","","","","","Helianthus annuus"
"72","Helianthus annuus","Helianthus","Helianthus annuus",NA,NA,"Sunflower",NA,"Y","Y","Y","sunflower; seeds","N","Food","",NA,"Oils","","",NA,"1A",1,"Primary","","","","Disease Resistance (B)","Pest Resistance (B)","Cytoplasmic Male Sterility (F)","Crop Quality (AG)","","","Early Maturity (P)","GRIN-Global 2021","GRIN-Global 2021","Kuhnlein and Turner 2020","PI 468582","ANN-1439","Helianthus annuus L.","California, United States","NC7",1981,"33.78250000, -117.22777778","Helianthus","annuus","","","","","Helianthus annuus"
"73","Helianthus annuus","Helianthus","Helianthus annuus",NA,NA,"Sunflower",NA,"Y","Y","Y","sunflower; seeds","N","Food","",NA,"Oils","","",NA,"1A",1,"Primary","","","","Disease Resistance (B)","Pest Resistance (B)","Cytoplasmic Male Sterility (F)","Crop Quality (AG)","","","Early Maturity (P)","GRIN-Global 2021","GRIN-Global 2021","Kuhnlein and Turner 2020","PI 435409","ANN-340","Helianthus annuus L.","Texas, United States","NC7",1978,"34.25638889, -99.51638889","Helianthus","annuus","","","","","Helianthus annuus"
"74","Helianthus annuus","Helianthus","Helianthus annuus",NA,NA,"Sunflower",NA,"Y","Y","Y","sunflower; seeds","N","Food","",NA,"Oils","","",NA,"1A",1,"Primary","","","","Disease Resistance (B)","Pest Resistance (B)","Cytoplasmic Male Sterility (F)","Crop Quality (AG)","","","Early Maturity (P)","GRIN-Global 2021","GRIN-Global 2021","Kuhnlein and Turner 2020","PI 413072","A-1521","Helianthus annuus L.","California, United States","NC7",1974,"38.55833333, -121.67444444","Helianthus","annuus","","","","","Helianthus annuus"
"75","Helianthus annuus","Helianthus","Helianthus annuus",NA,NA,"Sunflower",NA,"Y","Y","Y","sunflower; seeds","N","Food","",NA,"Oils","","",NA,"1A",1,"Primary","","","","Disease Resistance (B)","Pest Resistance (B)","Cytoplasmic Male Sterility (F)","Crop Quality (AG)","","","Early Maturity (P)","GRIN-Global 2021","GRIN-Global 2021","Kuhnlein and Turner 2020","PI 613736","ANN-1016","Helianthus annuus L.","California, United States","NC7",1986,"35.37333333, -119.01777778","Helianthus","annuus","","","","","Helianthus annuus"
"76","Helianthus decapetalus","Helianthus","Helianthus decapetalus",NA,NA,"Sunflower",NA,"Y","Y","N","","Y","Food","",NA,"Oils","","",NA,"1C",1,"Tertiary","","","","Disease Resistance (B)","Pest Resistance (B)","Cytoplasmic Male Sterility (F)","","","","","GRIN-Global 2021","GRIN-Global 2021","","PI 649969","Ames 7721","Helianthus decapetalus L.","Pennsylvania, United States","NC7",1987,"41.48333333, -76.60000000","Helianthus","decapetalus","","","","","Helianthus decapetalus"
"77","Helianthus divaricatus","Helianthus","Helianthus divaricatus",NA,NA,"Sunflower","Jerusalem-Artichoke","Y","Y","N","","Y","Food","","Food","Oils","","","Vegetables","1C",1,"Tertiary","","","","Disease Resistance (B)","Pest Resistance (B)","Cytoplasmic Male Sterility (F)","Growth Habit (AG)","","","","GRIN-Global 2021","GRIN-Global 2021","","PI 435675","DIV-830","Helianthus divaricatus L.","Oklahoma, United States","NC7",1978,"34.96666667, -94.71666667","Helianthus","divaricatus","","","","","Helianthus divaricatus"
"78","Helianthus giganteus","Helianthus","Helianthus giganteus",NA,NA,"Sunflower",NA,"Y","Y","Y","sunflower; seeds","Y","Food","",NA,"Oils","","",NA,"1C",1,"Tertiary","","","","Disease Resistance (B)","Pest Resistance (B)","Cytoplasmic Male Sterility (F)","Crop Quality (AG)","Growth Habit (AG)","","Early Maturity (P)","GRIN-Global 2021","GRIN-Global 2021","Kuhnlein and Turner 2020","PI 547179","GIG-2017","Helianthus giganteus L.","Wisconsin, United States","NC7",1989,"44.06666667, -88.98333333","Helianthus","giganteus","","","","","Helianthus giganteus"
"79","Helianthus giganteus","Helianthus","Helianthus giganteus",NA,NA,"Sunflower",NA,"Y","Y","Y","sunflower; seeds","Y","Food","",NA,"Oils","","",NA,"1C",1,"Tertiary","","","","Disease Resistance (B)","Pest Resistance (B)","Cytoplasmic Male Sterility (F)","Crop Quality (AG)","Growth Habit (AG)","","Early Maturity (P)","GRIN-Global 2021","GRIN-Global 2021","Kuhnlein and Turner 2020","PI 547182","GIG-2021","Helianthus giganteus L.","Wisconsin, United States","NC7",1989,"43.73333333, -88.81666667","Helianthus","giganteus","","","","","Helianthus giganteus"
"80","Helianthus pauciflorus subsp. subrhomboideus","Helianthus","Helianthus pauciflorus","subsp.","subrhomboideus","Sunflower",NA,"Y","Y","N","","Y","Food","",NA,"Oils","","",NA,"1C",1,"Tertiary","","","","","","Cytoplasmic Male Sterility (F)","","","","","GRIN-Global 2021","GRIN-Global 2021","","PI 586909","PAU 2099","Helianthus pauciflorus Nutt. subsp. subrhomboideus (Rydb.) O. Spring & E. E. Schill.","North Dakota, United States","NC7",1991,"47.43333333, -98.11666667","Helianthus","pauciflorus","","subrhomboideus","subsp.","subrhomboideus","Helianthus pauciflorus"
"81","Helianthus petiolaris","Helianthus","Helianthus petiolaris",NA,NA,"Sunflower",NA,"N","Y","N","","Y","Food","",NA,"Oils","","",NA,"1B",1,"Secondary","","","","Disease Resistance (B)","Pest Resistance (B)","Cytoplasmic Male Sterility (F)","Crop Quality (AG)","","","","GRIN-Global 2021","GRIN-Global 2021","","PI 413175","13","Helianthus petiolaris Nutt.","Nebraska, United States","NC7",1974,"","Helianthus","petiolaris","","","","","Helianthus petiolaris"
"82","Helianthus petiolaris subsp. petiolaris","Helianthus","Helianthus petiolaris","subsp.","petiolaris","Sunflower",NA,"Y","Y","N","","Y","Food","",NA,"Oils","","",NA,"1B",1,"Secondary","","","","Disease Resistance (B)","","","","","","","GRIN-Global 2021","GRIN-Global 2021","","PI 531055","1982","Helianthus petiolaris Nutt. subsp. petiolaris","Montana, United States","NC7",1987,"47.46666667, -114.85000000","Helianthus","petiolaris","","petiolaris","subsp.","petiolaris","Helianthus petiolaris"
"83","Helianthus petiolaris subsp. petiolaris","Helianthus","Helianthus petiolaris","subsp.","petiolaris","Sunflower",NA,"Y","Y","N","","Y","Food","",NA,"Oils","","",NA,"1B",1,"Secondary","","","","Disease Resistance (B)","","","","","","","GRIN-Global 2021","GRIN-Global 2021","","PI 695712","DB_1868","Helianthus petiolaris Nutt. subsp. petiolaris","Oklahoma, United States","NC7",2015,"36.56341000, -98.88941000","Helianthus","petiolaris","","petiolaris","subsp.","petiolaris","Helianthus petiolaris"
"84","Helianthus petiolaris subsp. petiolaris","Helianthus","Helianthus petiolaris","subsp.","petiolaris","Sunflower",NA,"Y","Y","N","","Y","Food","",NA,"Oils","","",NA,"1B",1,"Secondary","","","","Disease Resistance (B)","","","","","","","GRIN-Global 2021","GRIN-Global 2021","","PI 435827","PET-555","Helianthus petiolaris Nutt. subsp. petiolaris","Texas, United States","NC7",1978,"34.25500000, -99.52000000","Helianthus","petiolaris","","petiolaris","subsp.","petiolaris","Helianthus petiolaris"
"85","Helianthus tuberosus","Helianthus","Helianthus tuberosus",NA,NA,"Jerusalem-Artichoke","Sunflower","Y","Y","Y","jerusalem artichoke; tubers","Y","Food","","Food","Vegetables","","","Oils","1C",1,"Tertiary","","Drought Resistance (AB)","","Disease Resistance (B)","Pest Resistance (B)","Cytoplasmic Male Sterility (F)","Crop Quality (AG)","Growth Habit (AG)","","","GRIN-Global 2021","GRIN-Global 2021","Kuhnlein and Turner 2020","PI 650096","TVB-50","Helianthus tuberosus L.","South Dakota, United States","NC7",1983,"42.91666667, -96.95000000","Helianthus","tuberosus","","","","","Helianthus tuberosus"
"86","Holodiscus discolor","Holodiscus","Holodiscus discolor",NA,NA,"Oceanspray",NA,"N","N","Y","","Y","Cultural","",NA,"Medicinals","","",NA,NA,NA,NA,"","","","","","","","","","","Kuhnlein and Turner 2020","","Kuhnlein and Turner 2020","Ames 31349","HODI-SOS-CA110-295-10","Holodiscus discolor (Pursh) Maxim.","Oregon, United States","NC7",2011,"42.26841667, -122.49052780","Holodiscus","discolor","","","","","Holodiscus discolor"
"87","Hordeum pusillum","Hordeum","Hordeum pusillum",NA,NA,"Barley",NA,"Y","Y","N","","N","Food","",NA,"Cereals and pseudocereals","","",NA,"1C",1,"Tertiary","","","","","","","","","","","GRIN-Global 2021","GRIN-Global 2021","","CIho 15663","W 511","Hordeum pusillum Nutt.","Kentucky, United States","NSGC",1975,"38.03333333, -84.46666667","Hordeum","pusillum","","","","","Hordeum pusillum"
"88","Leymus cinereus","Leymus","Leymus cinereus",NA,NA,"Wheat",NA,"Y","Y","Y","wild rye grass; grains","Y","Food","",NA,"Cereals and pseudocereals","","",NA,"1C",1,"Tertiary","","","","","","","","","","","GRIN-Global 2021","GRIN-Global 2021","Kuhnlein and Turner 2020","PI 537335","A-32","Leymus cinereus (Scribn. & Merr.) √Å. L√∂ve","Utah, United States","W6",1989,"","Leymus","cinereus","","","","","Leymus cinereus"
"89","Leymus cinereus","Leymus","Leymus cinereus",NA,NA,"Wheat",NA,"Y","Y","Y","wild rye grass; grains","Y","Food","",NA,"Cereals and pseudocereals","","",NA,"1C",1,"Tertiary","","","","","","","","","","","GRIN-Global 2021","GRIN-Global 2021","Kuhnlein and Turner 2020","PI 537355","T-44","Leymus cinereus (Scribn. & Merr.) √Å. L√∂ve","Nevada, United States","W6",1989,"","Leymus","cinereus","","","","","Leymus cinereus"
"90","Leymus cinereus","Leymus","Leymus cinereus",NA,NA,"Wheat",NA,"Y","Y","Y","wild rye grass; grains","Y","Food","",NA,"Cereals and pseudocereals","","",NA,"1C",1,"Tertiary","","","","","","","","","","","GRIN-Global 2021","GRIN-Global 2021","Kuhnlein and Turner 2020","PI 564562","Acc:681","Leymus cinereus (Scribn. & Merr.) √Å. L√∂ve","Nevada, United States","W6",1992,"","Leymus","cinereus","","","","","Leymus cinereus"
"91","Leymus cinereus","Leymus","Leymus cinereus",NA,NA,"Wheat",NA,"Y","Y","Y","wild rye grass; grains","Y","Food","",NA,"Cereals and pseudocereals","","",NA,"1C",1,"Tertiary","","","","","","","","","","","GRIN-Global 2021","GRIN-Global 2021","Kuhnlein and Turner 2020","PI 639842","T-1089","Leymus cinereus (Scribn. & Merr.) √Å. L√∂ve","Washington, United States","W6",2000,"47.47527778, -120.36500000","Leymus","cinereus","","","","","Leymus cinereus"
"92","Leymus cinereus","Leymus","Leymus cinereus",NA,NA,"Wheat",NA,"Y","Y","Y","wild rye grass; grains","Y","Food","",NA,"Cereals and pseudocereals","","",NA,"1C",1,"Tertiary","","","","","","","","","","","GRIN-Global 2021","GRIN-Global 2021","Kuhnlein and Turner 2020","PI 619508","T-998","Leymus cinereus (Scribn. & Merr.) √Å. L√∂ve","Washington, United States","W6",1998,"46.48333333, -119.01666667","Leymus","cinereus","","","","","Leymus cinereus"
"93","Leymus cinereus","Leymus","Leymus cinereus",NA,NA,"Wheat",NA,"Y","Y","Y","wild rye grass; grains","Y","Food","",NA,"Cereals and pseudocereals","","",NA,"1C",1,"Tertiary","","","","","","","","","","","GRIN-Global 2021","GRIN-Global 2021","Kuhnlein and Turner 2020","PI 537338","A-47","Leymus cinereus (Scribn. & Merr.) √Å. L√∂ve","Wyoming, United States","W6",1989,"","Leymus","cinereus","","","","","Leymus cinereus"
"94","Leymus cinereus","Leymus","Leymus cinereus",NA,NA,"Wheat",NA,"Y","Y","Y","wild rye grass; grains","Y","Food","",NA,"Cereals and pseudocereals","","",NA,"1C",1,"Tertiary","","","","","","","","","","","GRIN-Global 2021","GRIN-Global 2021","Kuhnlein and Turner 2020","W6 47707","CA370-166","Leymus cinereus (Scribn. & Merr.) √Å. L√∂ve","Nevada, United States","W6",2014,"41.36678000, -119.89910000","Leymus","cinereus","","","","","Leymus cinereus"
"95","Leymus cinereus","Leymus","Leymus cinereus",NA,NA,"Wheat",NA,"Y","Y","Y","wild rye grass; grains","Y","Food","",NA,"Cereals and pseudocereals","","",NA,"1C",1,"Tertiary","","","","","","","","","","","GRIN-Global 2021","GRIN-Global 2021","Kuhnlein and Turner 2020","W6 49256","CA350-36","Leymus cinereus (Scribn. & Merr.) √Å. L√∂ve","United States","W6",2015,"40.59068000, -119.92237000","Leymus","cinereus","","","","","Leymus cinereus"
"96","Leymus cinereus","Leymus","Leymus cinereus",NA,NA,"Wheat",NA,"Y","Y","Y","wild rye grass; grains","Y","Food","",NA,"Cereals and pseudocereals","","",NA,"1C",1,"Tertiary","","","","","","","","","","","GRIN-Global 2021","GRIN-Global 2021","Kuhnlein and Turner 2020","PI 232254","","Leymus cinereus (Scribn. & Merr.) √Å. L√∂ve","Washington, United States","W6",1955,"","Leymus","cinereus","","","","","Leymus cinereus"
"97","Leymus cinereus","Leymus","Leymus cinereus",NA,NA,"Wheat",NA,"Y","Y","Y","wild rye grass; grains","Y","Food","",NA,"Cereals and pseudocereals","","",NA,"1C",1,"Tertiary","","","","","","","","","","","GRIN-Global 2021","GRIN-Global 2021","Kuhnlein and Turner 2020","W6 40214","CA370-114","Leymus cinereus (Scribn. & Merr.) √Å. L√∂ve","Nevada, United States","W6",2011,"41.34883667, -119.36050610","Leymus","cinereus","","","","","Leymus cinereus"
"98","Linum lewisii","Linum","Linum lewisii",NA,NA,"Flax",NA,"N","Y","N","","Y","Materials","",NA,"Materials","","",NA,"1C",1,"Tertiary","","","","","","","","","","","GRIN-Global 2021","GRIN-Global 2021","","Ames 27614","'Maple Grove'","Linum lewisii Pursh","Utah, United States","NC7",2004,"","Linum","lewisii","","","","","Linum lewisii"
"99","Linum lewisii","Linum","Linum lewisii",NA,NA,"Flax",NA,"N","Y","N","","Y","Materials","",NA,"Materials","","",NA,"1C",1,"Tertiary","","","","","","","","","","","GRIN-Global 2021","GRIN-Global 2021","","Ames 31372","LILE3-SOS-Y090-18-10","Linum lewisii Pursh","United States","NC7",2011,"","Linum","lewisii","","","","","Linum lewisii"
"100","Lomatium macrocarpum","Lomatium","Lomatium macrocarpum",NA,NA,"Biscuitroot",NA,"Y","N","Y","roots","Y","Food","",NA,"Vegetables","","",NA,NA,NA,NA,"","","","","","","","","","","Kuhnlein and Turner 2020","","Kuhnlein and Turner 2020","W6 40506","OR014-43","Lomatium macrocarpum (Nutt. ex Torr. & A. Gray) J. M. Coult. & Rose","Oregon, United States","W6",2011,"42.10580556, -121.35158330","Lomatium","macrocarpum","","","","","Lomatium macrocarpum"
"101","Lomatium nudicaule","Lomatium","Lomatium nudicaule",NA,NA,"Biscuitroot",NA,"Y","N","Y","roots","Y","Food","",NA,"Vegetables","","",NA,NA,NA,NA,"","","","","","","","","","","Kuhnlein and Turner 2020","","Kuhnlein and Turner 2020","W6 43835","RMRS-1341","Lomatium nudicaule (Pursh) J. M. Coult. & Rose","Idaho, United States","W6",2012,"43.54626000, -115.80215000","Lomatium","nudicaule","","","","","Lomatium nudicaule"
"102","Lomatium triternatum","Lomatium","Lomatium triternatum",NA,NA,"Biscuitroot",NA,"Y","N","Y","roots","Y","Food","",NA,"Vegetables","","",NA,NA,NA,NA,"","","","","","","","","","","Kuhnlein and Turner 2020","","Kuhnlein and Turner 2020","W6 40806","OR020-124","Lomatium triternatum (Pursh) J. M. Coult. & Rose","Oregon, United States","W6",2011,"42.70000000, -118.93333330","Lomatium","triternatum","","","","","Lomatium triternatum"
"103","Magnolia acuminata","Magnolia","Magnolia acuminata",NA,NA,"Magnolia",NA,"Y","N","N","","Y","Cultural","",NA,"Ornamentals","","",NA,NA,NA,NA,"Graftstock","","","","","","Ornamental Features (AG)","","","","GRIN-Global 2021","GRIN-Global 2021","","Ames 34947","JDC/MA/2019/030/909","Magnolia acuminata (L.) L.","West Virginia, United States","NC7",2019,"38.95962000, -79.23319600","Magnolia","acuminata","","","","","Magnolia acuminata"
"104","Monarda fistulosa","Monarda","Monarda fistulosa",NA,NA,"Monarda",NA,"N","N","Y","leaves, tea","Y","Cultural","",NA,"Medicinals","Ornamentals","",NA,NA,NA,NA,"","","","","","","","","","","Davidson 1995","","Kuhnlein and Turner 2020","PI 561066","8","Monarda fistulosa L.","Kansas, United States","NC7",1985,"38.87968700, -94.89339000","Monarda","fistulosa","","","","","Monarda fistulosa"
"105","Panicum virgatum","Panicum","Panicum virgatum",NA,NA,"Proso millet",NA,"Y","Y","N","","Y","Food","",NA,"Forage and Feed","Restoration","",NA,"2",2,NA,"","","","","","","","","","","GRIN-Global 2021","","","PI 659344","9086101","Panicum virgatum L.","New York, United States","S9",2009,"40.62472222, -74.17888889","Panicum","virgatum","","","","","Panicum virgatum"
"106","Panicum virgatum","Panicum","Panicum virgatum",NA,NA,"Proso millet",NA,"Y","Y","N","","Y","Food","",NA,"Forage and Feed","Restoration","",NA,"2",2,NA,"","","","","","","","","","","GRIN-Global 2021","","","PI 642395","9084512","Panicum virgatum L.","Michigan, United States","S9",2004,"42.65143200, -84.61173500","Panicum","virgatum","","","","","Panicum virgatum"
"107","Panicum virgatum","Panicum","Panicum virgatum",NA,NA,"Proso millet",NA,"Y","Y","N","","Y","Food","",NA,"Forage and Feed","Restoration","",NA,"2",2,NA,"","","","","","","","","","","GRIN-Global 2021","","","Grif 16845","9086053","Panicum virgatum L.","Massachusetts, United States","S9",2009,"42.67666667, -70.75944444","Panicum","virgatum","","","","","Panicum virgatum"
"108","Panicum virgatum","Panicum","Panicum virgatum",NA,NA,"Proso millet",NA,"Y","Y","N","","Y","Food","",NA,"Forage and Feed","Restoration","",NA,"2",2,NA,"","","","","","","","","","","GRIN-Global 2021","","","PI 666211","2009FL-007","Panicum virgatum L.","Florida, United States","S9",2009,"29.09500000, -80.97083333","Panicum","virgatum","","","","","Panicum virgatum"
"109","Panicum virgatum","Panicum","Panicum virgatum",NA,NA,"Proso millet",NA,"Y","Y","N","","Y","Food","",NA,"Forage and Feed","Restoration","",NA,"2",2,NA,"","","","","","","","","","","GRIN-Global 2021","","","PI 674683","9106193","Panicum virgatum L.","New York, United States","S9",2009,"42.36638889, -77.69055556","Panicum","virgatum","","","","","Panicum virgatum"
"110","Panicum virgatum","Panicum","Panicum virgatum",NA,NA,"Proso millet",NA,"Y","Y","N","","Y","Food","",NA,"Forage and Feed","Restoration","",NA,"2",2,NA,"","","","","","","","","","","GRIN-Global 2021","","","PI 674681","9106189","Panicum virgatum L.","New York, United States","S9",2009,"42.37750000, 77.37555556","Panicum","virgatum","","","","","Panicum virgatum"
"111","Panicum virgatum","Panicum","Panicum virgatum",NA,NA,"Proso millet",NA,"Y","Y","N","","Y","Food","",NA,"Forage and Feed","Restoration","",NA,"2",2,NA,"","","","","","","","","","","GRIN-Global 2021","","","PI 674670","9086098","Panicum virgatum L.","New Jersey, United States","S9",2009,"40.80073500, -74.07460900","Panicum","virgatum","","","","","Panicum virgatum"
"112","Panicum virgatum","Panicum","Panicum virgatum",NA,NA,"Proso millet",NA,"Y","Y","N","","Y","Food","",NA,"Forage and Feed","Restoration","",NA,"2",2,NA,"","","","","","","","","","","GRIN-Global 2021","","","PI 666217","2009FL-027","Panicum virgatum L.","Florida, United States","S9",2009,"30.05361111, -84.38833333","Panicum","virgatum","","","","","Panicum virgatum"
"113","Poa pratensis","Poa","Poa pratensis",NA,NA,"Bluegrass",NA,"N","Y","N","","Y","Food","",NA,"Forage and Feed","","",NA,"2",2,NA,"","","","","","","","","","","Davidson 1995","","","PI 371762","PN-617","Poa pratensis L.","Alaska, United States","W6",1972,"","Poa","pratensis","","","","","Poa pratensis"
"114","Poa pratensis","Poa","Poa pratensis",NA,NA,"Bluegrass",NA,"N","Y","N","","Y","Food","",NA,"Forage and Feed","","",NA,"2",2,NA,"","","","","","","","","","","Davidson 1995","","","PI 349178","61-90","Poa pratensis L.","Alaska, United States","W6",1969,"","Poa","pratensis","","","","","Poa pratensis"
"115","Poa pratensis","Poa","Poa pratensis",NA,NA,"Bluegrass",NA,"N","Y","N","","Y","Food","",NA,"Forage and Feed","","",NA,"2",2,NA,"","","","","","","","","","","Davidson 1995","","","PI 349215","1998","Poa pratensis L.","Alaska, United States","W6",1969,"","Poa","pratensis","","","","","Poa pratensis"
"116","Poa pratensis","Poa","Poa pratensis",NA,NA,"Bluegrass",NA,"N","Y","N","","Y","Food","",NA,"Forage and Feed","","",NA,"2",2,NA,"","","","","","","","","","","Davidson 1995","","","PI 372737","S-102","Poa pratensis L.","Alaska, United States","W6",1972,"","Poa","pratensis","","","","","Poa pratensis"
"117","Poa secunda","Poa","Poa secunda",NA,NA,"Bluegrass",NA,"N","Y","N","","Y","Food","",NA,"Forage and Feed","","",NA,"2",2,NA,"","","","","","","","","","","Davidson 1995","","","PI 687754","3313","Poa secunda J. Presl","California, United States","W6",2018,"40.76710000, -120.73220000","Poa","secunda","","","","","Poa secunda"
"118","Poa secunda","Poa","Poa secunda",NA,NA,"Bluegrass",NA,"N","Y","N","","Y","Food","",NA,"Forage and Feed","","",NA,"2",2,NA,"","","","","","","","","","","Davidson 1995","","","PI 687770","5734","Poa secunda J. Presl","Nevada, United States","W6",2018,"41.15474000, -114.96503000","Poa","secunda","","","","","Poa secunda"
"119","Poa secunda","Poa","Poa secunda",NA,NA,"Bluegrass",NA,"N","Y","N","","Y","Food","",NA,"Forage and Feed","","",NA,"2",2,NA,"","","","","","","","","","","Davidson 1995","","","W6 56019","OR010-377","Poa secunda J. Presl","Oregon, United States","W6",2019,"42.67427000, -120.08911000","Poa","secunda","","","","","Poa secunda"
"120","Poa secunda","Poa","Poa secunda",NA,NA,"Bluegrass",NA,"N","Y","N","","Y","Food","",NA,"Forage and Feed","","",NA,"2",2,NA,"","","","","","","","","","","Davidson 1995","","","W6 44449","OR010-134","Poa secunda J. Presl","Oregon, United States","W6",2012,"41.88175000, -113.92168000","Poa","secunda","","","","","Poa secunda"
"121","Prunella vulgaris","Prunella","Prunella vulgaris",NA,NA,"Heal-All",NA,"Y","N","Y","flowers and leaves as tea","Y","Cultural","",NA,"Medicinals","","",NA,NA,NA,NA,"","","","","","","","","","","GRIN-Global 2021","","Kuhnlein and Turner 2020","PI 664881","6","Prunella vulgaris L.","Iowa, United States","NC7",2006,"41.99388889, -93.88444444","Prunella","vulgaris","","","","","Prunella vulgaris"
"122","Prunella vulgaris","Prunella","Prunella vulgaris",NA,NA,"Heal-All",NA,"Y","N","Y","flowers and leaves as tea","Y","Cultural","",NA,"Medicinals","","",NA,NA,NA,NA,"","","","","","","","","","","GRIN-Global 2021","","Kuhnlein and Turner 2020","PI 664896","JDC/PV/2008/022/092","Prunella vulgaris L.","Missouri, United States","NC7",2008,"40.36722222, -92.56111111","Prunella","vulgaris","","","","","Prunella vulgaris"
"123","Prunella vulgaris","Prunella","Prunella vulgaris",NA,NA,"Heal-All",NA,"Y","N","Y","flowers and leaves as tea","Y","Cultural","",NA,"Medicinals","","",NA,NA,NA,NA,"","","","","","","","","","","GRIN-Global 2021","","Kuhnlein and Turner 2020","PI 664886","Lab No. 109402","Prunella vulgaris L.","Oregon, United States","NC7",2007,"44.56520000, -123.33200000","Prunella","vulgaris","","","","","Prunella vulgaris"
"124","Ribes cereum","Ribes","Ribes cereum",NA,NA,"Currant, Gooseberry",NA,"N","Y","Y","fruit","Y","Food","",NA,"Fruits","Ornamentals","",NA,"1C",1,"Tertiary","","","","","","","","","","","GRIN-Global 2021","GRIN-Global 2021","Kuhnlein and Turner 2020","PI 495907","R. cereum Ames 3175","Ribes cereum Douglas","Colorado, United States","COR",1984,"39.83333333, -105.66666667","Ribes","cereum","","","","","Ribes cereum"
"125","Ribes cereum","Ribes","Ribes cereum",NA,NA,"Currant, Gooseberry",NA,"N","Y","Y","fruit","Y","Food","",NA,"Fruits","Ornamentals","",NA,"1C",1,"Tertiary","","","","","","","","","","","GRIN-Global 2021","GRIN-Global 2021","Kuhnlein and Turner 2020","PI 555785","R. cereum BL-25-4","Ribes cereum Douglas","Oregon, United States","COR",1985,"43.00000000, -121.50000000","Ribes","cereum","","","","","Ribes cereum"
"126","Ribes hudsonianum var. petiolare","Ribes","Ribes hudsonianum","var.","petiolare","Currant, Gooseberry",NA,"Y","Y","Y","northern black currant; fruit","Y","Food","",NA,"Fruits","Ornamentals","",NA,"1B",1,"Secondary","","","","Disease Resistance (B)","","","","","","","GRIN-Global 2021","GRIN-Global 2021","Kuhnlein and Turner 2020","PI 660867","R. hudsonianum var. petiolare CoM-2","Ribes hudsonianum Richardson var. petiolare (Douglas) Jancz.","Idaho, United States","COR",2007,"43.46130000, -113.55730000","Ribes","hudsonianum","petiolare","","var.","petiolare","Ribes hudsonianum"
"127","Ribes sanguineum","Ribes","Ribes sanguineum",NA,NA,"Currant, Gooseberry",NA,"N","Y","Y","fruit","Y","Food","",NA,"Fruits","Ornamentals","",NA,"1B",1,"Secondary","","","","","","","Growth Habit (AG)","","","","GRIN-Global 2021","GRIN-Global 2021","Kuhnlein and Turner 2020","PI 691705","R. sanguineum OR110-803","Ribes sanguineum Pursh","Oregon, United States","COR",2015,"","Ribes","sanguineum","","","","","Ribes sanguineum"
"128","Ribes triste","Ribes","Ribes triste",NA,NA,"Currant, Gooseberry",NA,"Y","Y","Y","fruit","Y","Food","",NA,"Fruits","Ornamentals","",NA,"1C",1,"Tertiary","","","","Cold Tolerance (AB)","","","","","","","GRIN-Global 2021","GRIN-Global 2021","Kuhnlein and Turner 2020","PI 617861","KHCW 96-29-01","Ribes triste Pall.","Alaska, United States","COR",1996,"61.16666667, -150.08333333","Ribes","triste","","","","","Ribes triste"
"129","Rubus allegheniensis","Rubus","Rubus allegheniensis",NA,NA,"Blackberry, Raspberry",NA,"Y","Y","Y","fruit","Y","Food","",NA,"Fruits","","",NA,"1A",1,"Primary","","","","","","","Crop Quality (AG)","Growth Habit (AG)","","","GRIN-Global 2021","GRIN-Global 2021","Kuhnlein and Turner 2020","PI 553094","R. allegheniensis NC 86-20-1","Rubus allegheniensis Porter","Georgia, United States","COR",1986,"34.75000000, -83.66667000","Rubus","allegheniensis","","","","","Rubus allegheniensis"
"130","Rubus idaeus subsp. strigosus","Rubus","Rubus idaeus","subsp.","strigosus","Blackberry, Raspberry",NA,"Y","Y","Y","fruit, shoots, leaves for tea","Y","Food","",NA,"Fruits","","",NA,"1A",1,"Primary","","","","","","","","","","","GRIN-Global 2021","GRIN-Global 2021","Kuhnlein and Turner 2020","PI 554013","R. strigosus Alaska T7507","Rubus idaeus L. subsp. strigosus (Michx.) Focke","Alaska, United States","COR",1982,"36.00000000, -94.08333000","Rubus","idaeus","","strigosus","subsp.","strigosus","Rubus idaeus"
"131","Rubus idaeus subsp. strigosus","Rubus","Rubus idaeus","subsp.","strigosus","Blackberry, Raspberry",NA,"Y","Y","Y","fruit, shoots, leaves for tea","Y","Food","",NA,"Fruits","","",NA,"1A",1,"Primary","","","","","","","","","","","GRIN-Global 2021","GRIN-Global 2021","Kuhnlein and Turner 2020","PI 688307","R. idaeus subsp. strigosus MD-18-21 Maine","Rubus idaeus L. subsp. strigosus (Michx.) Focke","Maine, United States","COR",2018,"","Rubus","idaeus","","strigosus","subsp.","strigosus","Rubus idaeus"
"132","Rubus leucodermis","Rubus","Rubus leucodermis",NA,NA,"Blackberry, Raspberry",NA,"Y","Y","Y","fruit, shoots","Y","Food","",NA,"Fruits","","",NA,"1A",1,"Primary","","","","","","","","","","","GRIN-Global 2021","GRIN-Global 2021","Kuhnlein and Turner 2020","PI 553698","R. leucodermis Idaho","Rubus leucodermis Douglas ex Torr. & A. Gray","Idaho, United States","COR",1986,"46.66667000, -114.91667000","Rubus","leucodermis","","","","","Rubus leucodermis"
"133","Rubus leucodermis","Rubus","Rubus leucodermis",NA,NA,"Blackberry, Raspberry",NA,"Y","Y","Y","fruit, shoots","Y","Food","",NA,"Fruits","","",NA,"1A",1,"Primary","","","","","","","","","","","GRIN-Global 2021","GRIN-Global 2021","Kuhnlein and Turner 2020","PI 553681","R. leucodermis BLJ-14-7","Rubus leucodermis Douglas ex Torr. & A. Gray","Oregon, United States","COR",1985,"42.16667000, -124.00000000","Rubus","leucodermis","","","","","Rubus leucodermis"
"134","Rubus leucodermis","Rubus","Rubus leucodermis",NA,NA,"Blackberry, Raspberry",NA,"Y","Y","Y","fruit, shoots","Y","Food","",NA,"Fruits","","",NA,"1A",1,"Primary","","","","","","","","","","","GRIN-Global 2021","GRIN-Global 2021","Kuhnlein and Turner 2020","PI 553678","R. leucodermis BLJ-9-1","Rubus leucodermis Douglas ex Torr. & A. Gray","Oregon, United States","COR",1985,"44.00000000, -123.83333000","Rubus","leucodermis","","","","","Rubus leucodermis"
"135","Rubus occidentalis","Rubus","Rubus occidentalis",NA,NA,"Blackberry, Raspberry",NA,"Y","Y","Y","fruit, greens, shoots]","Y","Food","",NA,"Fruits","","",NA,"1A",1,"Primary","","","","","","","","","","","GRIN-Global 2021","GRIN-Global 2021","Kuhnlein and Turner 2020","PI 653362","R. occidentalis New YorkORUS 3842","Rubus occidentalis L.","New York, United States","COR",2007,"41.92600000, -73.51080000","Rubus","occidentalis","","","","","Rubus occidentalis"
"136","Rubus occidentalis","Rubus","Rubus occidentalis",NA,NA,"Blackberry, Raspberry",NA,"Y","Y","Y","fruit, greens, shoots]","Y","Food","",NA,"Fruits","","",NA,"1A",1,"Primary","","","","","","","","","","","GRIN-Global 2021","GRIN-Global 2021","Kuhnlein and Turner 2020","PI 265780","R. occidentalis Minnesota","Rubus occidentalis L.","Minnesota, United States","COR",1984,"44.83333000, -94.91667000","Rubus","occidentalis","","","","","Rubus occidentalis"
"137","Rubus occidentalis","Rubus","Rubus occidentalis",NA,NA,"Blackberry, Raspberry",NA,"Y","Y","Y","fruit, greens, shoots]","Y","Food","",NA,"Fruits","","",NA,"1A",1,"Primary","","","","","","","","","","","GRIN-Global 2021","GRIN-Global 2021","Kuhnlein and Turner 2020","PI 672641","R. occidentalis #89","Rubus occidentalis L.","Indiana, United States","COR",2011,"39.22420000, -87.22120000","Rubus","occidentalis","","","","","Rubus occidentalis"
"138","Rubus occidentalis","Rubus","Rubus occidentalis",NA,NA,"Blackberry, Raspberry",NA,"Y","Y","Y","fruit, greens, shoots]","Y","Food","",NA,"Fruits","","",NA,"1A",1,"Primary","","","","","","","","","","","GRIN-Global 2021","GRIN-Global 2021","Kuhnlein and Turner 2020","PI 553764","R. occidentalis MPW 120","Rubus occidentalis L.","Michigan, United States","COR",1987,"42.58333000, -86.00000000","Rubus","occidentalis","","","","","Rubus occidentalis"
"139","Rubus spectabilis","Rubus","Rubus spectabilis",NA,NA,"Blackberry, Raspberry",NA,"Y","Y","Y","fruit, shoots","Y","Food","",NA,"Fruits","","",NA,"1A",1,"Primary","","","","","","","Crop Quality (AG)","","","","GRIN-Global 2021","GRIN-Global 2021","Kuhnlein and Turner 2020","PI 606508","R. spectabilis KHCW 96-02-01","Rubus spectabilis Pursh","Alaska, United States","COR",1996,"60.54389000, -145.75694000","Rubus","spectabilis","","","","","Rubus spectabilis"
"140","Schoenoplectus acutus","Schoenoplectus","Schoenoplectus acutus",NA,NA,"Tule",NA,"N","N","Y","","Y","Food","Materials",NA,"Vegetables","Materials","",NA,NA,NA,NA,"","","","","","","","","","","Kuhnlein and Turner 2020","","Kuhnlein and Turner 2020","W6 39182","OR030-73","Schoenoplectus acutus (Muhl. ex Bigelow) √Å. L√∂ve & D. L√∂ve","Oregon, United States","W6",2010,"43.07633333, -117.67600000","Schoenoplectus","acutus","","","","","Schoenoplectus acutus"
"141","Sorbus scopulina","Sorbus","Sorbus scopulina",NA,NA,"Rowan",NA,"Y","N","Y","fruit","Y","Food","Forest Resources",NA,"Fruits","Forest Resources","",NA,NA,NA,NA,"","","","","","","","","","","Kuhnlein and Turner 2020","","Kuhnlein and Turner 2020","PI 635883","CSOR 11","Sorbus scopulina Greene","Wyoming, United States",NA,1981,"43.50000000, -110.75000000","Sorbus","scopulina","","","","","Sorbus scopulina"
"142","Typha latifolia","Typha","Typha latifolia",NA,NA,"Cattail",NA,"Y","N","Y","greens, rhizomes, shoots","Y","Food","",NA,"Vegetables","","",NA,NA,NA,NA,"","","","","","","","","","","Kuhnlein and Turner 2020","","Kuhnlein and Turner 2020","OPGC 7052","WY040-82","Typha latifolia L.","Wyoming, United States","OPGC",2012,"41.50992000, -109.45365000","Typha","latifolia","","","","","Typha latifolia"
