GARDEN_CODE,INSTITUTION,TAXON,PROVENANCE,COUNTRY,LOCALITY,LATITUDE,LONGITUDE,PROVINCE,QUANTITY
2,BG,Abies balsamea,G,, ,,,,1
2,BG,Abies balsamea,G,, ,,,,2
2,BG,Abies balsamea,G,, ,,,,12
2,BG,Abies balsamea,G,, ,,,,3
2,BG,Abies balsamea,G,, ,,,,1
2,BG,Abies balsamea,G,, ,,,,1
2,BG,Abies balsamea,G,, ,,,,1
2,BG,Abies balsamea,G,, ,,,,2
2,BG,Abies balsamea,G,, ,,,,1
2,BG,Abies balsamea,G,, ,,,,1
2,BG,Abies balsamea,G,, ,,,,6
2,BG,Abies balsamea,G,, ,,,,1
2,BG,Abies balsamea,G,, ,,,,2
2,BG,Abies balsamea,G,, ,,,,3
2,BG,Abies balsamea,G,, ,,,,4
2,BG,Abies balsamea,G,, ,,,,16
2,BG,Abies lasiocarpa,G,, ,,,,1
2,BG,Abies lasiocarpa,G,, ,,,,3
2,BG,Acer circinatum,G,, ,,,,1
2,BG,Acer circinatum,G,, ,,,,1
2,BG,Acer macrophyllum,G,, ,,,,1
2,BG,Acer nigrum,G,, ,,,,1
2,BG,Acer pensylvanicum,G,, ,,,,6
2,BG,Acer pensylvanicum,G,, ,,,,4
2,BG,Acer pensylvanicum,G,, ,,,,2
2,BG,Acer pensylvanicum,G,, ,,,,1
2,BG,Acer pensylvanicum,G,, ,,,,2
2,BG,Acer pensylvanicum,G,, ,,,,8
2,BG,Acer pensylvanicum,G,, ,,,,1
2,BG,Acer pensylvanicum,G,, ,,,,4
2,BG,Acer pensylvanicum,G,, ,,,,1
2,BG,Acer pensylvanicum,G,, ,,,,30
2,BG,Acer pensylvanicum,G,, ,,,,6
2,BG,Acer pensylvanicum,G,, ,,,,1
2,BG,Acer pensylvanicum,G,, ,,,,1
2,BG,Acer pensylvanicum,G,, ,,,,18
2,BG,Acer pensylvanicum,G,, ,,,,1
2,BG,Acer pensylvanicum,G,, ,,,,1
2,BG,Acer pensylvanicum,G,, ,,,,5
2,BG,Acer pensylvanicum,G,, ,,,,1
2,BG,Acer rubrum,G,, ,,,,1
2,BG,Acer rubrum,G,, ,,,,1
2,BG,Acer rubrum,G,, ,,,,2
2,BG,Acer rubrum,G,, ,,,,2
2,BG,Acer rubrum,G,, ,,,,10
2,BG,Acer rubrum,G,, ,,,,12
2,BG,Acer rubrum,G,, ,,,,1
2,BG,Acer rubrum,G,, ,,,,3
2,BG,Acer rubrum,G,, ,,,,1
2,BG,Acer rubrum,G,, ,,,,6
2,BG,Acer rubrum,G,, ,,,,1
2,BG,Acer rubrum,G,, ,,,,1
2,BG,Acer rubrum,G,, ,,,,27
2,BG,Acer rubrum,G,, ,,,,1
2,BG,Acer rubrum,G,, ,,,,5
2,BG,Acer rubrum,G,, ,,,,1
2,BG,Acer rubrum,G,, ,,,,1
2,BG,Acer rubrum,G,, ,,,,2
2,BG,Acer saccharinum,G,, ,,,,1
2,BG,Acer saccharum,G,, ,,,,1
2,BG,Acer saccharum,G,, ,,,,1
2,BG,Acer saccharum,G,, ,,,,5
2,BG,Acer saccharum,G,, ,,,,1
2,BG,Acer saccharum,G,, ,,,,6
2,BG,Acer saccharum,G,, ,,,,1
2,BG,Acer saccharum,G,, ,,,,1
2,BG,Acer saccharum,G,, ,,,,1
2,BG,Acer saccharum,G,, ,,,,1
2,BG,Acer saccharum,G,, ,,,,1
2,BG,Acer saccharum,G,, ,,,,1
2,BG,Acer saccharum,G,, ,,,,1
2,BG,Acer saccharum,G,, ,,,,1
2,BG,Acer saccharum,G,, ,,,,1
2,BG,Acer saccharum,G,, ,,,,1
2,BG,Acer saccharum,G,, ,,,,2
2,BG,Acer saccharum,G,, ,,,,1
2,BG,Acer saccharum,G,, ,,,,1
2,BG,Acer saccharum,G,, ,,,,1
2,BG,Acer saccharum,G,, ,,,,12
2,BG,Acer saccharum,G,, ,,,,4
2,BG,Acer saccharum,G,, ,,,,3
2,BG,Acer saccharum,G,, ,,,,1
2,BG,Acer spicatum,G,, ,,,,1
2,BG,Acer spicatum,G,, ,,,,15
2,BG,Acer spicatum,G,, ,,,,6
2,BG,Acer spicatum,G,, ,,,,5
2,BG,Acer spicatum,G,, ,,,,1
2,BG,Acer spicatum,G,, ,,,,5
2,BG,Achillea millefolium,G,, ,,,,mass
2,BG,Achillea millefolium,G,, ,,,,8
2,BG,Achillea millefolium,G,, ,,,,20
2,BG,Achillea millefolium,G,, ,,,,mass
2,BG,Achillea millefolium,G,, ,,,,27
2,BG,Achillea millefolium,G,, ,,,,mass
2,BG,Achillea millefolium,G,, ,,,,mass
2,BG,Achillea millefolium,G,, ,,,,7
2,BG,Achillea millefolium,G,, ,,,,18
2,BG,Achillea millefolium,G,, ,,,,mass
2,BG,Achillea millefolium,G,, ,,,,3
2,BG,Achillea millefolium,G,, ,,,,mass
2,BG,Agastache foeniculum,G,, ,,,,mass
2,BG,Agastache foeniculum,G,, ,,,,8
2,BG,Agastache foeniculum,G,, ,,,,mass
2,BG,Agastache foeniculum,G,, ,,,,mass
2,BG,Agastache nepetoides,G,, ,,,,1
2,BG,Allium cernuum,G,, ,,,,mass
2,BG,Allium cernuum,G,, ,,,,mass
2,BG,Allium cernuum,G,, ,,,,mass
2,BG,Allium cernuum,G,, ,,,,mass
2,BG,Allium cernuum,G,, ,,,,mass
2,BG,Allium schoenoprasum,G,, ,,,,mass
2,BG,Allium schoenoprasum,G,, ,,,,mass
2,BG,Allium schoenoprasum,G,, ,,,,1
2,BG,Allium schoenoprasum,G,, ,,,,9
2,BG,Allium schoenoprasum,G,, ,,,,5
2,BG,Allium stellatum,G,, ,,,,12
2,BG,Allium stellatum,G,, ,,,,mass
2,BG,Alnus alnobetula,G,, ,,,,1
2,BG,Alnus alnobetula,G,, ,,,,3
2,BG,Alnus alnobetula,G,, ,,,,1
2,BG,Alnus incana,G,, ,,,,1
2,BG,Amelanchier alnifolia,G,, ,,,,1
2,BG,Amelanchier alnifolia,G,, ,,,,1
2,BG,Amelanchier alnifolia,G,, ,,,,15
2,BG,Amelanchier alnifolia,G,, ,,,,3
2,BG,Amelanchier alnifolia,G,, ,,,,1
2,BG,Amelanchier alnifolia,G,, ,,,,5
2,BG,Amelanchier alnifolia,G,, ,,,,4
2,BG,Amelanchier alnifolia,G,, ,,,,1
2,BG,Amelanchier alnifolia,G,, ,,,,1
2,BG,Amelanchier alnifolia,G,, ,,,,3
2,BG,Amelanchier alnifolia,G,, ,,,,1
2,BG,Amelanchier alnifolia,G,, ,,,,1
2,BG,Amelanchier alnifolia,G,, ,,,,1
2,BG,Amelanchier alnifolia,G,, ,,,,1
2,BG,Amelanchier alnifolia,G,, ,,,,1
2,BG,Amelanchier alnifolia,G,, ,,,,1
2,BG,Amelanchier alnifolia,G,, ,,,,2
2,BG,Amelanchier arborea,G,, ,,,,1
2,BG,Amelanchier canadensis,G,, ,,,,1
2,BG,Amelanchier canadensis,G,, ,,,,1
2,BG,Amelanchier canadensis,G,, ,,,,1
2,BG,Amelanchier canadensis,G,, ,,,,8
2,BG,Amelanchier canadensis,G,, ,,,,1
2,BG,Amelanchier canadensis,G,, ,,,,4
2,BG,Amelanchier canadensis,G,, ,,,,1
2,BG,Amelanchier canadensis,G,, ,,,,1
2,BG,Amelanchier canadensis,G,, ,,,,2
2,BG,Amelanchier canadensis,G,, ,,,,mass
2,BG,Amelanchier canadensis,G,, ,,,,3
2,BG,Amelanchier canadensis,G,, ,,,,3
2,BG,Amelanchier canadensis,G,, ,,,,1
2,BG,Amelanchier canadensis,G,, ,,,,1
2,BG,Amelanchier canadensis,G,, ,,,,1
2,BG,Amelanchier canadensis,G,, ,,,,2
2,BG,Amelanchier canadensis,G,, ,,,,5
2,BG,Amelanchier interior,G,, ,,,,1
2,BG,Amelanchier intermedia,G,, ,,,,1
2,BG,Amelanchier intermedia,G,, ,,,,1
2,BG,Amelanchier laevis,G,, ,,,,1
2,BG,Amelanchier laevis,G,, ,,,,1
2,BG,Amelanchier laevis,G,, ,,,,1
2,BG,Amelanchier laevis,G,, ,,,,1
2,BG,Amelanchier sanguinea,G,, ,,,,2
2,BG,Apios americana,G,, ,,,,1
2,BG,Apios americana,G,, ,,,,mass
2,BG,Apios americana,G,, ,,,,mass
2,BG,Apios americana,G,, ,,,,1
2,BG,Arctostaphylos uva-ursi,G,, ,,,,5
2,BG,Arctostaphylos uva-ursi,G,, ,,,,2
2,BG,Arctostaphylos uva-ursi,G,, ,,,,mass
2,BG,Arctostaphylos uva-ursi,G,, ,,,,1
2,BG,Arctostaphylos uva-ursi,G,, ,,,,2
2,BG,Arctostaphylos uva-ursi,G,, ,,,,20
2,BG,Arnica cordifolia,G,, ,,,,mass
2,BG,Aruncus dioicus,G,, ,,,,5
2,BG,Aruncus dioicus,G,, ,,,,7
2,BG,Aruncus dioicus,G,, ,,,,45
2,BG,Aruncus dioicus,G,, ,,,,mass
2,BG,Aruncus dioicus,G,, ,,,,mass
2,BG,Aruncus dioicus,G,, ,,,,1
2,BG,Aruncus dioicus,G,, ,,,,mass
2,BG,Aruncus dioicus,G,, ,,,,6
2,BG,Aruncus dioicus,G,, ,,,,mass
2,BG,Asarum canadense,G,, ,,,,2
2,BG,Asimina triloba,G,, ,,,,4
2,BG,Asimina triloba,G,, ,,,,1
2,BG,Astragalus canadensis,G,, ,,,,6
2,BG,Betula alleghaniensis,G,, ,,,,1
2,BG,Betula alleghaniensis,G,, ,,,,3
2,BG,Betula alleghaniensis,G,, ,,,,1
2,BG,Betula alleghaniensis,G,, ,,,,1
2,BG,Betula alleghaniensis,G,, ,,,,1
2,BG,Betula lenta,G,, ,,,,1
2,BG,Betula papyrifera,G,, ,,,,7
2,BG,Betula papyrifera,G,, ,,,,1
2,BG,Betula papyrifera,G,, ,,,,1
2,BG,Betula papyrifera,G,, ,,,,1
2,BG,Betula papyrifera,G,, ,,,,1
2,BG,Betula papyrifera,G,, ,,,,13
2,BG,Betula papyrifera,G,, ,,,,2
2,BG,Betula papyrifera,G,, ,,,,1
2,BG,Betula papyrifera,G,, ,,,,2
2,BG,Betula papyrifera,G,, ,,,,3
2,BG,Betula papyrifera,G,, ,,,,1
2,BG,Betula papyrifera,G,, ,,,,5
2,BG,Betula papyrifera,G,, ,,,,1
2,BG,Betula papyrifera,G,, ,,,,1
2,BG,Betula populifolia,G,, ,,,,1
2,BG,Betula populifolia,G,, ,,,,2
2,BG,Betula populifolia,G,, ,,,,1
2,BG,Betula populifolia,G,, ,,,,1
2,BG,Camassia leichtlinii,G,, ,,,,2
2,BG,Camassia leichtlinii,G,, ,,,,2
2,BG,Camassia leichtlinii,G,, ,,,,1
2,BG,Camassia leichtlinii,G,, ,,,,mass
2,BG,Camassia leichtlinii,G,, ,,,,6
2,BG,Camassia leichtlinii,G,, ,,,,mass
2,BG,Camassia leichtlinii,G,, ,,,,60
2,BG,Camassia leichtlinii,G,, ,,,,mass
2,BG,Camassia leichtlinii,G,, ,,,,1
2,BG,Camassia quamash,G,, ,,,,mass
2,BG,Camassia quamash,G,, ,,,,60
2,BG,Carya cordiformis,G,, ,,,,1
2,BG,Carya ovata,G,, ,,,,1
2,BG,Carya ovata,G,, ,,,,1
2,BG,Carya ovata,G,, ,,,,1
2,BG,Carya ovata,G,, ,,,,3
2,BG,Carya ovata,G,, ,,,,1
2,BG,Carya ovata,G,, ,,,,1
2,BG,Carya ovata,G,, ,,,,1
2,BG,Carya ovata,G,, ,,,,1
2,BG,Celtis occidentalis,G,, ,,,,1
2,BG,Celtis occidentalis,G,, ,,,,1
2,BG,Celtis occidentalis,G,, ,,,,1
2,BG,Celtis occidentalis,G,, ,,,,1
2,BG,Celtis occidentalis,G,, ,,,,1
2,BG,Chamaenerion angustifolium,G,, ,,,,mass
2,BG,Chamaenerion angustifolium,G,, ,,,,15
2,BG,Chamaenerion angustifolium,G,, ,,,,mass
2,BG,Chamaenerion angustifolium,G,, ,,,,75
2,BG,Chamaenerion angustifolium,G,, ,,,,1
2,BG,Chamaenerion angustifolium,G,, ,,,,mass
2,BG,Chamaenerion angustifolium,G,, ,,,,mass
2,BG,Comarum palustre,G,, ,,,,29
2,BG,Comarum palustre,G,, ,,,,mass
2,BG,Cornus amomum,G,, ,,,,3
2,BG,Cornus amomum,G,, ,,,,1
2,BG,Cornus canadensis,G,, ,,,,mass
2,BG,Cornus canadensis,G,, ,,,,mass
2,BG,Cornus canadensis,G,, ,,,,mass
2,BG,Cornus canadensis,G,, ,,,,mass
2,BG,Cornus canadensis,G,, ,,,,108
2,BG,Cornus sericea,G,, ,,,,2
2,BG,Cornus sericea,G,, ,,,,1
2,BG,Cornus sericea,G,, ,,,,mass
2,BG,Cornus sericea,G,, ,,,,1
2,BG,Cornus sericea,G,, ,,,,5
2,BG,Cornus sericea,G,, ,,,,5
2,BG,Cornus sericea,G,, ,,,,mass
2,BG,Cornus sericea,G,, ,,,,2
2,BG,Cornus sericea,G,, ,,,,mass
2,BG,Cornus sericea,G,, ,,,,2
2,BG,Cornus sericea,G,, ,,,,5
2,BG,Cornus sericea,G,, ,,,,66
2,BG,Cornus sericea,G,, ,,,,1
2,BG,Cornus sericea,G,, ,,,,1
2,BG,Cornus sericea,G,, ,,,,3
2,BG,Cornus sericea,G,, ,,,,11
2,BG,Cornus sericea,G,, ,,,,1
2,BG,Cornus sericea,G,, ,,,,1
2,BG,Cornus sericea,G,, ,,,,mass
2,BG,Cornus sericea,G,, ,,,,1
2,BG,Cornus sericea,G,, ,,,,30
2,BG,Cornus sericea,G,, ,,,,1
2,BG,Cornus sericea,G,, ,,,,4
2,BG,Cornus sericea,G,, ,,,,mass
2,BG,Cornus sericea,G,, ,,,,25
2,BG,Cornus sericea,G,, ,,,,7
2,BG,Cornus sericea,G,, ,,,,mass
2,BG,Cornus sericea,G,, ,,,,5
2,BG,Corylus americana,G,, ,,,,1
2,BG,Corylus americana,G,, ,,,,3
2,BG,Corylus americana,G,, ,,,,3
2,BG,Corylus americana,G,, ,,,,3
2,BG,Corylus cornuta,G,, ,,,,10
2,BG,Corylus cornuta,G,, ,,,,5
2,BG,Corylus cornuta,G,, ,,,,3
2,BG,Corylus cornuta,G,, ,,,,1
2,BG,Corylus cornuta,G,, ,,,,1
2,BG,Corylus cornuta,G,, ,,,,2
2,BG,Corylus cornuta,G,, ,,,,8
2,BG,Corylus cornuta,G,, ,,,,2
2,BG,Corylus cornuta,G,, ,,,,2
2,BG,Corylus cornuta,G,, ,,,,1
2,BG,Corylus cornuta,G,, ,,,,1
2,BG,Dasiphora fruticosa,G,, ,,,,1
2,BG,Dasiphora fruticosa,G,, ,,,,40
2,BG,Dasiphora fruticosa,G,, ,,,,3
2,BG,Dasiphora fruticosa,G,, ,,,,1
2,BG,Dasiphora fruticosa,G,, ,,,,2
2,BG,Dasiphora fruticosa,G,, ,,,,1
2,BG,Dasiphora fruticosa,G,, ,,,,1
2,BG,Dasiphora fruticosa,G,, ,,,,1
2,BG,Dasiphora fruticosa,G,, ,,,,40
2,BG,Dasiphora fruticosa,G,, ,,,,1
2,BG,Dasiphora fruticosa,G,, ,,,,5
2,BG,Dasiphora fruticosa,G,, ,,,,1
2,BG,Dasiphora fruticosa,G,, ,,,,1
2,BG,Dasiphora fruticosa,G,, ,,,,1
2,BG,Dasiphora fruticosa,G,, ,,,,1
2,BG,Dasiphora fruticosa,G,, ,,,,1
2,BG,Dasiphora fruticosa,G,, ,,,,3
2,BG,Dasiphora fruticosa,G,, ,,,,1
2,BG,Dasiphora fruticosa,G,, ,,,,1
2,BG,Dasiphora fruticosa,G,, ,,,,40
2,BG,Dasiphora fruticosa,G,, ,,,,1
2,BG,Dasiphora fruticosa,G,, ,,,,1
2,BG,Dasiphora fruticosa,G,, ,,,,1
2,BG,Dasiphora fruticosa,G,, ,,,,1
2,BG,Dasiphora fruticosa,G,, ,,,,1
2,BG,Dasiphora fruticosa,G,, ,,,,2
2,BG,Dasiphora fruticosa,G,, ,,,,6
2,BG,Dasiphora fruticosa,G,, ,,,,1
2,BG,Dasiphora fruticosa,G,, ,,,,1
2,BG,Dasiphora fruticosa,G,, ,,,,1
2,BG,Dasiphora fruticosa,G,, ,,,,2
2,BG,Dasiphora fruticosa,G,, ,,,,1
2,BG,Dasiphora fruticosa,G,, ,,,,1
2,BG,Dasiphora fruticosa,G,, ,,,,1
2,BG,Dasiphora fruticosa,G,, ,,,,1
2,BG,Dasiphora fruticosa,G,, ,,,,1
2,BG,Dasiphora fruticosa,G,, ,,,,1
2,BG,Dasiphora fruticosa,G,, ,,,,1
2,BG,Dasiphora fruticosa,G,, ,,,,1
2,BG,Dasiphora fruticosa,G,, ,,,,1
2,BG,Dasiphora fruticosa,G,, ,,,,1
2,BG,Dasiphora fruticosa,G,, ,,,,1
2,BG,Dasiphora fruticosa,G,, ,,,,1
2,BG,Dasiphora fruticosa,G,, ,,,,1
2,BG,Dasiphora fruticosa,G,, ,,,,1
2,BG,Dasiphora fruticosa,G,, ,,,,1
2,BG,Dasiphora fruticosa,G,, ,,,,1
2,BG,Dasiphora fruticosa,G,, ,,,,1
2,BG,Empetrum nigrum,G,, ,,,,6
2,BG,Empetrum nigrum,G,, ,,,,1
2,BG,Empetrum nigrum,G,, ,,,,1
2,BG,Empetrum nigrum,G,, ,,,,mass
2,BG,Empetrum nigrum,G,, ,,,,mass
2,BG,Fagus grandifolia,G,, ,,,,1
2,BG,Fagus grandifolia,G,, ,,,,1
2,BG,Fagus grandifolia,G,, ,,,,3
2,BG,Fagus grandifolia,G,, ,,,,1
2,BG,Fragaria vesca,G,, ,,,,mass
2,BG,Fragaria vesca,G,, ,,,,mass
2,BG,Fragaria vesca,G,, ,,,,mass
2,BG,Fragaria vesca,G,, ,,,,mass
2,BG,Fraxinus americana,G,, ,,,,1
2,BG,Fraxinus americana,G,, ,,,,1
2,BG,Fraxinus americana,G,, ,,,,1
2,BG,Fraxinus americana,G,, ,,,,1
2,BG,Fraxinus americana,G,, ,,,,1
2,BG,Fraxinus americana,G,, ,,,,1
2,BG,Fraxinus americana,G,, ,,,,1
2,BG,Fraxinus americana,G,, ,,,,1
2,BG,Fraxinus nigra,G,, ,,,,1
2,BG,Fraxinus nigra,G,, ,,,,15
2,BG,Fraxinus nigra,G,, ,,,,1
2,BG,Fraxinus nigra,G,, ,,,,1
2,BG,Fraxinus nigra,G,, ,,,,15
2,BG,Fraxinus nigra,G,, ,,,,1
2,BG,Fraxinus nigra,G,, ,,,,1
2,BG,Fraxinus nigra,G,, ,,,,1
2,BG,Fraxinus pennsylvanica,G,, ,,,,1
2,BG,Fraxinus pennsylvanica,G,, ,,,,1
2,BG,Fraxinus pennsylvanica,G,, ,,,,1
2,BG,Fraxinus pennsylvanica,G,, ,,,,1
2,BG,Fraxinus pennsylvanica,G,, ,,,,1
2,BG,Fraxinus pennsylvanica,G,, ,,,,1
2,BG,Fraxinus pennsylvanica,G,, ,,,,1
2,BG,Fraxinus pennsylvanica,G,, ,,,,1
2,BG,Fraxinus pennsylvanica,G,, ,,,,1
2,BG,Fraxinus pennsylvanica,G,, ,,,,1
2,BG,Fraxinus pennsylvanica,G,, ,,,,1
2,BG,Fraxinus pennsylvanica,G,, ,,,,1
2,BG,Fraxinus pennsylvanica,G,, ,,,,1
2,BG,Fraxinus pennsylvanica,G,, ,,,,1
2,BG,Fraxinus pennsylvanica,G,, ,,,,1
2,BG,Fraxinus pennsylvanica,G,, ,,,,1
2,BG,Fraxinus pennsylvanica,G,, ,,,,1
2,BG,Fraxinus pennsylvanica,G,, ,,,,1
2,BG,Fraxinus pennsylvanica,G,, ,,,,1
2,BG,Fraxinus pennsylvanica,G,, ,,,,1
2,BG,Fraxinus pennsylvanica,G,, ,,,,1
2,BG,Fraxinus pennsylvanica,G,, ,,,,1
2,BG,Fraxinus pennsylvanica,G,, ,,,,1
2,BG,Fraxinus pennsylvanica,G,, ,,,,1
2,BG,Fraxinus pennsylvanica,G,, ,,,,1
2,BG,Fraxinus pennsylvanica,G,, ,,,,1
2,BG,Fraxinus pennsylvanica,G,, ,,,,1
2,BG,Fraxinus pennsylvanica,G,, ,,,,1
2,BG,Fraxinus pennsylvanica,G,, ,,,,1
2,BG,Fraxinus pennsylvanica,G,, ,,,,1
2,BG,Fraxinus pennsylvanica,G,, ,,,,1
2,BG,Fraxinus pennsylvanica,G,, ,,,,1
2,BG,Fraxinus pennsylvanica,G,, ,,,,1
2,BG,Fraxinus pennsylvanica,G,, ,,,,1
2,BG,Fraxinus pennsylvanica,G,, ,,,,1
2,BG,Fraxinus pennsylvanica,G,, ,,,,1
2,BG,Fraxinus pennsylvanica,G,, ,,,,1
2,BG,Fritillaria pudica,G,, ,,,,10
2,BG,Gaultheria procumbens,G,, ,,,,mass
2,BG,Gaultheria procumbens,G,, ,,,,5
2,BG,Gaultheria procumbens,G,, ,,,,4
2,BG,Gaultheria procumbens,G,, ,,,,15
2,BG,Gaultheria procumbens,G,, ,,,,12
2,BG,Gaultheria procumbens,G,, ,,,,mass
2,BG,Gaultheria procumbens,G,, ,,,,3
2,BG,Gaultheria procumbens,G,, ,,,,4
2,BG,Hamamelis virginiana,G,, ,,,,9
2,BG,Hamamelis virginiana,G,, ,,,,1
2,BG,Hamamelis virginiana,G,, ,,,,2
2,BG,Hamamelis virginiana,G,, ,,,,1
2,BG,Hamamelis virginiana,G,, ,,,,3
2,BG,Hamamelis virginiana,G,, ,,,,1
2,BG,Hamamelis virginiana,G,, ,,,,1
2,BG,Hamamelis virginiana,G,, ,,,,1
2,BG,Hamamelis virginiana,G,, ,,,,1
2,BG,Hamamelis virginiana,G,, ,,,,1
2,BG,Hamamelis virginiana,G,, ,,,,1
2,BG,Hamamelis virginiana,G,, ,,,,1
2,BG,Hamamelis virginiana,G,, ,,,,1
2,BG,Hamamelis virginiana,G,, ,,,,1
2,BG,Hamamelis virginiana,G,, ,,,,1
2,BG,Hamamelis virginiana,G,, ,,,,1
2,BG,Hamamelis virginiana,G,, ,,,,2
2,BG,Hamamelis virginiana,G,, ,,,,1
2,BG,Hamamelis virginiana,G,, ,,,,1
2,BG,Hamamelis virginiana,G,, ,,,,2
2,BG,Hamamelis virginiana,G,, ,,,,1
2,BG,Hamamelis virginiana,G,, ,,,,1
2,BG,Hamamelis virginiana,G,, ,,,,1
2,BG,Helianthus annuus,G,, ,,,,1
2,BG,Helianthus annuus,G,, ,,,,1
2,BG,Helianthus giganteus,G,, ,,,,mass
2,BG,Holodiscus discolor,G,, ,,,,2
2,BG,Humulus lupulus,G,, ,,,,1
2,BG,Humulus lupulus,G,, ,,,,26
2,BG,Humulus lupulus,G,, ,,,,1
2,BG,Humulus lupulus,G,, ,,,,3
2,BG,Humulus lupulus,G,, ,,,,mass
2,BG,Juglans nigra,G,, ,,,,1
2,BG,Juglans nigra,G,, ,,,,1
2,BG,Juglans nigra,G,, ,,,,1
2,BG,Juniperus communis,G,, ,,,,1
2,BG,Juniperus communis,G,, ,,,,1
2,BG,Juniperus communis,G,, ,,,,1
2,BG,Juniperus communis,G,, ,,,,1
2,BG,Juniperus communis,G,, ,,,,1
2,BG,Juniperus communis,G,, ,,,,2
2,BG,Juniperus communis,G,, ,,,,2
2,BG,Juniperus communis,G,, ,,,,1
2,BG,Juniperus communis,G,, ,,,,1
2,BG,Juniperus communis,G,, ,,,,1
2,BG,Juniperus communis,G,, ,,,,1
2,BG,Juniperus communis var. depressa,G,, ,,,,mass
2,BG,Juniperus communis var. depressa,G,, ,,,,mass
2,BG,Juniperus communis var. depressa,G,, ,,,,2
2,BG,Juniperus communis var. depressa,G,, ,,,,4
2,BG,Juniperus communis var. saxatilis,G,, ,,,,1
2,BG,Juniperus horizontalis,G,, ,,,,3
2,BG,Juniperus horizontalis,G,, ,,,,2
2,BG,Juniperus horizontalis,G,, ,,,,3
2,BG,Juniperus horizontalis,G,, ,,,,mass
2,BG,Juniperus horizontalis,G,, ,,,,1
2,BG,Juniperus horizontalis,G,, ,,,,mass
2,BG,Juniperus horizontalis,G,, ,,,,mass
2,BG,Juniperus horizontalis,G,, ,,,,1
2,BG,Juniperus horizontalis,G,, ,,,,mass
2,BG,Juniperus horizontalis,G,, ,,,,3
2,BG,Juniperus horizontalis,G,, ,,,,mass
2,BG,Juniperus horizontalis,G,, ,,,,3
2,BG,Juniperus horizontalis,G,, ,,,,1
2,BG,Juniperus horizontalis,G,, ,,,,mass
2,BG,Juniperus horizontalis,G,, ,,,,mass
2,BG,Juniperus horizontalis,G,, ,,,,1
2,BG,Juniperus horizontalis,G,, ,,,,mass
2,BG,Juniperus horizontalis,G,, ,,,,1
2,BG,Juniperus horizontalis,G,, ,,,,mass
2,BG,Juniperus horizontalis,G,, ,,,,mass
2,BG,Juniperus horizontalis,G,, ,,,,5
2,BG,Juniperus horizontalis,G,, ,,,,mass
2,BG,Juniperus horizontalis,G,, ,,,,1
2,BG,Juniperus horizontalis,G,, ,,,,mass
2,BG,Juniperus horizontalis,G,, ,,,,mass
2,BG,Juniperus horizontalis,G,, ,,,,3
2,BG,Juniperus scopulorum,G,, ,,,,1
2,BG,Juniperus scopulorum,G,, ,,,,1
2,BG,Juniperus scopulorum,G,, ,,,,1
2,BG,Juniperus scopulorum,G,, ,,,,1
2,BG,Juniperus scopulorum,G,, ,,,,1
2,BG,Juniperus scopulorum,G,, ,,,,1
2,BG,Juniperus scopulorum,G,, ,,,,1
2,BG,Juniperus scopulorum,G,, ,,,,1
2,BG,Larix laricina,G,, ,,,,1
2,BG,Larix laricina,G,, ,,,,4
2,BG,Larix laricina,G,, ,,,,1
2,BG,Larix laricina,G,, ,,,,3
2,BG,Larix laricina,G,, ,,,,3
2,BG,Larix laricina,G,, ,,,,3
2,BG,Larix laricina,G,, ,,,,1
2,BG,Larix laricina,G,, ,,,,1
2,BG,Larix laricina,G,, ,,,,1
2,BG,Larix laricina,G,, ,,,,5
2,BG,Larix laricina,G,, ,,,,1
2,BG,Larix laricina,G,, ,,,,2
2,BG,Lonicera involucrata,G,, ,,,,1
2,BG,Lonicera involucrata,G,, ,,,,1
2,BG,Lonicera involucrata,G,, ,,,,3
2,BG,Lupinus polyphyllus,G,, ,,,,12
2,BG,Lupinus polyphyllus,G,, ,,,,12
2,BG,Lupinus polyphyllus,G,, ,,,,12
2,BG,Lupinus polyphyllus,G,, ,,,,12
2,BG,Lupinus polyphyllus,G,, ,,,,11
2,BG,Lupinus polyphyllus,G,, ,,,,12
2,BG,Lupinus polyphyllus,G,, ,,,,mass
2,BG,Lysichiton americanus,G,, ,,,,2
2,BG,Magnolia acuminata,G,, ,,,,1
2,BG,Magnolia acuminata,G,, ,,,,1
2,BG,Mahonia aquifolium,G,, ,,,,1
2,BG,Mahonia aquifolium,G,, ,,,,mass
2,BG,Mahonia aquifolium,G,, ,,,,1
2,BG,Mahonia aquifolium,G,, ,,,,1
2,BG,Mahonia aquifolium,G,, ,,,,1
2,BG,Mahonia aquifolium,G,, ,,,,3
2,BG,Mahonia repens,G,, ,,,,mass
2,BG,Mahonia repens,G,, ,,,,1
2,BG,Mahonia repens,G,, ,,,,mass
2,BG,Maianthemum dilatatum,G,, ,,,,mass
2,BG,Maianthemum racemosum,G,, ,,,,0
2,BG,Maianthemum racemosum,G,, ,,,,60
2,BG,Maianthemum stellatum,G,, ,,,,mass
2,BG,Mentha canadensis,G,, ,,,,10
2,BG,Mentha canadensis,G,, ,,,,7
2,BG,Mitchella repens,G,, ,,,,mass
2,BG,Mitchella repens,G,, ,,,,mass
2,BG,Mitchella repens,G,, ,,,,3
2,BG,Monarda fistulosa,G,, ,,,,mass
2,BG,Monarda fistulosa,G,, ,,,,3
2,BG,Monarda fistulosa,G,, ,,,,mass
2,BG,Monarda fistulosa,G,, ,,,,mass
2,BG,Morella pensylvanica,G,, ,,,,3
2,BG,Myrica gale,G,, ,,,,mass
2,BG,Myrica gale,G,, ,,,,mass
2,BG,Myrica gale,G,, ,,,,1
2,BG,Myrica gale,G,, ,,,,15
2,BG,Myrica gale,G,, ,,,,mass
2,BG,Myrica gale,G,, ,,,,7
2,BG,Myrica gale,G,, ,,,,30
2,BG,Myrica gale,G,, ,,,,mass
2,BG,Nymphaea tetragona,G,, ,,,,1
2,BG,Nymphaea tetragona,G,, ,,,,1
2,BG,Oplopanax horridus,G,, ,,,,3
2,BG,Opuntia polyacantha,G,, ,,,,4
2,BG,Opuntia polyacantha var. polyacantha,G,, ,,,,2
2,BG,Panax quinquefolius,G,, ,,,,10
2,BG,Panicum virgatum,G,, ,,,,3
2,BG,Panicum virgatum,G,, ,,,,mass
2,BG,Panicum virgatum,G,, ,,,,3
2,BG,Panicum virgatum,G,, ,,,,1
2,BG,Panicum virgatum,G,, ,,,,92
2,BG,Panicum virgatum,G,, ,,,,94
2,BG,Panicum virgatum,G,, ,,,,2
2,BG,Panicum virgatum,G,, ,,,,3
2,BG,Panicum virgatum,G,, ,,,,3
2,BG,Panicum virgatum,G,, ,,,,3
2,BG,Panicum virgatum,G,, ,,,,9
2,BG,Panicum virgatum,G,, ,,,,1
2,BG,Panicum virgatum,G,, ,,,,16
2,BG,Panicum virgatum,G,, ,,,,3
2,BG,Panicum virgatum,G,, ,,,,3
2,BG,Panicum virgatum,G,, ,,,,4
2,BG,Panicum virgatum,G,, ,,,,3
2,BG,Panicum virgatum,G,, ,,,,mass
2,BG,Panicum virgatum,G,, ,,,,mass
2,BG,Phalaris arundinacea,G,, ,,,,1
2,BG,Phalaris arundinacea,G,, ,,,,mass
2,BG,Phalaris arundinacea,G,, ,,,,mass
2,BG,Philadelphus lewisii,G,, ,,,,1
2,BG,Philadelphus lewisii,G,, ,,,,1
2,BG,Philadelphus lewisii,G,, ,,,,1
2,BG,Picea glauca,G,, ,,,,1
2,BG,Picea glauca,G,, ,,,,1
2,BG,Picea glauca,G,, ,,,,1
2,BG,Picea glauca,G,, ,,,,1
2,BG,Picea glauca,G,, ,,,,1
2,BG,Picea glauca,G,, ,,,,2
2,BG,Picea glauca,G,, ,,,,1
2,BG,Picea glauca,G,, ,,,,1
2,BG,Picea glauca,G,, ,,,,1
2,BG,Picea glauca,G,, ,,,,1
2,BG,Picea glauca,G,, ,,,,2
2,BG,Picea glauca,G,, ,,,,1
2,BG,Picea glauca,G,, ,,,,1
2,BG,Picea glauca,G,, ,,,,1
2,BG,Picea glauca,G,, ,,,,1
2,BG,Picea glauca,G,, ,,,,12
2,BG,Picea glauca,G,, ,,,,1
2,BG,Picea glauca,G,, ,,,,1
2,BG,Picea glauca,G,, ,,,,1
2,BG,Picea glauca,G,, ,,,,1
2,BG,Picea glauca,G,, ,,,,3
2,BG,Picea glauca,G,, ,,,,1
2,BG,Picea glauca,G,, ,,,,1
2,BG,Picea glauca,G,, ,,,,1
2,BG,Picea glauca,G,, ,,,,1
2,BG,Picea glauca,G,, ,,,,1
2,BG,Picea glauca,G,, ,,,,2
2,BG,Picea glauca,G,, ,,,,1
2,BG,Picea glauca,G,, ,,,,1
2,BG,Picea glauca,G,, ,,,,1
2,BG,Picea glauca,G,, ,,,,1
2,BG,Picea glauca,G,, ,,,,1
2,BG,Picea mariana,G,, ,,,,1
2,BG,Picea mariana,G,, ,,,,1
2,BG,Picea mariana,G,, ,,,,1
2,BG,Picea mariana,G,, ,,,,2
2,BG,Picea mariana,G,, ,,,,1
2,BG,Picea mariana,G,, ,,,,1
2,BG,Picea mariana,G,, ,,,,2
2,BG,Picea mariana,G,, ,,,,5
2,BG,Picea mariana,G,, ,,,,1
2,BG,Picea mariana,G,, ,,,,1
2,BG,Picea mariana,G,, ,,,,2
2,BG,Picea mariana,G,, ,,,,1
2,BG,Picea mariana,G,, ,,,,1
2,BG,Picea mariana,G,, ,,,,1
2,BG,Picea mariana,G,, ,,,,1
2,BG,Picea mariana,G,, ,,,,1
2,BG,Picea mariana,G,, ,,,,1
2,BG,Picea rubens,G,, ,,,,4
2,BG,Pinus banksiana,G,, ,,,,1
2,BG,Pinus banksiana,G,, ,,,,1
2,BG,Pinus banksiana,G,, ,,,,mass
2,BG,Pinus banksiana,G,, ,,,,1
2,BG,Pinus banksiana,G,, ,,,,4
2,BG,Pinus banksiana,G,, ,,,,1
2,BG,Pinus banksiana,G,, ,,,,1
2,BG,Pinus banksiana,G,, ,,,,1
2,BG,Pinus banksiana,G,, ,,,,1
2,BG,Pinus banksiana,G,, ,,,,1
2,BG,Pinus banksiana,G,, ,,,,1
2,BG,Pinus banksiana,G,, ,,,,1
2,BG,Pinus banksiana,G,, ,,,,1
2,BG,Pinus banksiana,G,, ,,,,4
2,BG,Pinus banksiana,G,, ,,,,1
2,BG,Pinus banksiana,G,, ,,,,1
2,BG,Pinus banksiana,G,, ,,,,1
2,BG,Pinus banksiana,G,, ,,,,1
2,BG,Pinus contorta,G,, ,,,,1
2,BG,Pinus contorta,G,, ,,,,1
2,BG,Pinus flexilis,G,, ,,,,2
2,BG,Pinus flexilis,G,, ,,,,1
2,BG,Pinus flexilis,G,, ,,,,1
2,BG,Pinus monticola,G,, ,,,,1
2,BG,Pinus monticola,G,, ,,,,1
2,BG,Pinus monticola,G,, ,,,,1
2,BG,Pinus resinosa,G,, ,,,,mass
2,BG,Pinus resinosa,G,, ,,,,2
2,BG,Pinus resinosa,G,, ,,,,mass
2,BG,Pinus resinosa,G,, ,,,,1
2,BG,Pinus resinosa,G,, ,,,,3
2,BG,Pinus rigida,G,, ,,,,1
2,BG,Pinus strobus,G,, ,,,,1
2,BG,Pinus strobus,G,, ,,,,1
2,BG,Pinus strobus,G,, ,,,,1
2,BG,Pinus strobus,G,, ,,,,1
2,BG,Pinus strobus,G,, ,,,,1
2,BG,Pinus strobus,G,, ,,,,1
2,BG,Pinus strobus,G,, ,,,,3
2,BG,Pinus strobus,G,, ,,,,1
2,BG,Pinus strobus,G,, ,,,,1
2,BG,Pinus strobus,G,, ,,,,1
2,BG,Pinus strobus,G,, ,,,,1
2,BG,Pinus strobus,G,, ,,,,1
2,BG,Pinus strobus,G,, ,,,,3
2,BG,Pinus strobus,G,, ,,,,1
2,BG,Pinus strobus,G,, ,,,,1
2,BG,Pinus strobus,G,, ,,,,1
2,BG,Pinus strobus,G,, ,,,,1
2,BG,Pinus strobus,G,, ,,,,1
2,BG,Pinus strobus,G,, ,,,,1
2,BG,Pinus strobus,G,, ,,,,1
2,BG,Pinus strobus,G,, ,,,,1
2,BG,Pinus strobus,G,, ,,,,mass
2,BG,Pinus strobus,G,, ,,,,1
2,BG,Pinus strobus,G,, ,,,,1
2,BG,Pinus strobus,G,, ,,,,1
2,BG,Pinus strobus,G,, ,,,,5
2,BG,Pinus strobus,G,, ,,,,mass
2,BG,Pinus strobus,G,, ,,,,1
2,BG,Pinus strobus,G,, ,,,,1
2,BG,Pinus strobus,G,, ,,,,1
2,BG,Pinus strobus,G,, ,,,,2
2,BG,Pinus strobus,G,, ,,,,1
2,BG,Pinus strobus,G,, ,,,,6
2,BG,Pinus strobus,G,, ,,,,10
2,BG,Pinus strobus,G,, ,,,,1
2,BG,Pinus strobus,G,, ,,,,1
2,BG,Pinus strobus,G,, ,,,,1
2,BG,Plantago maritima,G,, ,,,,9
2,BG,Poa pratensis,G,, ,,,,mass
2,BG,Podophyllum peltatum,G,, ,,,,mass
2,BG,Podophyllum peltatum,G,, ,,,,mass
2,BG,Podophyllum peltatum,G,, ,,,,1
2,BG,Podophyllum peltatum,G,, ,,,,mass
2,BG,Podophyllum peltatum,G,, ,,,,mass
2,BG,Populus balsamifera,G,, ,,,,1
2,BG,Populus balsamifera,G,, ,,,,1
2,BG,Populus tremuloides,G,, ,,,,4
2,BG,Populus tremuloides,G,, ,,,,2
2,BG,Populus tremuloides,G,, ,,,,3
2,BG,Populus tremuloides,G,, ,,,,5
2,BG,Populus tremuloides,G,, ,,,,3
2,BG,Populus tremuloides,G,, ,,,,3
2,BG,Prunella vulgaris,G,, ,,,,1
2,BG,Prunus nigra,G,, ,,,,1
2,BG,Prunus nigra,G,, ,,,,1
2,BG,Prunus pumila,G,, ,,,,1
2,BG,Prunus serotina,G,, ,,,,1
2,BG,Prunus serotina,G,, ,,,,1
2,BG,Prunus serotina,G,, ,,,,1
2,BG,Prunus serotina,G,, ,,,,10
2,BG,Prunus serotina,G,, ,,,,2
2,BG,Prunus serotina,G,, ,,,,10
2,BG,Prunus serotina,G,, ,,,,1
2,BG,Prunus serotina,G,, ,,,,1
2,BG,Prunus virginiana,G,, ,,,,1
2,BG,Prunus virginiana var. virginiana,G,, ,,,,1
2,BG,Pseudotsuga menziesii,G,, ,,,,1
2,BG,Pseudotsuga menziesii,G,, ,,,,1
2,BG,Pseudotsuga menziesii,G,, ,,,,1
2,BG,Pycnanthemum virginianum,G,, ,,,,3
2,BG,Quercus alba,G,, ,,,,1
2,BG,Quercus alba,G,, ,,,,1
2,BG,Quercus bicolor,G,, ,,,,2
2,BG,Quercus bicolor,G,, ,,,,5
2,BG,Quercus bicolor,G,, ,,,,1
2,BG,Quercus bicolor,G,, ,,,,4
2,BG,Quercus macrocarpa,G,, ,,,,1
2,BG,Quercus macrocarpa,G,, ,,,,1
2,BG,Quercus macrocarpa,G,, ,,,,1
2,BG,Quercus macrocarpa,G,, ,,,,2
2,BG,Quercus macrocarpa,G,, ,,,,1
2,BG,Quercus palustris,G,, ,,,,1
2,BG,Quercus palustris,G,, ,,,,1
2,BG,Quercus rubra,G,, ,,,,1
2,BG,Quercus rubra,G,, ,,,,1
2,BG,Quercus rubra,G,, ,,,,9
2,BG,Quercus rubra,G,, ,,,,1
2,BG,Quercus rubra,G,, ,,,,1
2,BG,Quercus rubra,G,, ,,,,1
2,BG,Quercus rubra,G,, ,,,,4
2,BG,Quercus rubra,G,, ,,,,1
2,BG,Quercus rubra,G,, ,,,,1
2,BG,Quercus rubra,G,, ,,,,1
2,BG,Quercus rubra,G,, ,,,,1
2,BG,Quercus rubra,G,, ,,,,1
2,BG,Quercus rubra,G,, ,,,,1
2,BG,Quercus rubra,G,, ,,,,1
2,BG,Quercus rubra,G,, ,,,,2
2,BG,Quercus rubra,G,, ,,,,1
2,BG,Quercus rubra,G,, ,,,,1
2,BG,Quercus rubra,G,, ,,,,1
2,BG,Quercus rubra,G,, ,,,,1
2,BG,Quercus rubra,G,, ,,,,1
2,BG,Quercus rubra,G,, ,,,,1
2,BG,Quercus rubra,G,, ,,,,1
2,BG,Quercus rubra,G,, ,,,,1
2,BG,Rhodiola rosea,G,, ,,,,1
2,BG,Rhodiola rosea,G,, ,,,,15
2,BG,Rhododendron groenlandicum,G,, ,,,,36
2,BG,Rhododendron groenlandicum,G,, ,,,,4
2,BG,Rhododendron groenlandicum,G,, ,,,,20
2,BG,Rhododendron groenlandicum,G,, ,,,,1
2,BG,Rhododendron groenlandicum,G,, ,,,,1
2,BG,Rhododendron groenlandicum,G,, ,,,,1
2,BG,Rhododendron groenlandicum,G,, ,,,,2
2,BG,Ribes americanum,G,, ,,,,mass
2,BG,Ribes americanum,G,, ,,,,mass
2,BG,Ribes americanum,G,, ,,,,1
2,BG,Ribes americanum,G,, ,,,,1
2,BG,Ribes americanum,G,, ,,,,5
2,BG,Ribes aureum,G,, ,,,,mass
2,BG,Ribes aureum var. villosum,G,, ,,,,1
2,BG,Ribes cynosbati,G,, ,,,,15
2,BG,Ribes cynosbati,G,, ,,,,2
2,BG,Ribes lacustre,G,, ,,,,1
2,BG,Ribes oxyacanthoides,G,, ,,,,4
2,BG,Rosa acicularis,G,, ,,,,1
2,BG,Rosa arkansana,G,, ,,,,1
2,BG,Rosa blanda,G,, ,,,,mass
2,BG,Rosa blanda,G,, ,,,,mass
2,BG,Rosa nutkana,G,, ,,,,1
2,BG,Rosa palustris,G,, ,,,,2
2,BG,Rosa palustris,G,, ,,,,1
2,BG,Rosa palustris,G,, ,,,,5
2,BG,Rosa palustris,G,, ,,,,20
2,BG,Rosa palustris,G,, ,,,,mass
2,BG,Rosa palustris,G,, ,,,,1
2,BG,Rosa pisocarpa,G,, ,,,,1
2,BG,Rosa pisocarpa,G,, ,,,,1
2,BG,Rosa virginiana,G,, ,,,,1
2,BG,Rosa virginiana,G,, ,,,,1
2,BG,Rubus arcticus,G,, ,,,,mass
2,BG,Rubus arcticus,G,, ,,,,mass
2,BG,Rubus arcticus,G,, ,,,,mass
2,BG,Rubus idaeus,G,, ,,,,3
2,BG,Rubus idaeus,G,, ,,,,3
2,BG,Rubus idaeus,G,, ,,,,19
2,BG,Rubus idaeus,G,, ,,,,mass
2,BG,Rubus idaeus,G,, ,,,,4
2,BG,Rubus idaeus,G,, ,,,,mass
2,BG,Rubus idaeus,G,, ,,,,3
2,BG,Rubus idaeus,G,, ,,,,mass
2,BG,Rubus idaeus,G,, ,,,,1
2,BG,Rubus idaeus,G,, ,,,,mass
2,BG,Rubus idaeus,G,, ,,,,1
2,BG,Rubus idaeus,G,, ,,,,mass
2,BG,Rubus idaeus,G,, ,,,,mass
2,BG,Rubus idaeus,G,, ,,,,3
2,BG,Rubus idaeus,G,, ,,,,mass
2,BG,Rubus occidentalis,G,, ,,,,mass
2,BG,Rubus odoratus,G,, ,,,,mass
2,BG,Rubus odoratus,G,, ,,,,mass
2,BG,Rubus odoratus,G,, ,,,,mass
2,BG,Rubus odoratus,G,, ,,,,mass
2,BG,Rubus odoratus,G,, ,,,,mass
2,BG,Rubus odoratus,G,, ,,,,10
2,BG,Rubus odoratus,G,, ,,,,8
2,BG,Rubus odoratus,G,, ,,,,mass
2,BG,Rubus spectabilis,G,, ,,,,1
2,BG,Rubus spectabilis,G,, ,,,,6
2,BG,Sagittaria latifolia,G,, ,,,,mass
2,BG,Sagittaria latifolia,G,, ,,,,mass
2,BG,Sagittaria latifolia,G,, ,,,,3
2,BG,Salix arctica,G,, ,,,,1
2,BG,Salix arctica,G,, ,,,,1
2,BG,Salix arctophila,G,, ,,,,1
2,BG,Salix arctophila,G,, ,,,,1
2,BG,Salix arctophila,G,, ,,,,1
2,BG,Salix scouleriana,G,, ,,,,1
2,BG,Sambucus canadensis,G,, ,,,,1
2,BG,Sambucus canadensis,G,, ,,,,4
2,BG,Sambucus canadensis,G,, ,,,,1
2,BG,Sambucus canadensis,G,, ,,,,3
2,BG,Sambucus canadensis,G,, ,,,,2
2,BG,Sambucus canadensis,G,, ,,,,1
2,BG,Sambucus canadensis,G,, ,,,,1
2,BG,Sambucus canadensis,G,, ,,,,3
2,BG,Sambucus canadensis,G,, ,,,,2
2,BG,Sambucus canadensis,G,, ,,,,2
2,BG,Sambucus canadensis,G,, ,,,,4
2,BG,Sambucus canadensis,G,, ,,,,2
2,BG,Sambucus canadensis,G,, ,,,,2
2,BG,Sambucus canadensis,G,, ,,,,5
2,BG,Sambucus canadensis,G,, ,,,,1
2,BG,Sambucus canadensis,G,, ,,,,3
2,BG,Sambucus canadensis,G,, ,,,,3
2,BG,Sambucus canadensis,G,, ,,,,1
2,BG,Sambucus canadensis,G,, ,,,,1
2,BG,Sambucus racemosa,G,, ,,,,1
2,BG,Sambucus racemosa,G,, ,,,,3
2,BG,Sambucus racemosa,G,, ,,,,3
2,BG,Sambucus racemosa,G,, ,,,,3
2,BG,Sambucus racemosa,G,, ,,,,1
2,BG,Schizachyrium scoparium,G,, ,,,,3
2,BG,Schizachyrium scoparium,G,, ,,,,7
2,BG,Schizachyrium scoparium,G,, ,,,,6
2,BG,Schizachyrium scoparium,G,, ,,,,mass
2,BG,Schizachyrium scoparium,G,, ,,,,9
2,BG,Schizachyrium scoparium,G,, ,,,,9
2,BG,Schizachyrium scoparium,G,, ,,,,1
2,BG,Schizachyrium scoparium,G,, ,,,,7
2,BG,Sedum spathulifolium,G,, ,,,,3
2,BG,Shepherdia canadensis,G,, ,,,,1
2,BG,Silphium integrifolium,G,, ,,,,1
2,BG,Silphium perfoliatum,G,, ,,,,1
2,BG,Silphium perfoliatum,G,, ,,,,10
2,BG,Silphium perfoliatum,G,, ,,,,mass
2,BG,Silphium perfoliatum,G,, ,,,,1
2,BG,Silphium perfoliatum,G,, ,,,,1
2,BG,Silphium perfoliatum var. perfoliatum,G,, ,,,,1
2,BG,Sorbus decora,G,, ,,,,2
2,BG,Sorbus decora,G,, ,,,,1
2,BG,Sorbus decora,G,, ,,,,3
2,BG,Sorbus decora,G,, ,,,,3
2,BG,Sorbus decora,G,, ,,,,2
2,BG,Symphoricarpos albus,G,, ,,,,3
2,BG,Symphoricarpos albus,G,, ,,,,1
2,BG,Symphoricarpos albus,G,, ,,,,3
2,BG,Symphoricarpos albus,G,, ,,,,5
2,BG,Symphoricarpos albus,G,, ,,,,mass
2,BG,Taxus canadensis,G,, ,,,,9
2,BG,Taxus canadensis,G,, ,,,,1
2,BG,Taxus canadensis,G,, ,,,,5
2,BG,Taxus canadensis,G,, ,,,,10
2,BG,Taxus canadensis,G,, ,,,,7
2,BG,Taxus canadensis,G,, ,,,,1
2,BG,Taxus canadensis,G,, ,,,,4
2,BG,Thuja occidentalis,G,, ,,,,mass
2,BG,Thuja occidentalis,G,, ,,,,mass
2,BG,Thuja occidentalis,G,, ,,,,mass
2,BG,Thuja occidentalis,G,, ,,,,3
2,BG,Thuja occidentalis,G,, ,,,,3
2,BG,Thuja occidentalis,G,, ,,,,mass
2,BG,Thuja occidentalis,G,, ,,,,1
2,BG,Thuja occidentalis,G,, ,,,,mass
2,BG,Thuja occidentalis,G,, ,,,,1
2,BG,Thuja occidentalis,G,, ,,,,1
2,BG,Thuja occidentalis,G,, ,,,,3
2,BG,Thuja occidentalis,G,, ,,,,mass
2,BG,Thuja occidentalis,G,, ,,,,3
2,BG,Thuja occidentalis,G,, ,,,,4
2,BG,Thuja occidentalis,G,, ,,,,5
2,BG,Thuja occidentalis,G,, ,,,,7
2,BG,Thuja occidentalis,G,, ,,,,mass
2,BG,Thuja occidentalis,G,, ,,,,7
2,BG,Thuja occidentalis,G,, ,,,,5
2,BG,Thuja occidentalis,G,, ,,,,4
2,BG,Thuja occidentalis,G,, ,,,,mass
2,BG,Thuja occidentalis,G,, ,,,,1
2,BG,Thuja occidentalis,G,, ,,,,1
2,BG,Thuja occidentalis,G,, ,,,,7
2,BG,Thuja occidentalis,G,, ,,,,3
2,BG,Thuja occidentalis,G,, ,,,,3
2,BG,Thuja occidentalis,G,, ,,,,mass
2,BG,Thuja occidentalis,G,, ,,,,5
2,BG,Thuja occidentalis,G,, ,,,,3
2,BG,Thuja occidentalis,G,, ,,,,1
2,BG,Thuja occidentalis,G,, ,,,,39
2,BG,Thuja occidentalis,G,, ,,,,1
2,BG,Thuja occidentalis,G,, ,,,,3
2,BG,Thuja occidentalis,G,, ,,,,12
2,BG,Thuja occidentalis,G,, ,,,,11
2,BG,Thuja occidentalis,G,, ,,,,5
2,BG,Thuja occidentalis,G,, ,,,,3
2,BG,Thuja occidentalis,G,, ,,,,3
2,BG,Thuja occidentalis,G,, ,,,,3
2,BG,Thuja occidentalis,G,, ,,,,2
2,BG,Thuja occidentalis,G,, ,,,,2
2,BG,Thuja occidentalis,G,, ,,,,mass
2,BG,Thuja occidentalis,G,, ,,,,3
2,BG,Thuja occidentalis,G,, ,,,,3
2,BG,Thuja occidentalis,G,, ,,,,3
2,BG,Thuja occidentalis,G,, ,,,,1
2,BG,Thuja occidentalis,G,, ,,,,1
2,BG,Thuja occidentalis,G,, ,,,,9
2,BG,Thuja occidentalis,G,, ,,,,1
2,BG,Thuja occidentalis,G,, ,,,,2
2,BG,Thuja occidentalis,G,, ,,,,6
2,BG,Thuja occidentalis,G,, ,,,,2
2,BG,Thuja occidentalis,G,, ,,,,1
2,BG,Thuja occidentalis,G,, ,,,,10
2,BG,Thuja occidentalis,G,, ,,,,1
2,BG,Thuja occidentalis,G,, ,,,,mass
2,BG,Thuja occidentalis,G,, ,,,,mass
2,BG,Thuja occidentalis,G,, ,,,,3
2,BG,Thuja occidentalis,G,, ,,,,3
2,BG,Thuja occidentalis,G,, ,,,,2
2,BG,Thuja occidentalis,G,, ,,,,mass
2,BG,Thuja occidentalis,G,, ,,,,1
2,BG,Thuja occidentalis,G,, ,,,,2
2,BG,Thuja occidentalis,G,, ,,,,7
2,BG,Thuja occidentalis,G,, ,,,,mass
2,BG,Thuja occidentalis,G,, ,,,,1
2,BG,Thuja occidentalis,G,, ,,,,6
2,BG,Thuja occidentalis,G,, ,,,,2
2,BG,Thuja occidentalis,G,, ,,,,1
2,BG,Thuja occidentalis,G,, ,,,,5
2,BG,Thuja occidentalis,G,, ,,,,3
2,BG,Thuja occidentalis,G,, ,,,,1
2,BG,Thuja occidentalis,G,, ,,,,2
2,BG,Thuja occidentalis,G,, ,,,,3
2,BG,Thuja occidentalis,G,, ,,,,mass
2,BG,Thuja occidentalis,G,, ,,,,3
2,BG,Thuja occidentalis,G,, ,,,,5
2,BG,Thuja occidentalis,G,, ,,,,3
2,BG,Thuja occidentalis,G,, ,,,,1
2,BG,Thuja occidentalis,G,, ,,,,1
2,BG,Thuja occidentalis,G,, ,,,,3
2,BG,Thuja occidentalis,G,, ,,,,3
2,BG,Thuja occidentalis,G,, ,,,,3
2,BG,Thuja occidentalis,G,, ,,,,3
2,BG,Thuja occidentalis,G,, ,,,,3
2,BG,Thuja occidentalis,G,, ,,,,6
2,BG,Thuja occidentalis,G,, ,,,,2
2,BG,Thuja occidentalis,G,, ,,,,3
2,BG,Thuja occidentalis,G,, ,,,,3
2,BG,Thuja occidentalis,G,, ,,,,4
2,BG,Thuja occidentalis,G,, ,,,,3
2,BG,Thuja occidentalis,G,, ,,,,2
2,BG,Thuja occidentalis,G,, ,,,,2
2,BG,Thuja occidentalis,G,, ,,,,3
2,BG,Thuja occidentalis,G,, ,,,,1
2,BG,Thuja occidentalis,G,, ,,,,1
2,BG,Thuja occidentalis,G,, ,,,,1
2,BG,Thuja occidentalis,G,, ,,,,3
2,BG,Thuja occidentalis,G,, ,,,,1
2,BG,Thuja occidentalis,G,, ,,,,2
2,BG,Thuja occidentalis,G,, ,,,,3
2,BG,Thuja occidentalis,G,, ,,,,1
2,BG,Thuja occidentalis,G,, ,,,,3
2,BG,Thuja occidentalis,G,, ,,,,1
2,BG,Thuja occidentalis,G,, ,,,,1
2,BG,Thuja occidentalis,G,, ,,,,4
2,BG,Thuja occidentalis,G,, ,,,,3
2,BG,Thuja occidentalis,G,, ,,,,3
2,BG,Thuja occidentalis,G,, ,,,,10
2,BG,Thuja occidentalis,G,, ,,,,3
2,BG,Thuja occidentalis,G,, ,,,,11
2,BG,Thuja occidentalis,G,, ,,,,1
2,BG,Thuja occidentalis,G,, ,,,,5
2,BG,Thuja occidentalis,G,, ,,,,3
2,BG,Thuja occidentalis,G,, ,,,,3
2,BG,Thuja occidentalis,G,, ,,,,2
2,BG,Thuja occidentalis,G,, ,,,,3
2,BG,Thuja occidentalis,G,, ,,,,5
2,BG,Thuja occidentalis,G,, ,,,,1
2,BG,Thuja occidentalis,G,, ,,,,1
2,BG,Thuja occidentalis,G,, ,,,,3
2,BG,Thuja occidentalis,G,, ,,,,mass
2,BG,Thuja occidentalis,G,, ,,,,3
2,BG,Thuja occidentalis,G,, ,,,,3
2,BG,Thuja occidentalis,G,, ,,,,3
2,BG,Thuja occidentalis,G,, ,,,,3
2,BG,Thuja occidentalis,G,, ,,,,1
2,BG,Thuja occidentalis,G,, ,,,,5
2,BG,Thuja occidentalis,G,, ,,,,3
2,BG,Thuja occidentalis,G,, ,,,,1
2,BG,Thuja occidentalis,G,, ,,,,1
2,BG,Thuja occidentalis,G,, ,,,,1
2,BG,Thuja occidentalis,G,, ,,,,2
2,BG,Thuja occidentalis,G,, ,,,,2
2,BG,Thuja occidentalis,G,, ,,,,2
2,BG,Thuja occidentalis,G,, ,,,,1
2,BG,Thuja occidentalis,G,, ,,,,1
2,BG,Thuja occidentalis,G,, ,,,,1
2,BG,Thuja occidentalis,G,, ,,,,1
2,BG,Thuja occidentalis,G,, ,,,,1
2,BG,Thuja occidentalis,G,, ,,,,1
2,BG,Thuja occidentalis,G,, ,,,,1
2,BG,Thuja occidentalis,G,, ,,,,1
2,BG,Thuja occidentalis,G,, ,,,,1
2,BG,Thuja occidentalis,G,, ,,,,3
2,BG,Thuja occidentalis,G,, ,,,,3
2,BG,Thuja occidentalis,G,, ,,,,7
2,BG,Thuja occidentalis,G,, ,,,,mass
2,BG,Thuja occidentalis,G,, ,,,,3
2,BG,Thuja occidentalis,G,, ,,,,3
2,BG,Thuja occidentalis,G,, ,,,,1
2,BG,Thuja occidentalis,G,, ,,,,4
2,BG,Thuja occidentalis,G,, ,,,,109
2,BG,Thuja occidentalis,G,, ,,,,2
2,BG,Thuja occidentalis,G,, ,,,,5
2,BG,Thuja occidentalis,G,, ,,,,1
2,BG,Thuja occidentalis,G,, ,,,,5
2,BG,Thuja occidentalis,G,, ,,,,1
2,BG,Thuja occidentalis,G,, ,,,,3
2,BG,Thuja occidentalis,G,, ,,,,3
2,BG,Thuja occidentalis,G,, ,,,,3
2,BG,Thuja occidentalis,G,, ,,,,5
2,BG,Thuja occidentalis,G,, ,,,,3
2,BG,Thuja occidentalis,G,, ,,,,mass
2,BG,Thuja occidentalis,G,, ,,,,2
2,BG,Thuja occidentalis,G,, ,,,,3
2,BG,Thuja occidentalis,G,, ,,,,3
2,BG,Thuja occidentalis,G,, ,,,,1
2,BG,Thuja occidentalis,G,, ,,,,3
2,BG,Thuja occidentalis,G,, ,,,,3
2,BG,Thuja occidentalis,G,, ,,,,4
2,BG,Thuja occidentalis,G,, ,,,,4
2,BG,Thuja occidentalis,G,, ,,,,mass
2,BG,Thuja occidentalis,G,, ,,,,3
2,BG,Thuja occidentalis,G,, ,,,,3
2,BG,Thuja occidentalis,G,, ,,,,4
2,BG,Thuja occidentalis,G,, ,,,,6
2,BG,Thuja occidentalis,G,, ,,,,1
2,BG,Thuja occidentalis,G,, ,,,,1
2,BG,Thuja occidentalis,G,, ,,,,1
2,BG,Thuja occidentalis,G,, ,,,,1
2,BG,Thuja occidentalis,G,, ,,,,3
2,BG,Thuja occidentalis,G,, ,,,,3
2,BG,Thuja occidentalis,G,, ,,,,2
2,BG,Thuja occidentalis,G,, ,,,,3
2,BG,Thuja occidentalis,G,, ,,,,6
2,BG,Thuja occidentalis,G,, ,,,,2
2,BG,Thuja occidentalis,G,, ,,,,2
2,BG,Thuja occidentalis,G,, ,,,,1
2,BG,Thuja occidentalis,G,, ,,,,3
2,BG,Thuja occidentalis,G,, ,,,,3
2,BG,Thuja occidentalis,G,, ,,,,1
2,BG,Thuja occidentalis,G,, ,,,,3
2,BG,Thuja occidentalis,G,, ,,,,1
2,BG,Thuja occidentalis,G,, ,,,,1
2,BG,Thuja occidentalis,G,, ,,,,1
2,BG,Thuja occidentalis,G,, ,,,,3
2,BG,Thuja occidentalis,G,, ,,,,1
2,BG,Thuja occidentalis,G,, ,,,,5
2,BG,Thuja occidentalis,G,, ,,,,2
2,BG,Thuja occidentalis,G,, ,,,,1
2,BG,Thuja occidentalis,G,, ,,,,7
2,BG,Thuja occidentalis,G,, ,,,,10
2,BG,Thuja occidentalis,G,, ,,,,15
2,BG,Thuja occidentalis,G,, ,,,,3
2,BG,Thuja occidentalis,G,, ,,,,1
2,BG,Thuja occidentalis,G,, ,,,,5
2,BG,Thuja occidentalis,G,, ,,,,1
2,BG,Thuja occidentalis,G,, ,,,,3
2,BG,Thuja occidentalis,G,, ,,,,12
2,BG,Thuja occidentalis,G,, ,,,,1
2,BG,Thuja occidentalis,G,, ,,,,1
2,BG,Thuja occidentalis,G,, ,,,,1
2,BG,Thuja occidentalis,G,, ,,,,3
2,BG,Thuja occidentalis,G,, ,,,,1
2,BG,Thuja plicata,G,, ,,,,1
2,BG,Thuja plicata,G,, ,,,,3
2,BG,Thuja plicata,G,, ,,,,1
2,BG,Thuja plicata,G,, ,,,,1
2,BG,Thuja plicata,G,, ,,,,1
2,BG,Thuja plicata,G,, ,,,,1
2,BG,Thuja plicata,G,, ,,,,2
2,BG,Thuja plicata,G,, ,,,,3
2,BG,Tsuga canadensis,G,, ,,,,1
2,BG,Tsuga canadensis,G,, ,,,,1
2,BG,Tsuga canadensis,G,, ,,,,1
2,BG,Tsuga canadensis,G,, ,,,,3
2,BG,Tsuga canadensis,G,, ,,,,1
2,BG,Tsuga canadensis,G,, ,,,,2
2,BG,Tsuga canadensis,G,, ,,,,4
2,BG,Tsuga canadensis,G,, ,,,,3
2,BG,Tsuga canadensis,G,, ,,,,7
2,BG,Tsuga canadensis,G,, ,,,,1
2,BG,Tsuga canadensis,G,, ,,,,3
2,BG,Tsuga canadensis,G,, ,,,,1
2,BG,Tsuga canadensis,G,, ,,,,2
2,BG,Tsuga canadensis,G,, ,,,,1
2,BG,Tsuga canadensis,G,, ,,,,1
2,BG,Tsuga canadensis,G,, ,,,,1
2,BG,Tsuga canadensis,G,, ,,,,1
2,BG,Tsuga canadensis,G,, ,,,,1
2,BG,Tsuga canadensis,G,, ,,,,1
2,BG,Tsuga canadensis,G,, ,,,,1
2,BG,Tsuga canadensis,G,, ,,,,3
2,BG,Tsuga canadensis,G,, ,,,,1
2,BG,Tsuga canadensis,G,, ,,,,1
2,BG,Tsuga canadensis,G,, ,,,,3
2,BG,Tsuga canadensis,G,, ,,,,1
2,BG,Tsuga canadensis,G,, ,,,,1
2,BG,Tsuga canadensis,G,, ,,,,3
2,BG,Tsuga canadensis,G,, ,,,,1
2,BG,Tsuga canadensis,G,, ,,,,1
2,BG,Tsuga canadensis,G,, ,,,,4
2,BG,Tsuga canadensis,G,, ,,,,1
2,BG,Tsuga canadensis,G,, ,,,,1
2,BG,Tsuga canadensis,G,, ,,,,1
2,BG,Tsuga canadensis,G,, ,,,,1
2,BG,Tsuga canadensis,G,, ,,,,1
2,BG,Tsuga canadensis,G,, ,,,,2
2,BG,Tsuga canadensis,G,, ,,,,1
2,BG,Tsuga canadensis,G,, ,,,,1
2,BG,Tsuga canadensis,G,, ,,,,8
2,BG,Tsuga canadensis,G,, ,,,,1
2,BG,Tsuga canadensis,G,, ,,,,1
2,BG,Tsuga canadensis,G,, ,,,,1
2,BG,Tsuga canadensis,G,, ,,,,2
2,BG,Tsuga canadensis,G,, ,,,,1
2,BG,Tsuga canadensis,G,, ,,,,1
2,BG,Tsuga canadensis,G,, ,,,,2
2,BG,Tsuga canadensis,G,, ,,,,1
2,BG,Tsuga canadensis,G,, ,,,,1
2,BG,Tsuga canadensis,G,, ,,,,1
2,BG,Tsuga canadensis,G,, ,,,,1
2,BG,Tsuga canadensis,G,, ,,,,1
2,BG,Tsuga canadensis,G,, ,,,,1
2,BG,Tsuga canadensis,G,, ,,,,3
2,BG,Tsuga canadensis,G,, ,,,,1
2,BG,Tsuga canadensis,G,, ,,,,3
2,BG,Tsuga canadensis,G,, ,,,,1
2,BG,Tsuga canadensis,G,, ,,,,3
2,BG,Tsuga canadensis,G,, ,,,,1
2,BG,Tsuga canadensis,G,, ,,,,1
2,BG,Tsuga canadensis,G,, ,,,,1
2,BG,Tsuga canadensis,G,, ,,,,1
2,BG,Tsuga canadensis,G,, ,,,,7
2,BG,Tsuga canadensis,G,, ,,,,1
2,BG,Tsuga canadensis,G,, ,,,,1
2,BG,Tsuga canadensis,G,, ,,,,1
2,BG,Tsuga canadensis,G,, ,,,,1
2,BG,Tsuga canadensis,G,, ,,,,1
2,BG,Tsuga canadensis,G,, ,,,,1
2,BG,Tsuga canadensis,G,, ,,,,1
2,BG,Tsuga canadensis,G,, ,,,,7
2,BG,Tsuga canadensis,G,, ,,,,3
2,BG,Tsuga canadensis,G,, ,,,,1
2,BG,Tsuga canadensis,G,, ,,,,3
2,BG,Tsuga canadensis,G,, ,,,,1
2,BG,Tsuga canadensis,G,, ,,,,4
2,BG,Tsuga canadensis,G,, ,,,,1
2,BG,Tsuga canadensis,G,, ,,,,1
2,BG,Tsuga canadensis,G,, ,,,,3
2,BG,Tsuga canadensis,G,, ,,,,12
2,BG,Tsuga canadensis,G,, ,,,,1
2,BG,Tsuga canadensis,G,, ,,,,1
2,BG,Tsuga canadensis,G,, ,,,,1
2,BG,Tsuga canadensis,G,, ,,,,1
2,BG,Tsuga canadensis,G,, ,,,,4
2,BG,Tsuga canadensis,G,, ,,,,1
2,BG,Tsuga canadensis,G,, ,,,,1
2,BG,Tsuga canadensis,G,, ,,,,1
2,BG,Tsuga canadensis,G,, ,,,,1
2,BG,Ulmus americana,G,, ,,,,1
2,BG,Ulmus thomasii,G,, ,,,,1
2,BG,Ulmus thomasii,G,, ,,,,1
2,BG,Urtica dioica,G,, ,,,,1
2,BG,Urtica dioica,G,, ,,,,mass
2,BG,Urtica dioica,G,, ,,,,mass
2,BG,Urtica dioica,G,, ,,,,1
2,BG,Urtica dioica,G,, ,,,,mass
2,BG,Urtica dioica,G,, ,,,,mass
2,BG,Vaccinium angustifolium,G,, ,,,,15
2,BG,Vaccinium angustifolium,G,, ,,,,mass
2,BG,Vaccinium angustifolium,G,, ,,,,11
2,BG,Vaccinium angustifolium,G,, ,,,,4
2,BG,Vaccinium angustifolium,G,, ,,,,2
2,BG,Vaccinium angustifolium,G,, ,,,,7
2,BG,Vaccinium angustifolium,G,, ,,,,9
2,BG,Vaccinium angustifolium,G,, ,,,,mass
2,BG,Vaccinium angustifolium,G,, ,,,,5
2,BG,Vaccinium angustifolium,G,, ,,,,3
2,BG,Vaccinium angustifolium,G,, ,,,,15
2,BG,Vaccinium angustifolium,G,, ,,,,mass
2,BG,Vaccinium angustifolium,G,, ,,,,mass
2,BG,Vaccinium corymbosum,G,, ,,,,3
2,BG,Vaccinium corymbosum,G,, ,,,,3
2,BG,Vaccinium corymbosum,G,, ,,,,2
2,BG,Vaccinium corymbosum,G,, ,,,,1
2,BG,Vaccinium corymbosum,G,, ,,,,1
2,BG,Vaccinium corymbosum,G,, ,,,,3
2,BG,Vaccinium corymbosum,G,, ,,,,2
2,BG,Vaccinium corymbosum,G,, ,,,,2
2,BG,Vaccinium corymbosum,G,, ,,,,2
2,BG,Vaccinium corymbosum,G,, ,,,,2
2,BG,Vaccinium corymbosum,G,, ,,,,3
2,BG,Vaccinium corymbosum,G,, ,,,,1
2,BG,Vaccinium corymbosum,G,, ,,,,6
2,BG,Vaccinium corymbosum,G,, ,,,,2
2,BG,Vaccinium corymbosum,G,, ,,,,2
2,BG,Vaccinium corymbosum,G,, ,,,,3
2,BG,Vaccinium corymbosum,G,, ,,,,2
2,BG,Vaccinium corymbosum,G,, ,,,,1
2,BG,Vaccinium corymbosum,G,, ,,,,3
2,BG,Vaccinium vitis-idaea,G,, ,,,,1
2,BG,Vaccinium vitis-idaea,G,, ,,,,4
2,BG,Vaccinium vitis-idaea,G,, ,,,,mass
2,BG,Viburnum dentatum,G,, ,,,,6
2,BG,Viburnum lantana,G,, ,,,,2
2,BG,Viburnum lantana,G,, ,,,,1
2,BG,Viburnum lantana,G,, ,,,,1
2,BG,Viburnum lantana,G,, ,,,,1
2,BG,Viburnum lantana,G,, ,,,,5
2,BG,Viburnum lantana,G,, ,,,,1
2,BG,Viburnum lantana,G,, ,,,,3
2,BG,Viburnum lantana,G,, ,,,,1
2,BG,Viburnum lantana,G,, ,,,,1
2,BG,Viburnum lantana,G,, ,,,,1
2,BG,Viburnum lantana,G,, ,,,,1
2,BG,Viburnum lantana,G,, ,,,,1
2,BG,Viburnum lantana,G,, ,,,,7
2,BG,Viburnum lantana,G,, ,,,,3
2,BG,Viburnum lentago,G,, ,,,,1
2,BG,Viburnum lentago,G,, ,,,,1
2,BG,Viburnum lentago,G,, ,,,,1
2,BG,Viburnum lentago,G,, ,,,,1
2,BG,Viburnum lentago,G,, ,,,,4
2,BG,Viburnum lentago,G,, ,,,,4
2,BG,Viburnum lentago,G,, ,,,,5
2,BG,Viburnum nudum,G,, ,,,,3
2,BG,Viburnum nudum,G,, ,,,,1
2,BG,Viburnum nudum,G,, ,,,,4
2,BG,Viburnum nudum,G,, ,,,,mass
2,BG,Viburnum nudum var. cassinoides,G,, ,,,,1
2,BG,Viburnum nudum var. cassinoides,G,, ,,,,3
2,BG,Viburnum opulus,G,, ,,,,3
2,BG,Viburnum opulus var. americanum,G,, ,,,,1
2,BG,Viburnum opulus var. americanum,G,, ,,,,1
2,BG,Viburnum opulus var. americanum,G,, ,,,,mass
2,BG,Viburnum opulus var. americanum,G,, ,,,,1
2,BG,Viburnum opulus var. americanum,G,, ,,,,1
2,BG,Viburnum opulus var. americanum,G,, ,,,,3
2,BG,Viburnum opulus var. americanum,G,, ,,,,4
2,BG,Viburnum opulus var. americanum,G,, ,,,,1
2,BG,Viburnum opulus var. americanum,G,, ,,,,1
2,BG,Viburnum opulus var. americanum,G,, ,,,,1
2,BG,Viburnum opulus var. americanum,G,, ,,,,3
2,BG,Viburnum opulus var. opulus,G,, ,,,,2
2,BG,Xanthocyparis nootkatensis,G,, ,,,,1
2,BG,Zizania aquatica,G,, ,,,,10
2,BG,Thuja occidentalis,G,United States of America,\\.,,,,1
2,BG,Thuja occidentalis,G,United States of America,\\.,,,,2
2,BG,Acer rubrum,U,, ,,,,1
2,BG,Allium cernuum,U,, ,,,,mass
2,BG,Allium tricoccum,U,, ,,,,mass
2,BG,Allium tricoccum,U,, ,,,,mass
2,BG,Allium tricoccum,U,, ,,,,mass
2,BG,Alnus alnobetula,U,, ,,,,2
2,BG,Alnus incana,U,, ,,,,11
2,BG,Alnus incana,U,, ,,,,6
2,BG,Amelanchier canadensis,U,, ,,,,3
2,BG,Amelanchier canadensis,U,, ,,,,2
2,BG,Amelanchier canadensis,U,, ,,,,7
2,BG,Amelanchier laevis,U,, ,,,,1
2,BG,Amphicarpaea bracteata,U,, ,,,,1
2,BG,Aralia nudicaulis,U,, ,,,,mass
2,BG,Aralia nudicaulis,U,, ,,,,mass
2,BG,Arctostaphylos uva-ursi,U,, ,,,,mass
2,BG,Arctostaphylos uva-ursi,U,, ,,,,mass
2,BG,Aruncus dioicus,U,, ,,,,5
2,BG,Aruncus dioicus,U,, ,,,,mass
2,BG,Asarum canadense,U,, ,,,,mass
2,BG,Asarum canadense,U,, ,,,,mass
2,BG,Asarum canadense,U,, ,,,,mass
2,BG,Asarum canadense,U,, ,,,,mass
2,BG,Asarum canadense,U,, ,,,,mass
2,BG,Asarum canadense,U,, ,,,,mass
2,BG,Asarum canadense,U,, ,,,,mass
2,BG,Astragalus alpinus,U,, ,,,,mass
2,BG,Celtis occidentalis,U,, ,,,,1
2,BG,Claytonia virginica,U,, ,,,,mass
2,BG,Cornus canadensis,U,, ,,,,4
2,BG,Cornus sericea,U,, ,,,,2
2,BG,Cornus sericea,U,, ,,,,1
2,BG,Cornus sericea,U,, ,,,,1
2,BG,Corylus cornuta,U,, ,,,,2
2,BG,Corylus cornuta,U,, ,,,,1
2,BG,Dasiphora fruticosa,U,, ,,,,1
2,BG,Dasiphora fruticosa,U,, ,,,,1
2,BG,Dasiphora fruticosa,U,, ,,,,5
2,BG,Erythronium americanum,U,, ,,,,mass
2,BG,Erythronium americanum,U,, ,,,,mass
2,BG,Erythronium americanum,U,, ,,,,mass
2,BG,Erythronium americanum,U,, ,,,,mass
2,BG,Erythronium americanum,U,, ,,,,mass
2,BG,Erythronium americanum,U,, ,,,,mass
2,BG,Erythronium americanum,U,, ,,,,mass
2,BG,Erythronium americanum,U,, ,,,,mass
2,BG,Fragaria virginiana,U,, ,,,,mass
2,BG,Fraxinus americana,U,, ,,,,1
2,BG,Fraxinus americana,U,, ,,,,1
2,BG,Fraxinus americana,U,, ,,,,1
2,BG,Fraxinus americana,U,, ,,,,1
2,BG,Fraxinus nigra,U,, ,,,,1
2,BG,Fraxinus nigra,U,, ,,,,1
2,BG,Fraxinus pennsylvanica,U,, ,,,,1
2,BG,Fraxinus pennsylvanica,U,, ,,,,1
2,BG,Fraxinus pennsylvanica,U,, ,,,,1
2,BG,Fraxinus pennsylvanica,U,, ,,,,1
2,BG,Fraxinus pennsylvanica,U,, ,,,,1
2,BG,Fraxinus pennsylvanica,U,, ,,,,1
2,BG,Fraxinus pennsylvanica,U,, ,,,,1
2,BG,Fraxinus pennsylvanica,U,, ,,,,1
2,BG,Fraxinus pennsylvanica,U,, ,,,,1
2,BG,Fraxinus pennsylvanica,U,, ,,,,1
2,BG,Fraxinus quadrangulata,U,, ,,,,1
2,BG,Juglans cinerea,U,, ,,,,1
2,BG,Juniperus communis var. saxatilis,U,, ,,,,1
2,BG,Larix laricina,U,, ,,,,1
2,BG,Larix laricina,U,, ,,,,17
2,BG,Larix laricina,U,, ,,,,1
2,BG,Larix laricina,U,, ,,,,2
2,BG,Larix laricina,U,, ,,,,5
2,BG,Larix laricina,U,, ,,,,3
2,BG,Larix laricina,U,, ,,,,1
2,BG,Larix laricina,U,, ,,,,2
2,BG,Larix laricina,U,, ,,,,4
2,BG,Linum lewisii,U,, ,,,,35
2,BG,Linum lewisii,U,, ,,,,mass
2,BG,Linum lewisii,U,, ,,,,mass
2,BG,Linum lewisii,U,, ,,,,6
2,BG,Mahonia repens,U,, ,,,,mass
2,BG,Maianthemum racemosum,U,, ,,,,mass
2,BG,Maianthemum racemosum,U,, ,,,,mass
2,BG,Maianthemum racemosum,U,, ,,,,mass
2,BG,Maianthemum racemosum,U,, ,,,,mass
2,BG,Maianthemum racemosum,U,, ,,,,mass
2,BG,Maianthemum racemosum,U,, ,,,,1
2,BG,Maianthemum racemosum,U,, ,,,,mass
2,BG,Maianthemum racemosum,U,, ,,,,mass
2,BG,Maianthemum racemosum,U,, ,,,,mass
2,BG,Maianthemum racemosum,U,, ,,,,mass
2,BG,Monarda fistulosa,U,, ,,,,mass
2,BG,Morella pensylvanica,U,, ,,,,1
2,BG,Morella pensylvanica,U,, ,,,,mass
2,BG,Morella pensylvanica,U,, ,,,,mass
2,BG,Morella pensylvanica,U,, ,,,,mass
2,BG,Morella pensylvanica,U,, ,,,,1
2,BG,Myrica gale,U,, ,,,,mass
2,BG,Phalaris arundinacea,U,, ,,,,mass
2,BG,Picea glauca,U,, ,,,,1
2,BG,Picea glauca,U,, ,,,,1
2,BG,Picea glauca,U,, ,,,,4
2,BG,Picea glauca,U,, ,,,,1
2,BG,Picea glauca,U,, ,,,,3
2,BG,Pinus banksiana,U,, ,,,,1
2,BG,Pinus banksiana,U,, ,,,,1
2,BG,Pinus banksiana,U,, ,,,,1
2,BG,Pinus contorta,U,, ,,,,1
2,BG,Pinus contorta var. latifolia,U,, ,,,,1
2,BG,Pinus ponderosa,U,, ,,,,1
2,BG,Pinus rigida,U,, ,,,,1
2,BG,Pinus strobus,U,, ,,,,1
2,BG,Pinus strobus,U,, ,,,,1
2,BG,Podophyllum peltatum,U,, ,,,,6
2,BG,Podophyllum peltatum,U,, ,,,,mass
2,BG,Podophyllum peltatum,U,, ,,,,mass
2,BG,Podophyllum peltatum,U,, ,,,,3
2,BG,Prunus serotina,U,, ,,,,1
2,BG,Prunus serotina,U,, ,,,,1
2,BG,Prunus serotina,U,, ,,,,1
2,BG,Prunus virginiana,U,, ,,,,mass
2,BG,Prunus virginiana,U,, ,,,,1
2,BG,Pseudotsuga menziesii,U,, ,,,,3
2,BG,Pseudotsuga menziesii,U,, ,,,,1
2,BG,Pseudotsuga menziesii,U,, ,,,,2
2,BG,Pseudotsuga menziesii,U,, ,,,,1
2,BG,Pseudotsuga menziesii,U,, ,,,,3
2,BG,Pseudotsuga menziesii,U,, ,,,,3
2,BG,Quercus macrocarpa,U,, ,,,,1
2,BG,Quercus rubra,U,, ,,,,1
2,BG,Rhodiola rosea,U,, ,,,,1
2,BG,Rhododendron groenlandicum,U,, ,,,,1
2,BG,Ribes cynosbati,U,, ,,,,1
2,BG,Ribes cynosbati,U,, ,,,,2
2,BG,Ribes lacustre,U,, ,,,,1
2,BG,Rosa acicularis,U,, ,,,,1
2,BG,Rosa blanda,U,, ,,,,1
2,BG,Rosa blanda,U,, ,,,,1
2,BG,Rosa carolina,U,, ,,,,1
2,BG,Rosa nutkana,U,, ,,,,1
2,BG,Rosa palustris,U,, ,,,,1
2,BG,Rosa setigera,U,, ,,,,1
2,BG,Rosa virginiana,U,, ,,,,1
2,BG,Rosa woodsii,U,, ,,,,1
2,BG,Rubus arcticus,U,, ,,,,mass
2,BG,Rubus odoratus,U,, ,,,,mass
2,BG,Rubus odoratus,U,, ,,,,mass
2,BG,Rubus odoratus,U,, ,,,,mass
2,BG,Rubus odoratus,U,, ,,,,mass
2,BG,Sambucus caerulea,U,, ,,,,3
2,BG,Sambucus canadensis,U,, ,,,,1
2,BG,Sambucus canadensis,U,, ,,,,2
2,BG,Sambucus canadensis,U,, ,,,,6
2,BG,Shepherdia canadensis,U,, ,,,,2
2,BG,Sium suave,U,, ,,,,mass
2,BG,Taxus brevifolia,U,, ,,,,1
2,BG,Taxus canadensis,U,, ,,,,8
2,BG,Taxus canadensis,U,, ,,,,2
2,BG,Taxus canadensis,U,, ,,,,20
2,BG,Taxus canadensis,U,, ,,,,1
2,BG,Thuja plicata,U,, ,,,,1
2,BG,Tilia americana,U,, ,,,,1
2,BG,Tilia americana,U,, ,,,,1
2,BG,Tilia americana,U,, ,,,,1
2,BG,Tilia americana,U,, ,,,,1
2,BG,Triglochin maritima,U,, ,,,,mass
2,BG,Tsuga canadensis,U,, ,,,,1
2,BG,Tsuga canadensis,U,, ,,,,4
2,BG,Tsuga canadensis,U,, ,,,,1
2,BG,Tsuga canadensis,U,, ,,,,8
2,BG,Tsuga canadensis,U,, ,,,,2
2,BG,Tsuga canadensis,U,, ,,,,2
2,BG,Typha latifolia,U,, ,,,,mass
2,BG,Ulmus americana,U,, ,,,,1
2,BG,Ulmus americana,U,, ,,,,1
2,BG,Ulmus americana,U,, ,,,,1
2,BG,Ulmus americana,U,, ,,,,1
2,BG,Ulmus americana,U,, ,,,,1
2,BG,Viburnum lantana,U,, ,,,,mass
2,BG,Viburnum lantana,U,, ,,,,3
2,BG,Viburnum lantana,U,, ,,,,1
2,BG,Viburnum lentago,U,, ,,,,1
2,BG,Viburnum lentago,U,, ,,,,11
2,BG,Viburnum opulus var. americanum,U,, ,,,,1
2,BG,Viburnum opulus var. americanum,U,, ,,,,1
2,BG,Viburnum opulus var. americanum,U,, ,,,,3
2,BG,Viburnum opulus var. opulus,U,, ,,,,1
2,BG,Viburnum opulus var. opulus,U,, ,,,,1
2,BG,Viburnum opulus var. opulus,U,, ,,,,1
2,BG,Vitis aestivalis,U,, ,,,,1
2,BG,Picea glauca,U,Canada,"Canada: Arundel, prs de la Rivire Rouge, Qc.",45.965945,-74.616663,,1
2,BG,Betula populifolia,W,Canada, ,,,,1
2,BG,Carya cordiformis,W,Canada, ,,,,1
2,BG,Dasiphora fruticosa,W,Canada, ,,,,1
2,BG,Dasiphora fruticosa,W,Canada, ,,,,1
2,BG,Juniperus horizontalis,W,Canada, ,,,,1
2,BG,Juniperus horizontalis,W,Canada, ,,,,1
2,BG,Juniperus horizontalis,W,Canada, ,,,,1
2,BG,Picea rubens,W,Canada, ,,,,2
2,BG,Thuja occidentalis,W,Canada, ,,,,6
2,BG,Triglochin maritima,W,Canada, ,,,,3
2,BG,Fragaria vesca,W,Austria,"Austria: Salzburg, Grdig, Untersberg, Gemainberg. ca 489 m. Mixed forest, forest clearing, limestone. Johann Peter Gruber s.n. 15 Jul 2006.",,,,mass
2,BG,Maianthemum racemosum,W,Canada,Canada,45.832898,-71.381931,,mass
2,BG,Maianthemum racemosum,W,Canada,Canada,,,,mass
2,BG,Maianthemum racemosum,W,Canada,Canada,,,,mass
2,BG,Maianthemum racemosum,W,Canada,Canada,,,,2
2,BG,Quercus macrocarpa,W,Canada,Canada,,,,1
2,BG,Quercus macrocarpa,W,Canada,Canada.,,,,1
2,BG,Philadelphus lewisii,W,Canada,Canada: British Colombia.,,,British Columbia,3
2,BG,Myrica gale,W,Canada,"Canada: Co.L'islet: St-Jean-Port-Joli. M.Raymond, J.P. Gousy s.n. 15 Sep 1953.",47.214787,-70.261754,,2
2,BG,Sorbus sitchensis var. sitchensis,W,Canada,"Canada: Colombie-Britanique: Mt. Tod (BL). 121 m. 5055'N, 11956""W.",50.55,-119.56,,1
2,BG,Sorbus sitchensis var. sitchensis,W,Canada,"Canada: Colombie-Britanique: Mt. Tod (BL). 121 m. 5055'N, 11956""W.",50.55,-119.56,,2
2,BG,Sorbus sitchensis var. sitchensis,W,Canada,"Canada: Colombie-Britanique: Mt. Tod (BL). 121 m. 5055'N, 11956""W.",50.55,-119.56,,1
2,BG,Vaccinium uliginosum,W,Canada,"Canada: Gros-Mont, Notre-Dame-des Monts (Charlevoix). s.n. 2 Jul 2005.",47.665023,-70.379702,,1
2,BG,Fraxinus americana,W,Canada,"Canada: Ile Dowker, co. Vaudreuil, QC. 12/10/2003.",45.402337,-73.896881,,1
2,BG,Acer pensylvanicum,W,Canada,"Canada: Laval. Fort feuillue. 28 m. 4532'38.98""N, 7348'3.36""W. Coursol, F. s.n. 14 May 2018.",45.323898,-73.48336,,3
2,BG,Ribes americanum,W,Canada,"Canada: Laval. Fort feuillue. 28 m. 4532'38.98""N, 7348'3.36""W. Coursol, F. s.n. 14 May 2018.",45.323898,-73.48336,,3
2,BG,Ribes cynosbati,W,Canada,"Canada: Laval. Fort feuillue. 28 m. 4532'38.98""N, 7348'3.36""W. Coursol, F. s.n. 14 May 2018.",45.323898,-73.48336,,1
2,BG,Rosa acicularis,W,Canada,"Canada: Manitoba: Flin Flon, Swan River.",54.766015,-101.875027,,1
2,BG,Salix planifolia,W,Canada,"Canada: Mont Albert, le long du sentier,  la limite des arbres et de la zone alpine. ca 1027 m. 4856'12.1""N, 6610'22.1""W. Stphane Bailleul s.n. 10 Jul 2006.",48.56121,-66.10221,,1
2,BG,Rubus arcticus,W,Canada,"Canada: Mont de la Table, au nord-ouest du lac de la Table, le long d'un ruisseau. ca 1084 m. 4858'49.5""N, 6559'59""W. Stphane Bailleul s.n. 12 Jul 2006.",48.58497,-65.59,,2
2,BG,Rubus arcticus,W,Canada,"Canada: Mont de la Table, au nord-ouest du lac de la Table, le long d'un ruisseau. ca 1084 m. 4858'49.5""N, 6559'59""W. Stphane Bailleul s.n. 12 Jul 2006.",48.58497,-65.59,,1
2,BG,Salix planifolia,W,Canada,"Canada: Mont de la Table, prs de la rive nord-ouest du lac de la Table. ca 1086 m. 4858'49.7""N, 6600'01.8""W. Stphane Bailleul s.n. 12 Jul 2006.",48.58497,-66.0001,,2
2,BG,Lysichiton americanus,W,Canada,"Canada: Near Malahat B.C. (Victoria Island) half way between turnoff from highway 1 to South end of Shawinigan Lake road, on Shawinigan Lake rd. Swamp. Growing in detrital peat under a canopy of Salix sp. part of a scattered larger population. ca 240 m. 4835'N, 12337'W. R. Hebda s.n. 18 Mar 1984.",48.35,-123.37,,1
2,BG,Pycnanthemum virginianum,W,Canada,Canada: Ontario.,,,Ontario,mass
2,BG,Allium tricoccum,W,Canada,"Canada: Ontario: Bellamy, Mills Rd., entre Ramsay Concession 6D et 7B. Nathalie Petit s.n. 15 May 2018.",45.215329,-76.301422,,4
2,BG,Corylus americana,W,Canada,Canada: Ontario: Ile Cornwall.,45.006393,-74.721485,,1
2,BG,Corylus americana,W,Canada,Canada: Ontario: Ile Cornwall.,45.006393,-74.721485,,1
2,BG,Corylus americana,W,Canada,Canada: Ontario: Ile Cornwall.,45.006393,-74.721485,,3
2,BG,Corylus americana,W,Canada,Canada: Ontario: Ile Cornwall.,45.006393,-74.721485,,mass
2,BG,Dasiphora fruticosa,W,Canada,Canada: Ontario: Oliphant.,44.7326,-81.266667,,2
2,BG,Dasiphora fruticosa,W,Canada,Canada: Ontario: Oliphant.,44.7326,-81.266667,,1
2,BG,Dasiphora fruticosa,W,Canada,Canada: Ontario: Oliphant.,44.7326,-81.266667,,2
2,BG,Dasiphora fruticosa,W,Canada,Canada: Ontario: Oliphant.,44.7326,-81.266667,,1
2,BG,Betula alleghaniensis,W,Canada,"Canada: Ontario: Queen Victoria Park, Niagara Falls. 434'23""N, 794'49""W.",43.423,-79.449,,1
2,BG,Betula alleghaniensis,W,Canada,"Canada: Ontario: Queen Victoria Park, Niagara Falls. 434'23""N, 794'49""W.",43.423,-79.449,,1
2,BG,Blitum capitatum,W,Canada,Canada: Qc (sans autre dtail).,,,Quebec,mass
2,BG,Elymus hystrix,W,Canada,Canada: Qubec.,,,Quebec,2
2,BG,Larix laricina,W,Canada,Canada: Qubec.,,,Quebec,9
2,BG,Vaccinium oxycoccos,W,Canada,Canada: Qubec.,,,Quebec,1
2,BG,Bromus kalmii,W,Canada,Canada: Qubec: Alvar de Kilroy Station. Urgence Conservation BRKA03. 28 Aug 2002.,,,Quebec,3
2,BG,Maianthemum stellatum,W,Canada,"Canada: Qubec: Archipel de Mingan. Pierre Brochu, Michel-Andr Otis s.n. 23 Aug 1986.",50.220421,-63.624484,,mass
2,BG,Maianthemum stellatum,W,Canada,"Canada: Qubec: Archipel de Mingan. Pierre Brochu, Michel-Andr Otis s.n. 23 Aug 1986.",50.220421,-63.624484,,mass
2,BG,Maianthemum stellatum,W,Canada,"Canada: Qubec: Archipel de Mingan. Pierre Brochu, Michel-Andr Otis s.n. 23 Aug 1986.",50.220421,-63.624484,,mass
2,BG,Physaria arctica,W,Canada,"Canada: Qubec: le d'Anticosti, rivire Jupiter,  l'embouchure du ruisseau Trois-Milles. 4929'58.117344""N, 6331'55.79112""W. Jacques Labrecque s.n. 15 Aug 2008.",49.29581173,-63.315579,,1
2,BG,Quercus bicolor,W,Canada,"Canada: Qubec: les de la Paix, Cts de Beauharnois et de Chateauguay. QUBI 01. 17 Sep 2003.",45.333024,-73.8485,,1
2,BG,Vaccinium uliginosum,W,Canada,Canada: Qubec: Baie Johan-Beetz.,50.337655,-62.746151,,1
2,BG,Pycnanthemum virginianum,W,Canada,"Canada: Qubec: Bois de l'Ore, Laval. PYVI 02. 12 Sep 2002.",45.57379,-73.846903,,3
2,BG,Pycnanthemum virginianum,W,Canada,"Canada: Qubec: Bois de l'Ore, Laval. PYVI 02. 12 Sep 2002.",45.57379,-73.846903,,20
2,BG,Allium tricoccum,W,Canada,"Canada: Qubec: Bolton-Pass, Co.: Brome. N.Cornellier, L.Savoie, C. Picotte 277-82. 28 Sep 1982.",45.19346,-72.570961,,12
2,BG,Rosa virginiana,W,Canada,"Canada: Qubec: Bonaventure, M.R.C. Gaspsie. Simon Joly 1000-1. 1 Jul 2003.",48.067178,-65.452279,,1
2,BG,Acer nigrum,W,Canada,Canada: Qubec: Buckingham.,45.584759,-75.418035,,1
2,BG,Acer pensylvanicum,W,Canada,Canada: Qubec: Buckingham.,45.584759,-75.418035,,1
2,BG,Mitchella repens,W,Canada,Canada: Qubec: Buckingham.,45.584759,-75.418035,,3
2,BG,Allium tricoccum,W,Canada,Canada: Qubec: Buckingham. Urgence Conservation ALTR21.,45.584759,-75.418035,,mass
2,BG,Allium tricoccum,W,Canada,Canada: Qubec: Buckingham. Urgence Conservation ALTR21.,45.584759,-75.418035,,mass
2,BG,Aralia nudicaulis,W,Canada,"Canada: Qubec: Camp Notre-Dame, Rawdon.",46.063545,-73.727693,,mass
2,BG,Corylus cornuta,W,Canada,"Canada: Qubec: Camp Notre-Dame, Rawdon.",46.063545,-73.727693,,1
2,BG,Prunus nigra,W,Canada,Canada: Qubec: Chambly Co.: St-Lambert.,45.501434,-73.504364,,3
2,BG,Corylus cornuta,W,Canada,Canada: Qubec: Co. d'Argenteuil: Pointe-au-Chne.,45.644353,-74.746393,,7
2,BG,Acer spicatum,W,Canada,"Canada: Qubec: Co. Kamouraska: Quai de la Rivire Ouelle. N.Cornellier, F.Poulin, J.P. Gousy s.n. 1 Jul 1976.",47.564521,-69.863706,,1
2,BG,Shepherdia argentea,W,Canada,Canada: Qubec: Co. Laprairie: Saint-Isidore.,45.301624,-73.68071,,1
2,BG,Sagittaria latifolia,W,Canada,"Canada: Qubec: Co. Missisquoi: Cowansville. Normand Cornellier, Daniel Soulier, Denis Stonehouse s.n.",45.206213,-72.747333,,1
2,BG,Corylus cornuta,W,Canada,Canada: Qubec: Co. Rivire-du-Loup: Saint-Jean-de-Dieu.,48.003374,-69.046288,,5
2,BG,Corylus cornuta,W,Canada,Canada: Qubec: Co. Rivire-du-Loup: Saint-Jean-de-Dieu.,48.003374,-69.046288,,3
2,BG,Acer pensylvanicum,W,Canada,"Canada: Qubec: Co. Rouville: Mont St-Hilaire, dv. du Bois Ensoleill. Stefano Viola s.n. 21 Jun 2000.",45.554978,-73.161273,,1
2,BG,Fragaria virginiana,W,Canada,Canada: Qubec: Como.,45.441839,-74.1075,,mass
2,BG,Vaccinium angustifolium,W,Canada,Canada: Qubec: Covey Hill.,45.019366,-73.757323,,mass
2,BG,Vaccinium angustifolium,W,Canada,Canada: Qubec: Covey Hill.,45.019366,-73.757323,,1
2,BG,Prunus serotina,W,Canada,Canada: Qubec: Dunham.,45.141493,-72.784529,,1
2,BG,Amelanchier sanguinea,W,Canada,"Canada: Qubec: Duparquet, Abitibi.",48.479326,-79.203875,,mass
2,BG,Abies balsamea,W,Canada,"Canada: Qubec: Durham-sud, ct de Drummond. s.n. 25 May 2000.",45.66073,-72.340952,,4
2,BG,Betula populifolia,W,Canada,"Canada: Qubec: Durham-sud, ct de Drummond. s.n. 25 May 2000.",45.66073,-72.340952,,3
2,BG,Vaccinium myrtilloides,W,Canada,"Canada: Qubec: Durham-sud, ct de Drummond. s.n. 25 May 2000.",45.66073,-72.340952,,2
2,BG,Vaccinium myrtilloides,W,Canada,"Canada: Qubec: Durham-sud, ct de Drummond. s.n. 25 May 2000.",45.66073,-72.340952,,1
2,BG,Vaccinium myrtilloides,W,Canada,"Canada: Qubec: Durham-sud, ct de Drummond. s.n. 25 May 2000.",45.66073,-72.340952,,2
2,BG,Helianthus divaricatus,W,Canada,"Canada: Qubec: Eardley, Ct Gatineau. HEDI 03. 10 Jun 2001.",45.551897,-76.099187,,mass
2,BG,Aralia nudicaulis,W,Canada,Canada: Qubec: Grand-Mre.,46.622788,-72.732312,,3
2,BG,Aralia nudicaulis,W,Canada,Canada: Qubec: Grand-Mre.,46.622788,-72.732312,,5
2,BG,Aralia nudicaulis,W,Canada,Canada: Qubec: Grand-Mre.,46.622788,-72.732312,,35
2,BG,Aralia nudicaulis,W,Canada,Canada: Qubec: Grand-Mre.,46.622788,-72.732312,,10
2,BG,Aralia nudicaulis,W,Canada,Canada: Qubec: Grand-Mre.,46.622788,-72.732312,,1
2,BG,Astragalus canadensis,W,Canada,"Canada: Qubec: Ile au Cheval, archipel de Montmagny. 4703'13.4""N, 7034'44.47""W. Stphane Bailleul, Frdric Coursol et Jacques Labrecque s.n. 7 Sep 2008.",47.03134,-70.344447,,1
2,BG,Allium canadense,W,Canada,"Canada: Qubec: Ile de la Pointe-des-Cascades, Ct Soulange.",45.329798,-73.944297,,mass
2,BG,Allium canadense,W,Canada,"Canada: Qubec: Ile de la Pointe-des-Cascades, Ct Soulange.",45.329798,-73.944297,,mass
2,BG,Shepherdia canadensis,W,Canada,"Canada: Qubec: Ile Quarry. Pierre Brochu, Michel-Andr Otis s.n. 23 Aug 1986.",50.214802,-63.81661,,2
2,BG,Shepherdia canadensis,W,Canada,"Canada: Qubec: Ile Quarry. Pierre Brochu, Michel-Andr Otis s.n. 23 Aug 1986.",50.214802,-63.81661,,1
2,BG,Podophyllum peltatum,W,Canada,"Canada: Qubec: Kahnawakhe, au nord de l'ancienne voie ferre et  l'est du la route Dell. Frdric Coursol s.n. 11 May 2007.",45.393123,-73.666048,,20
2,BG,Pinus banksiana,W,Canada,Canada: Qubec: Kamouraska.,47.566013,-69.865763,,1
2,BG,Vitis riparia,W,Canada,Canada: Qubec: Knox-Landing. Philippe Blais s.n. 1 Jul 2014.,45.479561,-76.382862,,1
2,BG,Pinus banksiana,W,Canada,"Canada: Qubec: Lac Fou, La Tuque. G. Lemieux s.n.",47.510161,-72.429693,,1
2,BG,Allium tricoccum,W,Canada,Canada: Qubec: Laval.,45.634398,-73.704242,,8
2,BG,Allium tricoccum,W,Canada,Canada: Qubec: Laval.,45.634398,-73.704242,,25
2,BG,Erythronium americanum,W,Canada,Canada: Qubec: Laval.,45.634398,-73.704242,,1
2,BG,Erythronium americanum,W,Canada,Canada: Qubec: Laval.,45.634398,-73.704242,,17
2,BG,Plantago maritima,W,Canada,Canada: Qubec: Le Bic.,48.352644,-68.755027,,1
2,BG,Helianthus divaricatus,W,Canada,"Canada: Qubec: L'Isle-aux-Allumettes, chemin Cottage. Fort mixte. 118 m. 4548'15.3""N, 7658'1.75""W. Bailleul, S.M.; Coursol, F.; Blais, P. s.n. 7 Sep 2014.",45.48153,-76.58175,,mass
2,BG,Quercus rubra,W,Canada,Canada: Qubec: Localit inconnue.,,,Quebec,1
2,BG,Helianthus divaricatus,W,Canada,"Canada: Qubec: Luskville, Ct Gatineau. HEDI 01. 19 Sep 2001.",45.539819,-76.023026,,mass
2,BG,Helianthus divaricatus,W,Canada,"Canada: Qubec: Luskville, Ct Gatineau. HEDI 01. 19 Sep 2001.",45.539819,-76.023026,,mass
2,BG,Juniperus horizontalis,W,Canada,Canada: Qubec: Miguasha.,48.085375,-66.275508,,1
2,BG,Juniperus horizontalis,W,Canada,Canada: Qubec: Miguasha.,48.085375,-66.275508,,3
2,BG,Juniperus horizontalis,W,Canada,Canada: Qubec: Miguasha.,48.085375,-66.275508,,5
2,BG,Juniperus horizontalis,W,Canada,Canada: Qubec: Miguasha.,48.085375,-66.275508,,3
2,BG,Acer nigrum,W,Canada,"Canada: Qubec: Mirabel. 75 m. 4510'24.68""N, 7359'40.19""W. Frdric Coursol et Stefano Viola s.n. 21 May 2015.",45.102468,-73.594019,,1
2,BG,Ulmus rubra,W,Canada,"Canada: Qubec: Mirabel. 75 m. 4510'24.68""N, 7359'40.19""W. Frdric Coursol et Stefano Viola s.n. 21 May 2015.",45.102468,-73.594019,,1
2,BG,Claytonia caroliniana,W,Canada,Canada: Qubec: Mont Saint-Hilaire. Stefano Viola s.n. 1 Jul 2001.,45.553055,-73.158526,,1
2,BG,Maianthemum racemosum,W,Canada,Canada: Qubec: Mont Saint-Hilaire. Stefano Viola s.n. 21 Jun 2000.,45.553055,-73.158526,,1
2,BG,Tsuga canadensis,W,Canada,Canada: Qubec: Mont Saint-Hilaire. Stefano Viola s.n. 21 Jun 2000.,45.553055,-73.158526,,1
2,BG,Asarum canadense,W,Canada,Canada: Qubec: Mont St-Grgoire.,45.3382,-73.162511,,mass
2,BG,Asarum canadense,W,Canada,Canada: Qubec: Mont St-Grgoire.,45.3382,-73.162511,,mass
2,BG,Vitis riparia,W,Canada,Canada: Qubec: Mont St-Grgoire. Viateur Paquin s.n.,45.3382,-73.162511,,3
2,BG,Quercus rubra,W,Canada,Canada: Qubec: Montral (Prsent sur le site du Jardin botanique avant sa constuction).,45.506822,-73.597618,,1
2,BG,Viburnum lentago,W,Canada,"Canada: Qubec: Montral, Rivire-des-Prairies.",45.506822,-73.597618,,1
2,BG,Acer saccharinum,W,Canada,Canada: Qubec: Montral.,45.506822,-73.597618,,1
2,BG,Ulmus americana,W,Canada,Canada: Qubec: Montral.,45.506822,-73.597618,,1
2,BG,Ulmus americana,W,Canada,Canada: Qubec: Montral.,45.506822,-73.597618,,1
2,BG,Sagittaria latifolia,W,Canada,"Canada: Qubec: MRC Argenteuil: le Jones. 22 4531'5.92""N, 7417'49.6""W. Bailleul, S.M. s.n. 21 Aug 2017.",45.47417,-74.93903,,1
2,BG,Tsuga canadensis,W,Canada,"Canada: Qubec: MRC Argenteuil: Mille-Isles. Fort conifrienne. ca 215 m. 4547'40.49""N, 749'38.5""W. Bernard, M.-J.; Coursol, F.; Gaudette, R. s.n. 24 Oct 2011.",45.47417,-74.93903,,3
2,BG,Calamagrostis canadensis,W,Canada,"Canada: Qubec: MRC Argenteuil: Mille-Isles. Marais. ca 215 m. 4547'41.70""N, 749'39.03""W. Rinfret-Pilon, A.; Coursol, F.; Laberge, V. s.n. 11 Oct 2017.",45.47417,-74.93903,,1
2,BG,Vaccinium corymbosum,W,Canada,"Canada: Qubec: MRC Brome-Missisquoi: Farnham, au nord du chemin Audette, emprise Hydro-Qubec. Tourbire, rablire rouge humide. 76 m. 4514'10.81""N, 7256'48.95""W. Coursol, F. s.n. 30 May 2012.",45.141081,-72.564895,,3
2,BG,Hamamelis virginiana,W,Canada,"Canada: Qubec: MRC Brome-Missisquoi: Farnham, au nord du chemin Audette, prs de l'emprise Hydro-Qubec. Fort feuillue. 76 m. 4514'15.98""N, 7256'38.92""W. Coursol, F. s.n. 30 May 2012.",45.141598,-72.563892,,3
2,BG,Aralia nudicaulis,W,Canada,"Canada: Qubec: MRC Charlevoix-Est: Saint-Simon (Port au Persil), rablire. Fort feuillue. rablire. 204 m. 4747'37.23""N, 6956'53.07""W. Butet, C.; Gaudette, R. s.n. 4 Aug 2013.",47.473723,-69.5653,,5
2,BG,Monarda fistulosa var. fistulosa,W,Canada,"Canada: Qubec: MRC Deux-Montagnes: Parc national d'Oka, calvaire d'Oka. Fort feuillue. 120 m. 4528'53.06""N, 743'55.53""W. Coursol, F. s.n. 22 Jul 2015.",45.285306,-74.35553,,7
2,BG,Hamamelis virginiana,W,Canada,"Canada: Qubec: MRC Deux-Montagnes: Parc national d'Oka. Fort mixte. 24 m. 4528'0.54""N, 743'8.51""W. Bailleul, S.M.; Coursol, F.; Gaudette, R. s.n. 13 Sep 2013.",45.28054,-74.3851,,3
2,BG,Plantago maritima,W,Canada,"Canada: Qubec: MRC Kamouraska: Kamouraska. Estuaire d'eau sale (rivage rocheux, graveleux). 5 m. 4735'52.42""N, 6948'51.85""W. Butet, C.; Gaudette, R. s.n. 11 Sep 2013.",47.3552,-69.4851,,18
2,BG,Chamaenerion angustifolium,W,Canada,"Canada: Qubec: MRC Kamouraska: Saint-Andr. Prairie humide. 23 m. 4739'2.21""N, 6944'36.44""W. Gaudette, R. s.n. 1 Sep 2015.",47.39221,-69.443644,,8
2,BG,Chamaenerion angustifolium,W,Canada,"Canada: Qubec: MRC Kamouraska: Saint-Andr. Prairie humide. 23 m. 4739'2.21""N, 6944'36.44""W. Gaudette, R. s.n. 1 Sep 2015.",47.39221,-69.443644,,6
2,BG,Vaccinium oxycoccos,W,Canada,"Canada: Qubec: MRC La Haute-Cte-Nord: Les Escoumins, quai des pilotes. Tourbire. 7 m. 4819'8.08""N, 6925'01.01""W. Dumas, S. s.n. 12 Sep 2015.",48.19808,-69.250101,,mass
2,BG,Rosa blanda,W,Canada,"Canada: Qubec: MRC La Haute-Gaspsie: Mont-Saint-Pierre. Falaises, escarpements, talus - calcaire. ca 365 m. 4913'28.39""N, 6547'12.72""W. Dumas, S. s.n. 15 Oct 2011.",49.132839,-65.471272,,mass
2,BG,Rosa blanda,W,Canada,"Canada: Qubec: MRC La Haute-Gaspsie: Mont-Saint-Pierre. Falaises, escarpements, talus - calcaire. ca 365 m. 4913'28.39""N, 6547'12.72""W. Dumas, S. s.n. 15 Oct 2011.",49.132839,-65.471272,,mass
2,BG,Acer pensylvanicum,W,Canada,"Canada: Qubec: MRC La Haute-Yamaska: Granby, Parc Bellevue. Fort feuillue. 121 m. 4524'20.71""N, 7242'46.95""W. Fleury N. s.n. 29 Sep 2013.",45.242071,-72.424695,,5
2,BG,Juglans cinerea,W,Canada,"Canada: Qubec: MRC La-Rivire-du-Nord: Saint-Hippolyte, Lac-Connelly. Ren Meilleur s.n. 3 Sep 1938.",45.930274,-74.024652,,1
2,BG,Zizania aquatica var. aquatica,W,Canada,"Canada: Qubec: MRC Le Haut-Richelieu: Saint-Georges-de-Clarenceville. Marais. 31 m. 4505'15""N, 7313'20""W. Bailleul, S.M.; Coursol, F.; Rinfret-Pilon, A s.n. 24 Sep 2013.",45.051,-73.132,,1
2,BG,Physalis heterophylla,W,Canada,"Canada: Qubec: MRC Le Haut-Saint-Laurent: Saint-Anicet, Cazaville. Lisire forestire. ca 67 m. 453'56.65""N, 7421'46.74""W. Bailleul, S.M.; Bernard, M.-J.; Coursol, F.; Gaudette, R. s.n. 28 Sep 2011.",45.35665,-74.214674,,1
2,BG,Triglochin maritima,W,Canada,"Canada: Qubec: MRC Les Basques: Notre-Dame-des-Neiges, grve Fatima. Rivage rocheux, graveleux. ca 1 m. 488'58.66""N, 698'54.6""W. Dumas, S. s.n. 1 Jul 2015.",48.45345,-69.115235,,mass
2,BG,Acer spicatum,W,Canada,"Canada: Qubec: MRC Les Basques: Notre-Dame-des-Neiges, rivire Trois-Pistoles. Fort feuillue. ca 65 m. 484'53.45""N, 6911'52.35""W. Dumas, S. s.n. 2 Sep 2011.",48.45345,-69.115235,,4
2,BG,Rosa palustris,W,Canada,"Canada: Qubec: MRC Les Collines-de-l'Outaouais: Marcage prs de la plage du lac La Pche, au bout du chemin Sincennes. 45.621660N, 76.178520W. Bailleul, S.M. s.n. 29 Jul 2017.",45.62166,-76.17852,,3
2,BG,Elymus villosus,W,Canada,"Canada: Qubec: MRC Montral: le des Soeurs. 9 m. 4527'26.88""N, 7333'4.27""W. Coursol, F. s.n. 10 Sep 2012.",45.2726,-73.334,,mass
2,BG,Elymus villosus,W,Canada,"Canada: Qubec: MRC Montral: le des Soeurs. 9 m. 4527'26.88""N, 7333'4.27""W. Coursol, F. s.n. 10 Sep 2012.",45.2726,-73.334,,2
2,BG,Juniperus communis var. depressa,W,Canada,"Canada: Qubec: MRC Papineau: Canton Lochaber. Champ agricole. ca 123 m. 4538'9.63""N, 7510'33.62""W. 7e rang Est Coursol, F.; Stefano Viola s.n. 26 Nov 2009.",45.389,-75.1033,,1
2,BG,Juniperus communis var. depressa,W,Canada,"Canada: Qubec: MRC Papineau: Canton Lochaber. Champ agricole. ca 123 m. 4538'9.63""N, 7510'33.62""W. 7e rang Est Coursol, F.; Stefano Viola s.n. 26 Nov 2009.",45.389,-75.1033,,6
2,BG,Juniperus communis var. depressa,W,Canada,"Canada: Qubec: MRC Papineau: Canton Lochaber. Champ agricole. ca 123 m. 4538'9.63""N, 7510'33.62""W. 7e rang Est Coursol, F.; Stefano Viola s.n. 26 Nov 2009.",45.389,-75.1033,,4
2,BG,Rubus odoratus,W,Canada,"Canada: Qubec: MRC Qubec: Saint-Augustin-de-Desmaures. Lisire forestire. ca 3 m. 4643'47""N, 7126'02""W. Gaudette, Rene s.n. 16 Oct 2011.",46.4347,-71.2602,,3
2,BG,Rosa blanda,W,Canada,"Canada: Qubec: MRC Robert-Cliche: Beauceville, Parc des Rapides-du-Diable. Cornellier, N. s.n. 13 Sep 1971.",46.198563,-70.750796,,1
2,BG,Rosa blanda,W,Canada,"Canada: Qubec: MRC Robert-Cliche: Beauceville, Parc des Rapides-du-Diable. Cornellier, N. s.n. 13 Sep 1971.",46.198563,-70.750796,,1
2,BG,Zizania palustris,W,Canada,"Canada: Qubec: MRC Roussillon: Chteauguay, le Saint-Bernard. Marais. 21 m. 4523'24.48""N, 7345'56.61""W. Bailleul, S.M.; Coursol, F. s.n. 12 Sep 2017.",45.2324,-73.4556,,1
2,BG,Prunus virginiana var. virginiana,W,Canada,"Canada: Qubec: MRC Saguenay: Saguenay, La Baie. Lisire forestire. ca 112 m. 4823'29.11""N, 7051'57.95""W. Coursol, F. s.n. 17 Aug 2011.",48.336608,-70.886136,,1
2,BG,Betula papyrifera,W,Canada,"Canada: Qubec: MRC Tmiscamingue: Fort feuillue. 4749'35""N, 7918'42""W. Centre de semences forestires de Berthier s.n. 1 Jul 2010.",47.4935,-79.1842,,1
2,BG,Picea glauca,W,Canada,"Canada: Qubec: MRC Tmiscamingue: Lorraineville. Fort mixte. ca 236 m. 4721'16""N, 7920'09""W. Centre de semences forestires de Berthier s.n. 1 Oct 2003.",47.353105,-79.352565,,1
2,BG,Monarda fistulosa,W,Canada,"Canada: Qubec: MRC Vaudreuil-Soulanges: le des Cascades. Alvar. 19 m. 4519'40.70""N, 7356'35.45""W. Bailleul, S.M.; Coursol, F.; Rinfret-Pilon, A.; Gaudette, R. s.n. 11 Sep 2013.",45.392608,-74.059826,,1
2,BG,Rubus occidentalis,W,Canada,"Canada: Qubec: MRC Vaudreuil-Soulanges: Vaudreuil-Dorion, le aux Tourtes. Rivage rocheux, graveleux. 22 m. 4525'20.16""N, 7359'32.71""W. Bailleul, S.M.; Gaudette, R.; Theuren, F. s.n. 24 Jul 2013.",45.392608,-74.059826,,1
2,BG,Mitchella repens,W,Canada,Canada: Qubec: Notre-Dame-de-la-Merci. Stphane Dumas s.n. 1 Jul 2004.,46.229573,-74.025188,,1
2,BG,Myrica gale,W,Canada,"Canada: Qubec: Parc De la Vrendrye. R.Deschnes, N.Perrier s.n. 1 Jul 1999.",47.751099,-77.303807,,1
2,BG,Abies balsamea,W,Canada,Canada: Qubec: Parc du Mont Tremblant. s.n. 1 Jul 2004.,46.266219,-74.517457,,1
2,BG,Festuca altaica,W,Canada,"Canada: Qubec: Parc national de la Gaspsie, mont du Sud, versant sud-ouest. ca 2173 ft. 4851'33""N, 6623'03""W. Frdric Coursol & Stphane-Marc Bailleul s.n. 11 Jul 2006.",48.881898,-66.366897,,3
2,BG,Dasiphora fruticosa,W,Canada,Canada: Qubec: Perc.,48.570086,-64.336446,,2
2,BG,Hamamelis virginiana,W,Canada,Canada: Qubec: Pointe-au-Chne.,45.644376,-74.746259,,1
2,BG,Apios americana,W,Canada,Canada: Qubec: Prvost. Nicole Vanier s.n. 1 Jul 2008.,45.862909,-74.0673,,1
2,BG,Rhodiola rosea,W,Canada,"Canada: Qubec: Quaqtaq. 614'15.24""N, 6936'28.83""W. Alain Cuerrier s.n. 14 Aug 2006.",61.039024,-69.590585,,4
2,BG,Comarum palustre,W,Canada,"Canada: Qubec: Rimouski, sentier du littoral. Stphane Dumas s.n. 1 Jul 2012.",48.432565,-68.524357,,2
2,BG,Comarum palustre,W,Canada,"Canada: Qubec: Rimouski, sentier du littoral. Stphane Dumas s.n. 1 Jul 2012.",48.432565,-68.524357,,1
2,BG,Gaylussacia bigeloviana,W,Canada,"Canada: Qubec: Rivire Ouelle, tourbire. 4728'00""N, 6955'32.66""W. Andr Lapointe s.n. 16 Sep 2015.",47.28,-69.553,,2
2,BG,Apios americana,W,Canada,"Canada: Qubec: Rivire Seneca, Waterloo. s.n. 28 Jul 2000.",45.343643,-72.517254,,15
2,BG,Apios americana,W,Canada,"Canada: Qubec: Rivire Seneca, Waterloo. s.n. 28 Jul 2000.",45.343643,-72.517254,,mass
2,BG,Rubus allegheniensis,W,Canada,Canada: Qubec: Rouville Co.: Mont Saint-Hilaire. Stefano Viola s.n. 21 Jun 2000.,45.556032,-73.167648,,mass
2,BG,Rubus allegheniensis,W,Canada,Canada: Qubec: Rouville Co.: Mont Saint-Hilaire. Stefano Viola s.n. 21 Jun 2000.,45.556032,-73.167648,,mass
2,BG,Rubus allegheniensis,W,Canada,Canada: Qubec: Rouville Co.: Mont Saint-Hilaire. Stefano Viola s.n. 21 Jun 2000.,45.556032,-73.167648,,12
2,BG,Rubus odoratus,W,Canada,Canada: Qubec: Rouville Co.: Mont Saint-Hilaire. Stefano Viola s.n. 21 Jun 2000.,45.556032,-73.167648,,2
2,BG,Betula alleghaniensis,W,Canada,"Canada: Qubec: Rouyn-Noranda. Fort mixte. ca 296 m. 4807'28""N, 7918'17""W. Centre de semences forestires de Berthier s.n. 1 Jul 2009.",48.234075,-79.019377,,1
2,BG,Allium tricoccum,W,Canada,"Canada: Qubec: Saint-Esprit,  l'ouest de l'rablire Les femmes Collin, emprise de l'autoroute 25. 4555'32.14""N, 7339'22.56""W. Frdric Coursol, Stphano Viola et Nicolas Perret s.n. 4 May 2009.",45.902421,-73.666513,,10
2,BG,Asarum canadense,W,Canada,"Canada: Qubec: Saint-Esprit,  l'ouest de l'rablire Les femmes Collin, emprise de l'autoroute 25. 4555'32.14""N, 7339'22.56""W. Frdric Coursol, Stphano Viola et Nicolas Perret s.n. 4 May 2009.",45.902421,-73.666513,,mass
2,BG,Claytonia caroliniana,W,Canada,"Canada: Qubec: Saint-Esprit,  l'ouest de l'rablire Les femmes Collin, emprise de l'autoroute 25. 4555'32.14""N, 7339'22.56""W. Frdric Coursol, Stphano Viola et Nicolas Perret s.n. 4 May 2009.",45.902421,-73.666513,,5
2,BG,Claytonia caroliniana,W,Canada,"Canada: Qubec: Saint-Esprit,  l'ouest de l'rablire Les femmes Collin, emprise de l'autoroute 25. 4555'32.14""N, 7339'22.56""W. Frdric Coursol, Stphano Viola et Nicolas Perret s.n. 4 May 2009.",45.902421,-73.666513,,mass
2,BG,Allium tricoccum,W,Canada,"Canada: Qubec: Saint-Esprit, futur tronon de l'autoroute 25, au nord du rang des Continuations, cabane  sucre Les Femmes Collins. Frdric Coursol s.n. 3 May 2007.",45.902421,-73.666513,,2
2,BG,Comarum palustre,W,Canada,Canada: Qubec: Stanstead Co.: Magog.,45.270804,-72.147202,,1
2,BG,Abies balsamea,W,Canada,Canada: Qubec: St-Jrme.,45.782147,-74.029266,,1
2,BG,Abies balsamea,W,Canada,Canada: Qubec: St-Jrme.,45.782147,-74.029266,,3
2,BG,Aralia nudicaulis,W,Canada,Canada: Qubec: St-Jrme.,45.782147,-74.029266,,mass
2,BG,Aralia nudicaulis,W,Canada,Canada: Qubec: St-Jrme.,45.782147,-74.029266,,24
2,BG,Fagus grandifolia,W,Canada,Canada: Qubec: St-Jrme.,45.782147,-74.029266,,1
2,BG,Fagus grandifolia,W,Canada,Canada: Qubec: St-Jrme.,45.782147,-74.029266,,1
2,BG,Vaccinium myrtilloides,W,Canada,Canada: Qubec: St-Jrme.,45.782147,-74.029266,,1
2,BG,Rhodiola rosea,W,Canada,"Canada: Qubec: Tte  la Baleine, le de la Providence.",45.609561,-72.944411,,3
2,BG,Rhodiola rosea,W,Canada,"Canada: Qubec: Tte  la Baleine, le de la Providence.",45.609561,-72.944411,,1
2,BG,Rhodiola rosea,W,Canada,"Canada: Qubec: Tte  la Baleine, le de la Providence.",45.609561,-72.944411,,1
2,BG,Corylus cornuta,W,Canada,Canada: Qubec: Terrebonne Co.: Saint-Jrme. Stefano Viola s.n. 19 Sep 2000.,45.786751,-73.752082,,1
2,BG,Corylus cornuta,W,Canada,Canada: Qubec: Terrebonne Co.: Saint-Jrme. Stefano Viola s.n. 19 Sep 2000.,45.786751,-73.752082,,1
2,BG,Corylus cornuta,W,Canada,Canada: Qubec: Terrebonne Co.: Saint-Jrme. Stefano Viola s.n. 19 Sep 2000.,45.786751,-73.752082,,1
2,BG,Corylus cornuta,W,Canada,Canada: Qubec: Terrebonne Co.: Saint-Jrme. Stefano Viola s.n. 19 Sep 2000.,45.786751,-73.752082,,9
2,BG,Corylus cornuta,W,Canada,Canada: Qubec: Terrebonne Co.: Saint-Jrme. Stefano Viola s.n. 19 Sep 2000.,45.786751,-73.752082,,2
2,BG,Fagus grandifolia,W,Canada,Canada: Qubec: Terrebonne Co.: Saint-Jrme. Stefano Viola s.n. 19 Sep 2000.,45.786751,-73.752082,,9
2,BG,Tsuga canadensis,W,Canada,Canada: Qubec: Terrebonne Co.: Saint-Jrme. Stefano Viola s.n. 19 Sep 2000.,45.786751,-73.752082,,3
2,BG,Acer pensylvanicum,W,Canada,Canada: Qubec: Terrebonne Co.: Terrebonne. Stefano Viola s.n. 25 May 2000.,45.786751,-73.752082,,1
2,BG,Gaultheria procumbens,W,Canada,Canada: Qubec: Terrebonne Co.: Terrebonne. Stefano Viola s.n. 25 May 2000.,45.786751,-73.752082,,9
2,BG,Maianthemum racemosum,W,Canada,Canada: Qubec: Terrebonne Co.: Terrebonne. Stefano Viola s.n. 25 May 2000.,45.786751,-73.752082,,2
2,BG,Pinus strobus,W,Canada,Canada: Qubec: Terrebonne Co.: Terrebonne. Stefano Viola s.n. 25 May 2000.,45.786751,-73.752082,,1
2,BG,Taxus canadensis,W,Canada,Canada: Qubec: Terrebonne Co.: Terrebonne. Stefano Viola s.n. 25 May 2000.,45.786751,-73.752082,,2
2,BG,Tsuga canadensis,W,Canada,Canada: Qubec: Terrebonne Co.: Terrebonne. Stefano Viola s.n. 25 May 2000.,45.786751,-73.752082,,1
2,BG,Rubus chamaemorus,W,Canada,"Canada: Qubec: Tourbire de Saint-loi. Dumas, S. s.n. 1 Jul 2012.",48.040401,-69.223062,,4
2,BG,Rhododendron groenlandicum,W,Canada,"Canada: Qubec: Tourbire en exploitation, Rivire-du-Loup.",47.829491,-69.521253,,20
2,BG,Rhododendron groenlandicum,W,Canada,"Canada: Qubec: Tourbire en exploitation, Rivire-du-Loup.",47.829491,-69.521253,,2
2,BG,Vaccinium oxycoccos,W,Canada,"Canada: Qubec: Tourbire en exploitation, Rivire-du-Loup.",47.829491,-69.521253,,30
2,BG,Vaccinium angustifolium,W,Canada,"Canada: Qubec: Tourbire en exploitation, Rivire-du-Loup. Alain Cuerrier s.n. 1 Jul 2001.",47.829491,-69.521253,,1
2,BG,Poa alpina,W,Canada,Canada: Qubec: Vient du nord avec d'autres plantes. Alain Cuerrier s.n.,,,Quebec,mass
2,BG,Fraxinus nigra,W,Canada,"Canada: Qubec: Ville de Laval, prs autoroutes 15 et 440. Stefano Viola s.n. 28 Nov 2000.",45.710208,-73.962474,,1
2,BG,Fraxinus nigra,W,Canada,"Canada: Qubec: Ville de Laval, prs autoroutes 15 et 440. Stefano Viola s.n. 28 Nov 2000.",45.710208,-73.962474,,1
2,BG,Fraxinus nigra,W,Canada,"Canada: Qubec: Ville de Laval, prs autoroutes 15 et 440. Stefano Viola s.n. 28 Nov 2000.",45.710208,-73.962474,,1
2,BG,Fraxinus nigra,W,Canada,"Canada: Qubec: Ville de Laval, prs autoroutes 15 et 440. Stefano Viola s.n. 28 Nov 2000.",45.710208,-73.962474,,1
2,BG,Fraxinus nigra,W,Canada,"Canada: Qubec: Ville de Laval, prs autoroutes 15 et 440. Stefano Viola s.n. 28 Nov 2000.",45.710208,-73.962474,,1
2,BG,Fraxinus nigra,W,Canada,"Canada: Qubec: Ville de Laval, prs autoroutes 15 et 440. Stefano Viola s.n. 28 Nov 2000.",45.710208,-73.962474,,1
2,BG,Fraxinus nigra,W,Canada,"Canada: Qubec: Ville de Laval, prs autoroutes 15 et 440. Stefano Viola s.n. 28 Nov 2000.",45.710208,-73.962474,,1
2,BG,Betula alleghaniensis,W,Canada,"Canada: Queen Victoria Park, Niagara Falls. 434'23""N, 794'49""W.",43.086915,-79.077689,,1
2,BG,Picea mariana,W,Canada,"Canada: Rivire Nabissipi, Saguenay - embouchure de la rivire.",50.246349,-62.217118,,1
2,BG,Picea mariana,W,Canada,"Canada: Rivire Nabissipi, Saguenay - embouchure de la rivire.",50.246349,-62.217118,,1
2,BG,Opuntia polyacantha,W,Canada,Canada: Saskatchewan: Mervin.,53.335597,-108.873378,,mass
2,BG,Rubus arcticus,W,Canada,"Canada: Terre-Neuve & Labrador: Labrador (Rivire Churchill, ct sud, prs rivire Minipi). s.n. 15 Jul 2005.",49.651805,-57.755683,,mass
2,BG,Rubus odoratus,W,Canada,Canada: Terre-Neuve.,49.651805,-57.755683,,mass
2,BG,Rubus odoratus,W,Canada,Canada: Terre-Neuve.,49.651805,-57.755683,,mass
2,BG,Physaria arctica,W,Canada,Canada: Terre-Neuve: Parc national du Gros Morne. Andr Bouchard s.n. 26 Jul 1984.,49.651805,-57.755683,,1
2,BG,Schizachyrium scoparium,W,Canada,"Elgin Co.: Dunwich Tp., prairie. 220 m. 4239'N, 8132""W.",42.665083,-81.507704,,1
2,BG,Schizachyrium scoparium,W,Canada,"Elgin Co.: Dunwich Tp., prairie. 220 m. 4239'N, 8132""W.",42.665083,-81.507704,,1
2,BG,Schizachyrium scoparium,W,Canada,"Elgin Co.: Dunwich Tp., prairie. 220 m. 4239'N, 8132""W.",42.665083,-81.507704,,10
2,BG,Humulus lupulus,W,Hungary,"Hungary: Lake BALATON area, near village ZNKA. Disturbed grassland and xerophilous bush on limestone. 100-500 m. Gza Ksa s.n. 1 Jul 2015.",,,,1
2,BG,Vaccinium uliginosum,W,Iceland,"Iceland: N-Iceland: Reyjanesfjall, Borrskafjordur, a.s.l. 250 m. 6521'N, 2216'W.",,,,1
2,BG,Fragaria vesca,W,Iceland,"Iceland: W-Iceland, Skorradalur. 6432'N, 2128'W. s.n. 29 Aug 2004.",,,,mass
2,BG,Ribes americanum,W,Laval,"Laval, QC.",45.627907,-73.707668,,1
2,BG,Asarum canadense,W,Canada,Laval.,45.627907,-73.707668,,mass
2,BG,Sanicula marilandica,W,Canada,Qubec: Buckingham.,45.58317,-75.416128,,10
2,BG,Viburnum acerifolium,W,Canada,Qubec: Buckingham.,45.58317,-75.416128,,1
2,BG,Rubus idaeus,W,Canada,Saint-Hilaire.,45.556387,-73.167798,,3
2,BG,Dasiphora fruticosa,W,United States of America,"United States: Clinton county: Rose Lake Fen. Prairie Fen. 256 m. 4247'41""N, 8423'01""W. s.n. 1 Nov 2011.",,,,3
2,BG,Viburnum lentago,W,United States of America,"United States: Hartford Co.: Suffield/Windsor Locks. Canal of CT River. 9 m. 4159'36""N, 7237'52""W.",,,,1
2,BG,Oplopanax horridus,W,United States of America,"United States: King county: West Side of Cascade Mountains. Mature mixed conifer forest. 864 m. 4743'05""N, 12110'00""W. s.n. 12 Aug 2007.",,,,1
2,BG,Holodiscus discolor,W,United States of America,United States: Kittitas Co.: Washington. 970 m.,,,,3
2,BG,Holodiscus discolor,W,United States of America,United States: Kittitas Co.: Washington. 970 m.,,,,3
2,BG,Yucca glauca,W,United States of America,United States: Oklahoma: Cimarron Co. 4350 ft.,,,,2
2,BG,Balsamorhiza deltoidea,W,United States of America,United States: Oregon: Blue Mountains . Loren Russel s.n.,,,,1
2,BG,Rosa nutkana,W,United States of America,"United States: Oregon: West Slopes & Crest, Oregon Cascades.",,,,1
2,BG,Agastache urticifolia,W,United States of America,United States: Utah: Cache Co. 2743 m. J Mikkelsen s.n. 1 Jul 2019.,,,,5
2,BG,Chamaenerion angustifolium,Z,Canada,Canada: Qubec: Blanc-Sablon. Vient du jardin personnel de Pierre Morrisset et la rcolte vient de Blanc-Sablon. Pierre Morrisset s.n.,51.425733,-57.131839,,mass
2,BG,Opuntia polyacantha,Z,Canada,"Canada: Saskatchewan: Eroded white clay badlands, Souris River drainage, SE Saskatchewan.",49.459171,-103.602759,,2
2,BG,Lonicera involucrata var. involucrata,Z,United States of America,"United States: Chattenbay, Olympic-Peninsula. ca 10 m. R. Schoder s.n.",,,,3
2,BG,Acer glabrum var. douglasii,Z,United States of America,"United States: Klahhane Ridge, Olympic - NP. 1000 m. Herr H. Kunze s.n. 2 Oct 1999.",,,,2
2,BG,Acer glabrum var. douglasii,Z,United States of America,"United States: Klahhane Ridge, Olympic - NP. 1000 m. Herr H. Kunze s.n. 2 Oct 1999.",,,,3
2,BG,Agastache nepetoides,Z,United States of America,"United States: Michigan: BG East Lansing, 1997; loc.: MI, Ingham County, 84o23' W 42o23' W 42'N, 259m. Mesic southern Forest(edge) Sitename.",,,,17
2,BG,Salix planifolia,Z,United States of America,United States: New Hampshire: Mount Adams.,,,,2
2,BG,Salix planifolia,Z,United States of America,United States: New Hampshire: Mount Adams.,,,,2
