"","TAXON","GENUS","SPECIES","RANK","INFRASPECIFC","PRIMARY_ASSOCIATED_CROP_COMMON_NAME","SECONDARY_ASSOCIATED_CROP_COMMON_NAME","FINEST_TAXON_RESOLUTION","CWR","WUS","WUS_NOTES","NATIVE","PRIMARY_ASSOCIATED_CROP_TYPE_GENERAL_1","PRIMARY_ASSOCIATED_CROP_TYPE_GENERAL_2","SECONDARY_ASSOCIATED_CROP_TYPE_GENERAL","PRIMARY_CROP_OR_WUS_USE_SPECIFIC_1","PRIMARY_CROP_OR_WUS_USE_SPECIFIC_2","PRIMARY_CROP_OR_WUS_USE_SPECIFIC_3","SECONDARY_CROP_OR_WUS_USE_1","CATEGORY","TIER","GENEPOOL","GRAFTSTOCK","ABIOTIC_TRAIT_2","ABIOTIC_TRAIT_3","BIOTIC_TRAIT_1","BIOTIC_TRAIT_2","FERTILITY_TRAIT","AGRONOMIC_TRAIT_1","AGRONOMIC_TRAIT_2","AGRONOMIC_TRAIT_3","PHENOLOGICAL_TRAIT","SOURCE_OF_TAXON","GENEPOOL__GRAFTSTOCK_TRAITS_SOURCE","WUS_SOURCE","Scientific.Name","Existing.as.of.2016","X2017","X2018","X2019","X","X.1","X.2","X.3","X.4","X.5","X.6","X.7","X.8","X2020","X2021","X.9","X.10","X.11","X.12","X.13","X.14","X.15","X.16","X.17","X.18","X.19","X.20","X.21","X.22","X.23","X.24","X.25","X.26","X.27","X.28","X.29","X.30","X.31","X.32","X.33","X.34","X.35","X.36","X.37","X.38","X.39","X.40","X.41","X.42","X.43","X.44","X.45","X.46","X.47","X.48","X.49","X.50","X.51","X.52","X.53","X.54","X.55","X.56","X.57","X.58","X.59","X.60","X.61","X.62","X.63","X.64","X.65","X.66","X.67","X.68","X.69","X.70","X.71","X.72","X.73","X.74","X.75","X.76","X.77","X.78","X.79","X.80","X.81","X.82","X.83","X.84","X.85","X.86","X.87","X.88","X.89","X.90","X.91","X.92","X.93","X.94","X.95","X.96","X.97","X.98","X.99","X.100","X.101","X.102","X.103","X.104","X.105","X.106","X.107","X.108","X.109","X.110","X.111","X.112","X.113","X.114","X.115","Genus","Species_only","Variant","Subspecies","Rank","Infraspecific","Species"
"1","Acer negundo","Acer","Acer negundo",NA,NA,"Maple",NA,"N","Y","Y","","Y","Food","Forest Resources",NA,"Sugars","Forest Resources","",NA,"1C",1,"Assume distant","","","","","","","","","","","Davidson 1995","","Kuhnlein and Turner 2020","Acer negundo ","x","","","",NA,NA,NA,NA,NA,NA,NA,NA,NA,"","","","",NA,NA,NA,NA,NA,NA,NA,NA,NA,NA,NA,NA,NA,NA,NA,NA,NA,NA,NA,NA,NA,NA,NA,NA,NA,NA,NA,NA,NA,NA,NA,NA,NA,NA,NA,NA,NA,NA,NA,NA,NA,NA,NA,NA,NA,NA,NA,NA,NA,NA,NA,NA,NA,NA,NA,NA,NA,NA,NA,NA,NA,NA,NA,NA,NA,NA,NA,NA,NA,NA,NA,NA,NA,NA,NA,NA,NA,NA,NA,NA,NA,NA,NA,NA,NA,NA,NA,NA,NA,NA,NA,NA,NA,NA,NA,NA,NA,NA,NA,NA,NA,NA,NA,NA,NA,"Acer","negundo","","","","","Acer negundo"
"2","Acer saccharum","Acer","Acer saccharum",NA,NA,"Maple",NA,"Y","Y","Y","sugar maple'","Y","Food","Forest Resources",NA,"Sugars","Forest Resources","",NA,"1A",1,"Progenitor","","","","","","","","","","","Davidson 1995","GRIN-Global 2021","Kuhnlein and Turner 2020","Acer saccharum","","","","",NA,NA,NA,NA,NA,NA,NA,NA,NA,"","x","","",NA,NA,NA,NA,NA,NA,NA,NA,NA,NA,NA,NA,NA,NA,NA,NA,NA,NA,NA,NA,NA,NA,NA,NA,NA,NA,NA,NA,NA,NA,NA,NA,NA,NA,NA,NA,NA,NA,NA,NA,NA,NA,NA,NA,NA,NA,NA,NA,NA,NA,NA,NA,NA,NA,NA,NA,NA,NA,NA,NA,NA,NA,NA,NA,NA,NA,NA,NA,NA,NA,NA,NA,NA,NA,NA,NA,NA,NA,NA,NA,NA,NA,NA,NA,NA,NA,NA,NA,NA,NA,NA,NA,NA,NA,NA,NA,NA,NA,NA,NA,NA,NA,NA,NA,NA,"Acer","saccharum","","","","","Acer saccharum"
"3","Achillea millefolium","Achillea","Achillea millefolium",NA,NA,"Yarrow",NA,"Y","N","Y","medicinal properties","Y","Cultural","",NA,"Medicinals","","",NA,NA,NA,NA,"","","","","","","","","","","Kuhnlein and Turner 2020","","Kuhnlein and Turner 2020","Achillea millefolium ","x","x","","",NA,NA,NA,NA,NA,NA,NA,NA,NA,"","","syn. A. lanulosa","",NA,NA,NA,NA,NA,NA,NA,NA,NA,NA,NA,NA,NA,NA,NA,NA,NA,NA,NA,NA,NA,NA,NA,NA,NA,NA,NA,NA,NA,NA,NA,NA,NA,NA,NA,NA,NA,NA,NA,NA,NA,NA,NA,NA,NA,NA,NA,NA,NA,NA,NA,NA,NA,NA,NA,NA,NA,NA,NA,NA,NA,NA,NA,NA,NA,NA,NA,NA,NA,NA,NA,NA,NA,NA,NA,NA,NA,NA,NA,NA,NA,NA,NA,NA,NA,NA,NA,NA,NA,NA,NA,NA,NA,NA,NA,NA,NA,NA,NA,NA,NA,NA,NA,NA,NA,"Achillea","millefolium","","","","","Achillea millefolium"
"4","Achillea millefolium","Achillea","Achillea millefolium",NA,NA,"Yarrow",NA,"Y","N","Y","medicinal properties","Y","Cultural","",NA,"Medicinals","","",NA,NA,NA,NA,"","","","","","","","","","","Kuhnlein and Turner 2020","","Kuhnlein and Turner 2020","Achillea millefolium Rubra","","","","",NA,NA,NA,NA,NA,NA,NA,NA,NA,"","","","",NA,NA,NA,NA,NA,NA,NA,NA,NA,NA,NA,NA,NA,NA,NA,NA,NA,NA,NA,NA,NA,NA,NA,NA,NA,NA,NA,NA,NA,NA,NA,NA,NA,NA,NA,NA,NA,NA,NA,NA,NA,NA,NA,NA,NA,NA,NA,NA,NA,NA,NA,NA,NA,NA,NA,NA,NA,NA,NA,NA,NA,NA,NA,NA,NA,NA,NA,NA,NA,NA,NA,NA,NA,NA,NA,NA,NA,NA,NA,NA,NA,NA,NA,NA,NA,NA,NA,NA,NA,NA,NA,NA,NA,NA,NA,NA,NA,NA,NA,NA,NA,NA,NA,NA,NA,"Achillea","millefolium","","","","","Achillea millefolium"
"5","Agastache foeniculum","Agastache","Agastache foeniculum",NA,NA,"Hyssop",NA,"Y","N","Y","","Y","Cultural","",NA,"Medicinals","","",NA,"2",2,NA,"","","","","","","","","","","Davidson 1995","","Kuhnlein and Turner 2020","Agastache foeniculum Blue Fortune","x","","","",NA,NA,NA,NA,NA,NA,NA,NA,NA,"","","","",NA,NA,NA,NA,NA,NA,NA,NA,NA,NA,NA,NA,NA,NA,NA,NA,NA,NA,NA,NA,NA,NA,NA,NA,NA,NA,NA,NA,NA,NA,NA,NA,NA,NA,NA,NA,NA,NA,NA,NA,NA,NA,NA,NA,NA,NA,NA,NA,NA,NA,NA,NA,NA,NA,NA,NA,NA,NA,NA,NA,NA,NA,NA,NA,NA,NA,NA,NA,NA,NA,NA,NA,NA,NA,NA,NA,NA,NA,NA,NA,NA,NA,NA,NA,NA,NA,NA,NA,NA,NA,NA,NA,NA,NA,NA,NA,NA,NA,NA,NA,NA,NA,NA,NA,NA,"Agastache","foeniculum","","","","","Agastache foeniculum"
"6","Agastache foeniculum","Agastache","Agastache foeniculum",NA,NA,"Hyssop",NA,"Y","N","Y","","Y","Cultural","",NA,"Medicinals","","",NA,"2",2,NA,"","","","","","","","","","","Davidson 1995","","Kuhnlein and Turner 2020","Agastache foeniculum","","","x","",NA,NA,NA,NA,NA,NA,NA,NA,NA,"","","","",NA,NA,NA,NA,NA,NA,NA,NA,NA,NA,NA,NA,NA,NA,NA,NA,NA,NA,NA,NA,NA,NA,NA,NA,NA,NA,NA,NA,NA,NA,NA,NA,NA,NA,NA,NA,NA,NA,NA,NA,NA,NA,NA,NA,NA,NA,NA,NA,NA,NA,NA,NA,NA,NA,NA,NA,NA,NA,NA,NA,NA,NA,NA,NA,NA,NA,NA,NA,NA,NA,NA,NA,NA,NA,NA,NA,NA,NA,NA,NA,NA,NA,NA,NA,NA,NA,NA,NA,NA,NA,NA,NA,NA,NA,NA,NA,NA,NA,NA,NA,NA,NA,NA,NA,NA,"Agastache","foeniculum","","","","","Agastache foeniculum"
"7","Allium acuminatum","Allium","Allium acuminatum",NA,NA,"Allium",NA,"Y","Y","Y","Hooker's onion; blubs","Y","Food","",NA,"Vegetables","","",NA,"1C",1,"Assume distant","","","","","","","","","","","Davidson 1995","","Kuhnlein and Turner 2020","Allium acuminatum","","","","",NA,NA,NA,NA,NA,NA,NA,NA,NA,"","","","",NA,NA,NA,NA,NA,NA,NA,NA,NA,NA,NA,NA,NA,NA,NA,NA,NA,NA,NA,NA,NA,NA,NA,NA,NA,NA,NA,NA,NA,NA,NA,NA,NA,NA,NA,NA,NA,NA,NA,NA,NA,NA,NA,NA,NA,NA,NA,NA,NA,NA,NA,NA,NA,NA,NA,NA,NA,NA,NA,NA,NA,NA,NA,NA,NA,NA,NA,NA,NA,NA,NA,NA,NA,NA,NA,NA,NA,NA,NA,NA,NA,NA,NA,NA,NA,NA,NA,NA,NA,NA,NA,NA,NA,NA,NA,NA,NA,NA,NA,NA,NA,NA,NA,NA,NA,"Allium","acuminatum","","","","","Allium acuminatum"
"8","Allium cernuum","Allium","Allium cernuum",NA,NA,"Allium",NA,"Y","Y","Y","nodding onion; bulbs and greens","Y","Food","",NA,"Vegetables","","",NA,"1C",1,"Assume distant","","","","","","","","","","","Davidson 1995","","Kuhnlein and Turner 2020","Allium cernuum","x","","x","x",NA,NA,NA,NA,NA,NA,NA,NA,NA,"","","","",NA,NA,NA,NA,NA,NA,NA,NA,NA,NA,NA,NA,NA,NA,NA,NA,NA,NA,NA,NA,NA,NA,NA,NA,NA,NA,NA,NA,NA,NA,NA,NA,NA,NA,NA,NA,NA,NA,NA,NA,NA,NA,NA,NA,NA,NA,NA,NA,NA,NA,NA,NA,NA,NA,NA,NA,NA,NA,NA,NA,NA,NA,NA,NA,NA,NA,NA,NA,NA,NA,NA,NA,NA,NA,NA,NA,NA,NA,NA,NA,NA,NA,NA,NA,NA,NA,NA,NA,NA,NA,NA,NA,NA,NA,NA,NA,NA,NA,NA,NA,NA,NA,NA,NA,NA,"Allium","cernuum","","","","","Allium cernuum"
"9","Allium crenulatum","Allium","Allium crenulatum",NA,NA,"Allium",NA,"Y","Y","Y","Olympic onion; blubs and greens","Y","Food","",NA,"Vegetables","","",NA,"1C",1,"Assume distant","","","","","","","","","","","Davidson 1995","","Kuhnlein and Turner 2020","Allium crenulatum","","","","",NA,NA,NA,NA,NA,NA,NA,NA,NA,"","","","",NA,NA,NA,NA,NA,NA,NA,NA,NA,NA,NA,NA,NA,NA,NA,NA,NA,NA,NA,NA,NA,NA,NA,NA,NA,NA,NA,NA,NA,NA,NA,NA,NA,NA,NA,NA,NA,NA,NA,NA,NA,NA,NA,NA,NA,NA,NA,NA,NA,NA,NA,NA,NA,NA,NA,NA,NA,NA,NA,NA,NA,NA,NA,NA,NA,NA,NA,NA,NA,NA,NA,NA,NA,NA,NA,NA,NA,NA,NA,NA,NA,NA,NA,NA,NA,NA,NA,NA,NA,NA,NA,NA,NA,NA,NA,NA,NA,NA,NA,NA,NA,NA,NA,NA,NA,"Allium","crenulatum","","","","","Allium crenulatum"
"10","Allium geyeri","Allium","Allium geyeri",NA,NA,"Allium",NA,"N","Y","Y","Geyer's onion; blubs and greens","Y","Food","",NA,"Vegetables","","",NA,"1C",1,"Assume distant","","","","","","","","","","","Davidson 1995","","Kuhnlein and Turner 2020","Allium geyeri","","","","",NA,NA,NA,NA,NA,NA,NA,NA,NA,"","","","",NA,NA,NA,NA,NA,NA,NA,NA,NA,NA,NA,NA,NA,NA,NA,NA,NA,NA,NA,NA,NA,NA,NA,NA,NA,NA,NA,NA,NA,NA,NA,NA,NA,NA,NA,NA,NA,NA,NA,NA,NA,NA,NA,NA,NA,NA,NA,NA,NA,NA,NA,NA,NA,NA,NA,NA,NA,NA,NA,NA,NA,NA,NA,NA,NA,NA,NA,NA,NA,NA,NA,NA,NA,NA,NA,NA,NA,NA,NA,NA,NA,NA,NA,NA,NA,NA,NA,NA,NA,NA,NA,NA,NA,NA,NA,NA,NA,NA,NA,NA,NA,NA,NA,NA,NA,"Allium","geyeri","","","","","Allium geyeri"
"11","Allium schoenoprasum","Allium","Allium schoenoprasum",NA,NA,"Allium",NA,"N","Y","Y","gathered as 'wild chives'","Y","Food","",NA,"Vegetables","","",NA,"1C",1,"Tertiary","","","","","","","","","","","GRIN-Global 2021","GRIN-Global 2021","Kuhnlein and Turner 2020","Allium schoenoprasum","x","","","",NA,NA,NA,NA,NA,NA,NA,NA,NA,"","","syn. A. montanum","",NA,NA,NA,NA,NA,NA,NA,NA,NA,NA,NA,NA,NA,NA,NA,NA,NA,NA,NA,NA,NA,NA,NA,NA,NA,NA,NA,NA,NA,NA,NA,NA,NA,NA,NA,NA,NA,NA,NA,NA,NA,NA,NA,NA,NA,NA,NA,NA,NA,NA,NA,NA,NA,NA,NA,NA,NA,NA,NA,NA,NA,NA,NA,NA,NA,NA,NA,NA,NA,NA,NA,NA,NA,NA,NA,NA,NA,NA,NA,NA,NA,NA,NA,NA,NA,NA,NA,NA,NA,NA,NA,NA,NA,NA,NA,NA,NA,NA,NA,NA,NA,NA,NA,NA,NA,"Allium","schoenoprasum","","","","","Allium schoenoprasum"
"12","Allium schoenoprasum","Allium","Allium schoenoprasum",NA,NA,"Allium",NA,"N","Y","Y","gathered as 'wild chives'","Y","Food","",NA,"Vegetables","","",NA,"1C",1,"Tertiary","","","","","","","","","","","GRIN-Global 2021","GRIN-Global 2021","Kuhnlein and Turner 2020","Allium schoenoprasum sibiricum","","","","",NA,NA,NA,NA,NA,NA,NA,NA,NA,"","","","",NA,NA,NA,NA,NA,NA,NA,NA,NA,NA,NA,NA,NA,NA,NA,NA,NA,NA,NA,NA,NA,NA,NA,NA,NA,NA,NA,NA,NA,NA,NA,NA,NA,NA,NA,NA,NA,NA,NA,NA,NA,NA,NA,NA,NA,NA,NA,NA,NA,NA,NA,NA,NA,NA,NA,NA,NA,NA,NA,NA,NA,NA,NA,NA,NA,NA,NA,NA,NA,NA,NA,NA,NA,NA,NA,NA,NA,NA,NA,NA,NA,NA,NA,NA,NA,NA,NA,NA,NA,NA,NA,NA,NA,NA,NA,NA,NA,NA,NA,NA,NA,NA,NA,NA,NA,"Allium","schoenoprasum","","","","","Allium schoenoprasum"
"13","Amelanchier alnifolia","Amelanchier","Amelanchier alnifolia",NA,NA,"Saskatoon",NA,"N","Y","Y","edible wild 'Saskatoon' or 'serviceberry', Juneberry, many other names berries/fruit","Y","Food","Cultural",NA,"Fruits","Ornamental","",NA,"1",1,NA,"","","","","","","","","","","Davidson 1995","","Kuhnlein and Turner 2020","Amelanchier alnifolia","","","","",NA,NA,NA,NA,NA,NA,NA,NA,NA,"","","","",NA,NA,NA,NA,NA,NA,NA,NA,NA,NA,NA,NA,NA,NA,NA,NA,NA,NA,NA,NA,NA,NA,NA,NA,NA,NA,NA,NA,NA,NA,NA,NA,NA,NA,NA,NA,NA,NA,NA,NA,NA,NA,NA,NA,NA,NA,NA,NA,NA,NA,NA,NA,NA,NA,NA,NA,NA,NA,NA,NA,NA,NA,NA,NA,NA,NA,NA,NA,NA,NA,NA,NA,NA,NA,NA,NA,NA,NA,NA,NA,NA,NA,NA,NA,NA,NA,NA,NA,NA,NA,NA,NA,NA,NA,NA,NA,NA,NA,NA,NA,NA,NA,NA,NA,NA,"Amelanchier","alnifolia","","","","","Amelanchier alnifolia"
"14","Amelanchier canadensis","Amelanchier","Amelanchier canadensis",NA,NA,"Saskatoon",NA,"Y","Y","Y","edible wild 'Saskatoon' or 'serviceberry', Juneberry, many other names berries/fruit","Y","Food","Cultural",NA,"Fruits","Ornamental","",NA,"1",1,NA,"","","","","","","","","","","Davidson 1995","","Kuhnlein and Turner 2020","Amelanchier  canadensis","","","","",NA,NA,NA,NA,NA,NA,NA,NA,NA,"","x","syn. A. oblongifolia, A. stolonifera","",NA,NA,NA,NA,NA,NA,NA,NA,NA,NA,NA,NA,NA,NA,NA,NA,NA,NA,NA,NA,NA,NA,NA,NA,NA,NA,NA,NA,NA,NA,NA,NA,NA,NA,NA,NA,NA,NA,NA,NA,NA,NA,NA,NA,NA,NA,NA,NA,NA,NA,NA,NA,NA,NA,NA,NA,NA,NA,NA,NA,NA,NA,NA,NA,NA,NA,NA,NA,NA,NA,NA,NA,NA,NA,NA,NA,NA,NA,NA,NA,NA,NA,NA,NA,NA,NA,NA,NA,NA,NA,NA,NA,NA,NA,NA,NA,NA,NA,NA,NA,NA,NA,NA,NA,NA,"Amelanchier","canadensis","","","","","Amelanchier canadensis"
"15","Amelanchier laevis","Amelanchier","Amelanchier laevis",NA,NA,"Saskatoon",NA,"Y","Y","Y","edible wild 'Saskatoon' or 'serviceberry', Juneberry, many other names berries/fruit","Y","Food","Cultural",NA,"Fruits","Ornamental","",NA,"1",1,NA,"","","","","","","","","","","Davidson 1995","","Kuhnlein and Turner 2020","Amelanchier laevis","","","","",NA,NA,NA,NA,NA,NA,NA,NA,NA,"","","","",NA,NA,NA,NA,NA,NA,NA,NA,NA,NA,NA,NA,NA,NA,NA,NA,NA,NA,NA,NA,NA,NA,NA,NA,NA,NA,NA,NA,NA,NA,NA,NA,NA,NA,NA,NA,NA,NA,NA,NA,NA,NA,NA,NA,NA,NA,NA,NA,NA,NA,NA,NA,NA,NA,NA,NA,NA,NA,NA,NA,NA,NA,NA,NA,NA,NA,NA,NA,NA,NA,NA,NA,NA,NA,NA,NA,NA,NA,NA,NA,NA,NA,NA,NA,NA,NA,NA,NA,NA,NA,NA,NA,NA,NA,NA,NA,NA,NA,NA,NA,NA,NA,NA,NA,NA,"Amelanchier","laevis","","","","","Amelanchier laevis"
"16","Arnica cordifolia","Arnica","Arnica cordifolia",NA,NA,"Arnica",NA,"Y","N","Y","medicinal properties","Y","Cultural","",NA,"Medicinals","","",NA,NA,NA,NA,"","","","","","","","","","","Kuhnlein and Turner 2020","","Kuhnlein and Turner 2020","Arnica cordifolia","","","","",NA,NA,NA,NA,NA,NA,NA,NA,NA,"","","","",NA,NA,NA,NA,NA,NA,NA,NA,NA,NA,NA,NA,NA,NA,NA,NA,NA,NA,NA,NA,NA,NA,NA,NA,NA,NA,NA,NA,NA,NA,NA,NA,NA,NA,NA,NA,NA,NA,NA,NA,NA,NA,NA,NA,NA,NA,NA,NA,NA,NA,NA,NA,NA,NA,NA,NA,NA,NA,NA,NA,NA,NA,NA,NA,NA,NA,NA,NA,NA,NA,NA,NA,NA,NA,NA,NA,NA,NA,NA,NA,NA,NA,NA,NA,NA,NA,NA,NA,NA,NA,NA,NA,NA,NA,NA,NA,NA,NA,NA,NA,NA,NA,NA,NA,NA,"Arnica","cordifolia","","","","","Arnica cordifolia"
"17","Aruncus dioicus","Aruncus","Aruncus dioicus",NA,NA,"Goatsbeard",NA,"Y","N","Y","medicinal properties","Y","Cultural","",NA,"Medicinals","","",NA,NA,NA,NA,"","","","","","","","","","","Kuhnlein and Turner 2020","","Kuhnlein and Turner 2020","Aruncus dioicus","x","X","","x",NA,NA,NA,NA,NA,NA,NA,NA,NA,"","","","",NA,NA,NA,NA,NA,NA,NA,NA,NA,NA,NA,NA,NA,NA,NA,NA,NA,NA,NA,NA,NA,NA,NA,NA,NA,NA,NA,NA,NA,NA,NA,NA,NA,NA,NA,NA,NA,NA,NA,NA,NA,NA,NA,NA,NA,NA,NA,NA,NA,NA,NA,NA,NA,NA,NA,NA,NA,NA,NA,NA,NA,NA,NA,NA,NA,NA,NA,NA,NA,NA,NA,NA,NA,NA,NA,NA,NA,NA,NA,NA,NA,NA,NA,NA,NA,NA,NA,NA,NA,NA,NA,NA,NA,NA,NA,NA,NA,NA,NA,NA,NA,NA,NA,NA,NA,"Aruncus","dioicus","","","","","Aruncus dioicus"
"18","Aruncus dioicus","Aruncus","Aruncus dioicus",NA,NA,"Goatsbeard",NA,"Y","N","Y","medicinal properties","Y","Cultural","",NA,"Medicinals","","",NA,NA,NA,NA,"","","","","","","","","","","Kuhnlein and Turner 2020","","Kuhnlein and Turner 2020","Aruncus dioicus Kneiffii","x","","x","",NA,NA,NA,NA,NA,NA,NA,NA,NA,"","","","",NA,NA,NA,NA,NA,NA,NA,NA,NA,NA,NA,NA,NA,NA,NA,NA,NA,NA,NA,NA,NA,NA,NA,NA,NA,NA,NA,NA,NA,NA,NA,NA,NA,NA,NA,NA,NA,NA,NA,NA,NA,NA,NA,NA,NA,NA,NA,NA,NA,NA,NA,NA,NA,NA,NA,NA,NA,NA,NA,NA,NA,NA,NA,NA,NA,NA,NA,NA,NA,NA,NA,NA,NA,NA,NA,NA,NA,NA,NA,NA,NA,NA,NA,NA,NA,NA,NA,NA,NA,NA,NA,NA,NA,NA,NA,NA,NA,NA,NA,NA,NA,NA,NA,NA,NA,"Aruncus","dioicus","","","","","Aruncus dioicus"
"19","Asarum canadense","Asarum","Asarum canadense",NA,NA,"Wild-ginger",NA,"Y","N","Y","wild ginger; rhizomes as condiment","Y","Cultural","",NA,"Medicinals","","",NA,NA,NA,NA,"","","","","","","","","","","Kuhnlein and Turner 2020","","Kuhnlein and Turner 2020","Asarum canadense","x","","","",NA,NA,NA,NA,NA,NA,NA,NA,NA,"","","","",NA,NA,NA,NA,NA,NA,NA,NA,NA,NA,NA,NA,NA,NA,NA,NA,NA,NA,NA,NA,NA,NA,NA,NA,NA,NA,NA,NA,NA,NA,NA,NA,NA,NA,NA,NA,NA,NA,NA,NA,NA,NA,NA,NA,NA,NA,NA,NA,NA,NA,NA,NA,NA,NA,NA,NA,NA,NA,NA,NA,NA,NA,NA,NA,NA,NA,NA,NA,NA,NA,NA,NA,NA,NA,NA,NA,NA,NA,NA,NA,NA,NA,NA,NA,NA,NA,NA,NA,NA,NA,NA,NA,NA,NA,NA,NA,NA,NA,NA,NA,NA,NA,NA,NA,NA,"Asarum","canadense","","","","","Asarum canadense"
"20","Astragalus americanus","Astragalus","Astragalus americanus",NA,NA,"Milk-vetch",NA,"Y","Y","Y","roots","Y","Food","",NA,"Forage and Feed","","",NA,"2",2,NA,"","","","","","","","","","","Davidson 1995","","Kuhnlein and Turner 2020","Astragalus americanus","","","","",NA,NA,NA,NA,NA,NA,NA,NA,NA,"","","","",NA,NA,NA,NA,NA,NA,NA,NA,NA,NA,NA,NA,NA,NA,NA,NA,NA,NA,NA,NA,NA,NA,NA,NA,NA,NA,NA,NA,NA,NA,NA,NA,NA,NA,NA,NA,NA,NA,NA,NA,NA,NA,NA,NA,NA,NA,NA,NA,NA,NA,NA,NA,NA,NA,NA,NA,NA,NA,NA,NA,NA,NA,NA,NA,NA,NA,NA,NA,NA,NA,NA,NA,NA,NA,NA,NA,NA,NA,NA,NA,NA,NA,NA,NA,NA,NA,NA,NA,NA,NA,NA,NA,NA,NA,NA,NA,NA,NA,NA,NA,NA,NA,NA,NA,NA,"Astragalus","americanus","","","","","Astragalus americanus"
"21","Betula lenta","Betula","Betula lenta",NA,NA,"Birch",NA,"Y","N","Y","leaves","Y","Forest Resources","",NA,"Forest Resources","","",NA,NA,NA,NA,"","","","","","","","","","","Davidson 1995","","Kuhnlein and Turner 2020","Betula lenta","","","","",NA,NA,NA,NA,NA,NA,NA,NA,NA,"x","","","",NA,NA,NA,NA,NA,NA,NA,NA,NA,NA,NA,NA,NA,NA,NA,NA,NA,NA,NA,NA,NA,NA,NA,NA,NA,NA,NA,NA,NA,NA,NA,NA,NA,NA,NA,NA,NA,NA,NA,NA,NA,NA,NA,NA,NA,NA,NA,NA,NA,NA,NA,NA,NA,NA,NA,NA,NA,NA,NA,NA,NA,NA,NA,NA,NA,NA,NA,NA,NA,NA,NA,NA,NA,NA,NA,NA,NA,NA,NA,NA,NA,NA,NA,NA,NA,NA,NA,NA,NA,NA,NA,NA,NA,NA,NA,NA,NA,NA,NA,NA,NA,NA,NA,NA,NA,"Betula","lenta","","","","","Betula lenta"
"22","Betula occidentalis","Betula","Betula occidentalis",NA,NA,"Birch",NA,"Y","N","N","","Y","Forest Resources","",NA,"Forest Resources","","",NA,NA,NA,NA,"","","","","","","","","","","Davidson 1995","","","Betula occidentalis","","","","",NA,NA,NA,NA,NA,NA,NA,NA,NA,"","","","",NA,NA,NA,NA,NA,NA,NA,NA,NA,NA,NA,NA,NA,NA,NA,NA,NA,NA,NA,NA,NA,NA,NA,NA,NA,NA,NA,NA,NA,NA,NA,NA,NA,NA,NA,NA,NA,NA,NA,NA,NA,NA,NA,NA,NA,NA,NA,NA,NA,NA,NA,NA,NA,NA,NA,NA,NA,NA,NA,NA,NA,NA,NA,NA,NA,NA,NA,NA,NA,NA,NA,NA,NA,NA,NA,NA,NA,NA,NA,NA,NA,NA,NA,NA,NA,NA,NA,NA,NA,NA,NA,NA,NA,NA,NA,NA,NA,NA,NA,NA,NA,NA,NA,NA,NA,"Betula","occidentalis","","","","","Betula occidentalis"
"23","Betula papyrifera","Betula","Betula papyrifera",NA,NA,"Birch",NA,"Y","N","Y","leaves, twigs and sap","Y","Forest Resources","",NA,"Forest Resources","","",NA,NA,NA,NA,"","","","","","","","","","","Davidson 1995","","Kuhnlein and Turner 2020","Betula papyrifera","x","","","",NA,NA,NA,NA,NA,NA,NA,NA,NA,"","","","",NA,NA,NA,NA,NA,NA,NA,NA,NA,NA,NA,NA,NA,NA,NA,NA,NA,NA,NA,NA,NA,NA,NA,NA,NA,NA,NA,NA,NA,NA,NA,NA,NA,NA,NA,NA,NA,NA,NA,NA,NA,NA,NA,NA,NA,NA,NA,NA,NA,NA,NA,NA,NA,NA,NA,NA,NA,NA,NA,NA,NA,NA,NA,NA,NA,NA,NA,NA,NA,NA,NA,NA,NA,NA,NA,NA,NA,NA,NA,NA,NA,NA,NA,NA,NA,NA,NA,NA,NA,NA,NA,NA,NA,NA,NA,NA,NA,NA,NA,NA,NA,NA,NA,NA,NA,"Betula","papyrifera","","","","","Betula papyrifera"
"24","Betula populifolia","Betula","Betula populifolia",NA,NA,"Birch",NA,"Y","N","N","","Y","Forest Resources","",NA,"Forest Resources","","",NA,NA,NA,NA,"","","","","","","","","","","Davidson 1995","","","Betula populifolia","","","","",NA,NA,NA,NA,NA,NA,NA,NA,NA,"x","","","",NA,NA,NA,NA,NA,NA,NA,NA,NA,NA,NA,NA,NA,NA,NA,NA,NA,NA,NA,NA,NA,NA,NA,NA,NA,NA,NA,NA,NA,NA,NA,NA,NA,NA,NA,NA,NA,NA,NA,NA,NA,NA,NA,NA,NA,NA,NA,NA,NA,NA,NA,NA,NA,NA,NA,NA,NA,NA,NA,NA,NA,NA,NA,NA,NA,NA,NA,NA,NA,NA,NA,NA,NA,NA,NA,NA,NA,NA,NA,NA,NA,NA,NA,NA,NA,NA,NA,NA,NA,NA,NA,NA,NA,NA,NA,NA,NA,NA,NA,NA,NA,NA,NA,NA,NA,"Betula","populifolia","","","","","Betula populifolia"
"25","Caltha leptosepala","Caltha","Caltha leptosepala",NA,NA,"Marsh marigold",NA,"Y","N","Y","","Y","Food","",NA,"Vegetables","","",NA,NA,NA,NA,"","","","","","","","","","","Kuhnlein and Turner 2020","","Kuhnlein and Turner 2020","Caltha leptosepala","","","","",NA,NA,NA,NA,NA,NA,NA,NA,NA,"x","","","",NA,NA,NA,NA,NA,NA,NA,NA,NA,NA,NA,NA,NA,NA,NA,NA,NA,NA,NA,NA,NA,NA,NA,NA,NA,NA,NA,NA,NA,NA,NA,NA,NA,NA,NA,NA,NA,NA,NA,NA,NA,NA,NA,NA,NA,NA,NA,NA,NA,NA,NA,NA,NA,NA,NA,NA,NA,NA,NA,NA,NA,NA,NA,NA,NA,NA,NA,NA,NA,NA,NA,NA,NA,NA,NA,NA,NA,NA,NA,NA,NA,NA,NA,NA,NA,NA,NA,NA,NA,NA,NA,NA,NA,NA,NA,NA,NA,NA,NA,NA,NA,NA,NA,NA,NA,"Caltha","leptosepala","","","","","Caltha leptosepala"
"26","Calypso bulbosa","Calypso","Calypso bulbosa",NA,NA,"Orchid",NA,"N","N","Y","","Y","Food","",NA,"Vegetables","","",NA,NA,NA,NA,"","","","","","","","","","","Kuhnlein and Turner 2020","","Kuhnlein and Turner 2020","Calypso bulbosa","","","","",NA,NA,NA,NA,NA,NA,NA,NA,NA,"","","","",NA,NA,NA,NA,NA,NA,NA,NA,NA,NA,NA,NA,NA,NA,NA,NA,NA,NA,NA,NA,NA,NA,NA,NA,NA,NA,NA,NA,NA,NA,NA,NA,NA,NA,NA,NA,NA,NA,NA,NA,NA,NA,NA,NA,NA,NA,NA,NA,NA,NA,NA,NA,NA,NA,NA,NA,NA,NA,NA,NA,NA,NA,NA,NA,NA,NA,NA,NA,NA,NA,NA,NA,NA,NA,NA,NA,NA,NA,NA,NA,NA,NA,NA,NA,NA,NA,NA,NA,NA,NA,NA,NA,NA,NA,NA,NA,NA,NA,NA,NA,NA,NA,NA,NA,NA,"Calypso","bulbosa","","","","","Calypso bulbosa"
"27","Camassia leichtlinii","Camassia","Camassia leichtlinii",NA,NA,"Camas",NA,"N","N","Y","bulbs","Y","Food","",NA,"Vegetables","","",NA,NA,NA,NA,"","","","","","","","","","","Kuhnlein and Turner 2020","","Kuhnlein and Turner 2020","Camassia leichtlinii","","","x","D",NA,NA,NA,NA,NA,NA,NA,NA,NA,"","","","",NA,NA,NA,NA,NA,NA,NA,NA,NA,NA,NA,NA,NA,NA,NA,NA,NA,NA,NA,NA,NA,NA,NA,NA,NA,NA,NA,NA,NA,NA,NA,NA,NA,NA,NA,NA,NA,NA,NA,NA,NA,NA,NA,NA,NA,NA,NA,NA,NA,NA,NA,NA,NA,NA,NA,NA,NA,NA,NA,NA,NA,NA,NA,NA,NA,NA,NA,NA,NA,NA,NA,NA,NA,NA,NA,NA,NA,NA,NA,NA,NA,NA,NA,NA,NA,NA,NA,NA,NA,NA,NA,NA,NA,NA,NA,NA,NA,NA,NA,NA,NA,NA,NA,NA,NA,"Camassia","leichtlinii","","","","","Camassia leichtlinii"
"28","Camassia quamash","Camassia","Camassia quamash",NA,NA,"Camas",NA,"N","N","Y","bulbs","Y","Food","",NA,"Vegetables","","",NA,NA,NA,NA,"","","","","","","","","","","Kuhnlein and Turner 2020","","Kuhnlein and Turner 2020","Camassia quamash","","","","",NA,NA,NA,NA,NA,NA,NA,NA,NA,"","","","",NA,NA,NA,NA,NA,NA,NA,NA,NA,NA,NA,NA,NA,NA,NA,NA,NA,NA,NA,NA,NA,NA,NA,NA,NA,NA,NA,NA,NA,NA,NA,NA,NA,NA,NA,NA,NA,NA,NA,NA,NA,NA,NA,NA,NA,NA,NA,NA,NA,NA,NA,NA,NA,NA,NA,NA,NA,NA,NA,NA,NA,NA,NA,NA,NA,NA,NA,NA,NA,NA,NA,NA,NA,NA,NA,NA,NA,NA,NA,NA,NA,NA,NA,NA,NA,NA,NA,NA,NA,NA,NA,NA,NA,NA,NA,NA,NA,NA,NA,NA,NA,NA,NA,NA,NA,"Camassia","quamash","","","","","Camassia quamash"
"29","Claytonia lanceolata","Claytonia","Claytonia lanceolata",NA,NA,"Spring-beauty",NA,"Y","N","Y","greens, very important","Y","Food","",NA,"Vegetables","","",NA,NA,NA,NA,"","","","","","","","","","","Kuhnlein and Turner 2020","","Kuhnlein and Turner 2020","Claytonia lanceolata","","","","",NA,NA,NA,NA,NA,NA,NA,NA,NA,"","","","",NA,NA,NA,NA,NA,NA,NA,NA,NA,NA,NA,NA,NA,NA,NA,NA,NA,NA,NA,NA,NA,NA,NA,NA,NA,NA,NA,NA,NA,NA,NA,NA,NA,NA,NA,NA,NA,NA,NA,NA,NA,NA,NA,NA,NA,NA,NA,NA,NA,NA,NA,NA,NA,NA,NA,NA,NA,NA,NA,NA,NA,NA,NA,NA,NA,NA,NA,NA,NA,NA,NA,NA,NA,NA,NA,NA,NA,NA,NA,NA,NA,NA,NA,NA,NA,NA,NA,NA,NA,NA,NA,NA,NA,NA,NA,NA,NA,NA,NA,NA,NA,NA,NA,NA,NA,"Claytonia","lanceolata","","","","","Claytonia lanceolata"
"30","Claytonia virginica","Claytonia","Claytonia virginica",NA,NA,"Spring-beauty",NA,"Y","N","Y","","Y","Food","",NA,"Vegetables","","",NA,NA,NA,NA,"","","","","","","","","","","Kuhnlein and Turner 2020","","Kuhnlein and Turner 2020","Claytonia virginica","","","","",NA,NA,NA,NA,NA,NA,NA,NA,NA,"x","","","",NA,NA,NA,NA,NA,NA,NA,NA,NA,NA,NA,NA,NA,NA,NA,NA,NA,NA,NA,NA,NA,NA,NA,NA,NA,NA,NA,NA,NA,NA,NA,NA,NA,NA,NA,NA,NA,NA,NA,NA,NA,NA,NA,NA,NA,NA,NA,NA,NA,NA,NA,NA,NA,NA,NA,NA,NA,NA,NA,NA,NA,NA,NA,NA,NA,NA,NA,NA,NA,NA,NA,NA,NA,NA,NA,NA,NA,NA,NA,NA,NA,NA,NA,NA,NA,NA,NA,NA,NA,NA,NA,NA,NA,NA,NA,NA,NA,NA,NA,NA,NA,NA,NA,NA,NA,"Claytonia","virginica","","","","","Claytonia virginica"
"31","Cornus canadensis","Cornus","Cornus canadensis",NA,NA,"Dogwood",NA,"Y","N","Y","fruit","Y","Food","",NA,"Fruits","","",NA,NA,NA,NA,"","","","","","","","","","","Kuhnlein and Turner 2020","","Kuhnlein and Turner 2020","Cornus canadensis","","","","x",NA,NA,NA,NA,NA,NA,NA,NA,NA,"","","","",NA,NA,NA,NA,NA,NA,NA,NA,NA,NA,NA,NA,NA,NA,NA,NA,NA,NA,NA,NA,NA,NA,NA,NA,NA,NA,NA,NA,NA,NA,NA,NA,NA,NA,NA,NA,NA,NA,NA,NA,NA,NA,NA,NA,NA,NA,NA,NA,NA,NA,NA,NA,NA,NA,NA,NA,NA,NA,NA,NA,NA,NA,NA,NA,NA,NA,NA,NA,NA,NA,NA,NA,NA,NA,NA,NA,NA,NA,NA,NA,NA,NA,NA,NA,NA,NA,NA,NA,NA,NA,NA,NA,NA,NA,NA,NA,NA,NA,NA,NA,NA,NA,NA,NA,NA,"Cornus","canadensis","","","","","Cornus canadensis"
"32","Cornus sericea","Cornus","Cornus sericea",NA,NA,"Dogwood",NA,"N","N","Y","fruit","Y","Food","",NA,"Fruits","","",NA,NA,NA,NA,"","","","","","","","","","","Kuhnlein and Turner 2020","","Kuhnlein and Turner 2020","Cornus sericea   ","x","","","",NA,NA,NA,NA,NA,NA,NA,NA,NA,"","","syn C. stolonifera","",NA,NA,NA,NA,NA,NA,NA,NA,NA,NA,NA,NA,NA,NA,NA,NA,NA,NA,NA,NA,NA,NA,NA,NA,NA,NA,NA,NA,NA,NA,NA,NA,NA,NA,NA,NA,NA,NA,NA,NA,NA,NA,NA,NA,NA,NA,NA,NA,NA,NA,NA,NA,NA,NA,NA,NA,NA,NA,NA,NA,NA,NA,NA,NA,NA,NA,NA,NA,NA,NA,NA,NA,NA,NA,NA,NA,NA,NA,NA,NA,NA,NA,NA,NA,NA,NA,NA,NA,NA,NA,NA,NA,NA,NA,NA,NA,NA,NA,NA,NA,NA,NA,NA,NA,NA,"Cornus","sericea","","","","","Cornus sericea"
"33","Corylus americana","Corylus","Corylus americana",NA,NA,"Filbert",NA,"Y","Y","Y","hazelnut; nuts","Y","Food","",NA,"Nuts","","",NA,"1B",1,"Secondary","","","","Disease Resistance (B)","","Gene Transfer (F)","","","","","GRIN-Global 2021","GRIN-Global 2021","Kuhnlein and Turner 2020","Corylus americana","","","","",NA,NA,NA,NA,NA,NA,NA,NA,NA,"x","","","",NA,NA,NA,NA,NA,NA,NA,NA,NA,NA,NA,NA,NA,NA,NA,NA,NA,NA,NA,NA,NA,NA,NA,NA,NA,NA,NA,NA,NA,NA,NA,NA,NA,NA,NA,NA,NA,NA,NA,NA,NA,NA,NA,NA,NA,NA,NA,NA,NA,NA,NA,NA,NA,NA,NA,NA,NA,NA,NA,NA,NA,NA,NA,NA,NA,NA,NA,NA,NA,NA,NA,NA,NA,NA,NA,NA,NA,NA,NA,NA,NA,NA,NA,NA,NA,NA,NA,NA,NA,NA,NA,NA,NA,NA,NA,NA,NA,NA,NA,NA,NA,NA,NA,NA,NA,"Corylus","americana","","","","","Corylus americana"
"34","Dicentra formosa","Dicentra","Dicentra formosa",NA,NA,"Bleeding-Heart",NA,"Y","N","N","","Y","Cultural","",NA,"Ornamentals","","",NA,NA,NA,NA,"","","","","","","Ornamental Features (AG)","","","","GRIN-Global 2021","","","Dicentra formosa","","","x","D",NA,NA,NA,NA,NA,NA,NA,NA,NA,"","","","",NA,NA,NA,NA,NA,NA,NA,NA,NA,NA,NA,NA,NA,NA,NA,NA,NA,NA,NA,NA,NA,NA,NA,NA,NA,NA,NA,NA,NA,NA,NA,NA,NA,NA,NA,NA,NA,NA,NA,NA,NA,NA,NA,NA,NA,NA,NA,NA,NA,NA,NA,NA,NA,NA,NA,NA,NA,NA,NA,NA,NA,NA,NA,NA,NA,NA,NA,NA,NA,NA,NA,NA,NA,NA,NA,NA,NA,NA,NA,NA,NA,NA,NA,NA,NA,NA,NA,NA,NA,NA,NA,NA,NA,NA,NA,NA,NA,NA,NA,NA,NA,NA,NA,NA,NA,"Dicentra","formosa","","","","","Dicentra formosa"
"35","Elymus glaucus","Elymus","Elymus glaucus",NA,NA,"Wheat","Wild-rye","N","Y","N","","Y","Food","",NA,"Cereals and pseudocereals","Forage and Feed","",NA,"1C",1,"Tertiary","","","","","","","","","","","GRIN-Global 2021","GRIN-Global 2021","","Elymus glaucus  ","","x","","x",NA,NA,NA,NA,NA,NA,NA,NA,NA,"","","","",NA,NA,NA,NA,NA,NA,NA,NA,NA,NA,NA,NA,NA,NA,NA,NA,NA,NA,NA,NA,NA,NA,NA,NA,NA,NA,NA,NA,NA,NA,NA,NA,NA,NA,NA,NA,NA,NA,NA,NA,NA,NA,NA,NA,NA,NA,NA,NA,NA,NA,NA,NA,NA,NA,NA,NA,NA,NA,NA,NA,NA,NA,NA,NA,NA,NA,NA,NA,NA,NA,NA,NA,NA,NA,NA,NA,NA,NA,NA,NA,NA,NA,NA,NA,NA,NA,NA,NA,NA,NA,NA,NA,NA,NA,NA,NA,NA,NA,NA,NA,NA,NA,NA,NA,NA,"Elymus","glaucus","","","","","Elymus glaucus"
"36","Erythronium americanum","Erythronium","Erythronium americanum",NA,NA,"Fawn-Lily",NA,"N","N","Y","bulbs","Y","Food","",NA,"Vegetables","","",NA,NA,NA,NA,"","","","","","","","","","","Kuhnlein and Turner 2020","","Kuhnlein and Turner 2020","Erythronium americanum","","x","D","",NA,NA,NA,NA,NA,NA,NA,NA,NA,"","","","",NA,NA,NA,NA,NA,NA,NA,NA,NA,NA,NA,NA,NA,NA,NA,NA,NA,NA,NA,NA,NA,NA,NA,NA,NA,NA,NA,NA,NA,NA,NA,NA,NA,NA,NA,NA,NA,NA,NA,NA,NA,NA,NA,NA,NA,NA,NA,NA,NA,NA,NA,NA,NA,NA,NA,NA,NA,NA,NA,NA,NA,NA,NA,NA,NA,NA,NA,NA,NA,NA,NA,NA,NA,NA,NA,NA,NA,NA,NA,NA,NA,NA,NA,NA,NA,NA,NA,NA,NA,NA,NA,NA,NA,NA,NA,NA,NA,NA,NA,NA,NA,NA,NA,NA,NA,"Erythronium","americanum","","","","","Erythronium americanum"
"37","Erythronium grandiflorum","Erythronium","Erythronium grandiflorum",NA,NA,"Fawn-Lily",NA,"N","N","Y","bulbs","Y","Food","",NA,"Vegetables","","",NA,NA,NA,NA,"","","","","","","","","","","Kuhnlein and Turner 2020","","Kuhnlein and Turner 2020","Erythronium grandiflorum","","x","","x",NA,NA,NA,NA,NA,NA,NA,NA,NA,"","","","",NA,NA,NA,NA,NA,NA,NA,NA,NA,NA,NA,NA,NA,NA,NA,NA,NA,NA,NA,NA,NA,NA,NA,NA,NA,NA,NA,NA,NA,NA,NA,NA,NA,NA,NA,NA,NA,NA,NA,NA,NA,NA,NA,NA,NA,NA,NA,NA,NA,NA,NA,NA,NA,NA,NA,NA,NA,NA,NA,NA,NA,NA,NA,NA,NA,NA,NA,NA,NA,NA,NA,NA,NA,NA,NA,NA,NA,NA,NA,NA,NA,NA,NA,NA,NA,NA,NA,NA,NA,NA,NA,NA,NA,NA,NA,NA,NA,NA,NA,NA,NA,NA,NA,NA,NA,"Erythronium","grandiflorum","","","","","Erythronium grandiflorum"
"38","Fragaria vesca","Fragaria","Fragaria vesca",NA,NA,"Strawberry",NA,"N","Y","Y","strawberry; fruit","Y","Food","",NA,"Fruits","","",NA,"1C",1,"Tertiary","","","","Disease Resistance (B)","","","","","","","GRIN-Global 2021","GRIN-Global 2021","Kuhnlein and Turner 2020","Fragaria vesca alba","x","x","","",NA,NA,NA,NA,NA,NA,NA,NA,NA,"","","","",NA,NA,NA,NA,NA,NA,NA,NA,NA,NA,NA,NA,NA,NA,NA,NA,NA,NA,NA,NA,NA,NA,NA,NA,NA,NA,NA,NA,NA,NA,NA,NA,NA,NA,NA,NA,NA,NA,NA,NA,NA,NA,NA,NA,NA,NA,NA,NA,NA,NA,NA,NA,NA,NA,NA,NA,NA,NA,NA,NA,NA,NA,NA,NA,NA,NA,NA,NA,NA,NA,NA,NA,NA,NA,NA,NA,NA,NA,NA,NA,NA,NA,NA,NA,NA,NA,NA,NA,NA,NA,NA,NA,NA,NA,NA,NA,NA,NA,NA,NA,NA,NA,NA,NA,NA,"Fragaria","vesca","","","","","Fragaria vesca"
"39","Fritillaria affinis","Fritillaria","Fritillaria affinis",NA,NA,"Fritillaria",NA,"N","N","Y","","Y","Food","",NA,"Vegetables","","",NA,NA,NA,NA,"","","","","","","","","","","Kuhnlein and Turner 2020","","Kuhnlein and Turner 2020","Fritillaria affinis","","","","",NA,NA,NA,NA,NA,NA,NA,NA,NA,"","","","",NA,NA,NA,NA,NA,NA,NA,NA,NA,NA,NA,NA,NA,NA,NA,NA,NA,NA,NA,NA,NA,NA,NA,NA,NA,NA,NA,NA,NA,NA,NA,NA,NA,NA,NA,NA,NA,NA,NA,NA,NA,NA,NA,NA,NA,NA,NA,NA,NA,NA,NA,NA,NA,NA,NA,NA,NA,NA,NA,NA,NA,NA,NA,NA,NA,NA,NA,NA,NA,NA,NA,NA,NA,NA,NA,NA,NA,NA,NA,NA,NA,NA,NA,NA,NA,NA,NA,NA,NA,NA,NA,NA,NA,NA,NA,NA,NA,NA,NA,NA,NA,NA,NA,NA,NA,"Fritillaria","affinis","","","","","Fritillaria affinis"
"40","Fritillaria pudica","Fritillaria","Fritillaria pudica",NA,NA,"Fritillaria",NA,"Y","N","Y","","Y","Food","",NA,"Vegetables","","",NA,NA,NA,NA,"","","","","","","","","","","Kuhnlein and Turner 2020","","Kuhnlein and Turner 2020","Fritillaria pudica","","","","",NA,NA,NA,NA,NA,NA,NA,NA,NA,"","","","",NA,NA,NA,NA,NA,NA,NA,NA,NA,NA,NA,NA,NA,NA,NA,NA,NA,NA,NA,NA,NA,NA,NA,NA,NA,NA,NA,NA,NA,NA,NA,NA,NA,NA,NA,NA,NA,NA,NA,NA,NA,NA,NA,NA,NA,NA,NA,NA,NA,NA,NA,NA,NA,NA,NA,NA,NA,NA,NA,NA,NA,NA,NA,NA,NA,NA,NA,NA,NA,NA,NA,NA,NA,NA,NA,NA,NA,NA,NA,NA,NA,NA,NA,NA,NA,NA,NA,NA,NA,NA,NA,NA,NA,NA,NA,NA,NA,NA,NA,NA,NA,NA,NA,NA,NA,"Fritillaria","pudica","","","","","Fritillaria pudica"
"41","Gaillardia aristata","Gaillardia","Gaillardia aristata",NA,NA,"Blanket-Flower",NA,"Y","N","N","","Y","Cultural","",NA,"Ornamentals","","",NA,NA,NA,NA,"","","","","","","Ornamental Features (AG)","","","","GRIN-Global 2021","GRIN-Global 2021","","Gaillardia aristata","","x","","",NA,NA,NA,NA,NA,NA,NA,NA,NA,"","","","",NA,NA,NA,NA,NA,NA,NA,NA,NA,NA,NA,NA,NA,NA,NA,NA,NA,NA,NA,NA,NA,NA,NA,NA,NA,NA,NA,NA,NA,NA,NA,NA,NA,NA,NA,NA,NA,NA,NA,NA,NA,NA,NA,NA,NA,NA,NA,NA,NA,NA,NA,NA,NA,NA,NA,NA,NA,NA,NA,NA,NA,NA,NA,NA,NA,NA,NA,NA,NA,NA,NA,NA,NA,NA,NA,NA,NA,NA,NA,NA,NA,NA,NA,NA,NA,NA,NA,NA,NA,NA,NA,NA,NA,NA,NA,NA,NA,NA,NA,NA,NA,NA,NA,NA,NA,"Gaillardia","aristata","","","","","Gaillardia aristata"
"42","Gaultheria hispidula","Gaultheria","Gaultheria hispidula",NA,NA,"Salal berry",NA,"Y","N","Y","leaves, leaves as tea","Y","Food","",NA,"Fruits","","",NA,NA,NA,NA,"","","","","","","","","","","Kuhnlein and Turner 2020","","Kuhnlein and Turner 2020","Gaultheria hispidula","","","","",NA,NA,NA,NA,NA,NA,NA,NA,NA,"","","","",NA,NA,NA,NA,NA,NA,NA,NA,NA,NA,NA,NA,NA,NA,NA,NA,NA,NA,NA,NA,NA,NA,NA,NA,NA,NA,NA,NA,NA,NA,NA,NA,NA,NA,NA,NA,NA,NA,NA,NA,NA,NA,NA,NA,NA,NA,NA,NA,NA,NA,NA,NA,NA,NA,NA,NA,NA,NA,NA,NA,NA,NA,NA,NA,NA,NA,NA,NA,NA,NA,NA,NA,NA,NA,NA,NA,NA,NA,NA,NA,NA,NA,NA,NA,NA,NA,NA,NA,NA,NA,NA,NA,NA,NA,NA,NA,NA,NA,NA,NA,NA,NA,NA,NA,NA,"Gaultheria","hispidula","","","","","Gaultheria hispidula"
"43","Helianthus decapetalus","Helianthus","Helianthus decapetalus",NA,NA,"Sunflower",NA,"Y","Y","N","","Y","Food","",NA,"Oils","","",NA,"1C",1,"Tertiary","","","","Disease Resistance (B)","Pest Resistance (B)","Cytoplasmic Male Sterility (F)","","","","","GRIN-Global 2021","GRIN-Global 2021","","Helianthus decapetalus","","","","",NA,NA,NA,NA,NA,NA,NA,NA,NA,"","","","",NA,NA,NA,NA,NA,NA,NA,NA,NA,NA,NA,NA,NA,NA,NA,NA,NA,NA,NA,NA,NA,NA,NA,NA,NA,NA,NA,NA,NA,NA,NA,NA,NA,NA,NA,NA,NA,NA,NA,NA,NA,NA,NA,NA,NA,NA,NA,NA,NA,NA,NA,NA,NA,NA,NA,NA,NA,NA,NA,NA,NA,NA,NA,NA,NA,NA,NA,NA,NA,NA,NA,NA,NA,NA,NA,NA,NA,NA,NA,NA,NA,NA,NA,NA,NA,NA,NA,NA,NA,NA,NA,NA,NA,NA,NA,NA,NA,NA,NA,NA,NA,NA,NA,NA,NA,"Helianthus","decapetalus","","","","","Helianthus decapetalus"
"44","Helianthus pauciflorus","Helianthus","Helianthus pauciflorus",NA,NA,"Sunflower",NA,"N","Y","N","","Y","Food","",NA,"Oils","","",NA,"1C",1,"Tertiary","","","","Disease Resistance (B)","Pest Resistance (B)","Cytoplasmic Male Sterility (F)","Crop Quality (AG)","","","","GRIN-Global 2021","GRIN-Global 2021","","Helianthus pauciflorus","","","x","",NA,NA,NA,NA,NA,NA,NA,NA,NA,"x","","H. rigidus, H. pauciflorus subsp. Subrhomboideus ","",NA,NA,NA,NA,NA,NA,NA,NA,NA,NA,NA,NA,NA,NA,NA,NA,NA,NA,NA,NA,NA,NA,NA,NA,NA,NA,NA,NA,NA,NA,NA,NA,NA,NA,NA,NA,NA,NA,NA,NA,NA,NA,NA,NA,NA,NA,NA,NA,NA,NA,NA,NA,NA,NA,NA,NA,NA,NA,NA,NA,NA,NA,NA,NA,NA,NA,NA,NA,NA,NA,NA,NA,NA,NA,NA,NA,NA,NA,NA,NA,NA,NA,NA,NA,NA,NA,NA,NA,NA,NA,NA,NA,NA,NA,NA,NA,NA,NA,NA,NA,NA,NA,NA,NA,NA,"Helianthus","pauciflorus","","","","","Helianthus pauciflorus"
"45","Helianthus petiolaris","Helianthus","Helianthus petiolaris",NA,NA,"Sunflower",NA,"N","Y","N","","Y","Food","",NA,"Oils","","",NA,"1B",1,"Secondary","","","","Disease Resistance (B)","Pest Resistance (B)","Cytoplasmic Male Sterility (F)","Crop Quality (AG)","","","","GRIN-Global 2021","GRIN-Global 2021","","Helianthus petiolaris","","","","",NA,NA,NA,NA,NA,NA,NA,NA,NA,"","","","",NA,NA,NA,NA,NA,NA,NA,NA,NA,NA,NA,NA,NA,NA,NA,NA,NA,NA,NA,NA,NA,NA,NA,NA,NA,NA,NA,NA,NA,NA,NA,NA,NA,NA,NA,NA,NA,NA,NA,NA,NA,NA,NA,NA,NA,NA,NA,NA,NA,NA,NA,NA,NA,NA,NA,NA,NA,NA,NA,NA,NA,NA,NA,NA,NA,NA,NA,NA,NA,NA,NA,NA,NA,NA,NA,NA,NA,NA,NA,NA,NA,NA,NA,NA,NA,NA,NA,NA,NA,NA,NA,NA,NA,NA,NA,NA,NA,NA,NA,NA,NA,NA,NA,NA,NA,"Helianthus","petiolaris","","","","","Helianthus petiolaris"
"46","Humulus lupulus","Humulus","Humulus lupulus",NA,NA,"Hop",NA,"N","Y","Y","hops; greens edible, flowers in beer brewing","Y","Food","",NA,"Herbs and Spices","","",NA,"1A",1,"Primary","","","","","","","","","","","GRIN-Global 2021","GRIN-Global 2021","Kuhnlein and Turner 2020","Humulus lupulus ","x","X","","",NA,NA,NA,NA,NA,NA,NA,NA,NA,"","","","",NA,NA,NA,NA,NA,NA,NA,NA,NA,NA,NA,NA,NA,NA,NA,NA,NA,NA,NA,NA,NA,NA,NA,NA,NA,NA,NA,NA,NA,NA,NA,NA,NA,NA,NA,NA,NA,NA,NA,NA,NA,NA,NA,NA,NA,NA,NA,NA,NA,NA,NA,NA,NA,NA,NA,NA,NA,NA,NA,NA,NA,NA,NA,NA,NA,NA,NA,NA,NA,NA,NA,NA,NA,NA,NA,NA,NA,NA,NA,NA,NA,NA,NA,NA,NA,NA,NA,NA,NA,NA,NA,NA,NA,NA,NA,NA,NA,NA,NA,NA,NA,NA,NA,NA,NA,"Humulus","lupulus","","","","","Humulus lupulus"
"47","Juglans cinerea","Juglans","Juglans cinerea",NA,NA,"Walnut",NA,"Y","Y","Y","butternut; nut","Y","Food","Materials",NA,"Nuts","Materials","",NA,"1C",1,"Tertiary","","","","","","","","","","","GRIN-Global 2021","GRIN-Global 2021","Kuhnlein and Turner 2020","Juglans cinerea","","","x","",NA,NA,NA,NA,NA,NA,NA,NA,NA,"","","","",NA,NA,NA,NA,NA,NA,NA,NA,NA,NA,NA,NA,NA,NA,NA,NA,NA,NA,NA,NA,NA,NA,NA,NA,NA,NA,NA,NA,NA,NA,NA,NA,NA,NA,NA,NA,NA,NA,NA,NA,NA,NA,NA,NA,NA,NA,NA,NA,NA,NA,NA,NA,NA,NA,NA,NA,NA,NA,NA,NA,NA,NA,NA,NA,NA,NA,NA,NA,NA,NA,NA,NA,NA,NA,NA,NA,NA,NA,NA,NA,NA,NA,NA,NA,NA,NA,NA,NA,NA,NA,NA,NA,NA,NA,NA,NA,NA,NA,NA,NA,NA,NA,NA,NA,NA,"Juglans","cinerea","","","","","Juglans cinerea"
"48","Juniperus communis","Juniperus","Juniperus communis",NA,NA,"Juniper",NA,"N","N","Y","tea, leaves and shoots edible","Y","Cultural","Food",NA,"Medicinals","Vegetables","",NA,NA,NA,NA,"","","","","","","","","","","Kuhnlein and Turner 2020","","Kuhnlein and Turner 2020","Juniperus communis","x","","","",NA,NA,NA,NA,NA,NA,NA,NA,NA,"","","","",NA,NA,NA,NA,NA,NA,NA,NA,NA,NA,NA,NA,NA,NA,NA,NA,NA,NA,NA,NA,NA,NA,NA,NA,NA,NA,NA,NA,NA,NA,NA,NA,NA,NA,NA,NA,NA,NA,NA,NA,NA,NA,NA,NA,NA,NA,NA,NA,NA,NA,NA,NA,NA,NA,NA,NA,NA,NA,NA,NA,NA,NA,NA,NA,NA,NA,NA,NA,NA,NA,NA,NA,NA,NA,NA,NA,NA,NA,NA,NA,NA,NA,NA,NA,NA,NA,NA,NA,NA,NA,NA,NA,NA,NA,NA,NA,NA,NA,NA,NA,NA,NA,NA,NA,NA,"Juniperus","communis","","","","","Juniperus communis"
"49","Juniperus communis","Juniperus","Juniperus communis",NA,NA,"Juniper",NA,"N","N","Y","tea, leaves and shoots edible","Y","Cultural","Food",NA,"Medicinals","Vegetables","",NA,NA,NA,NA,"","","","","","","","","","","Kuhnlein and Turner 2020","","Kuhnlein and Turner 2020","Juniperus communis compressa","","x","","x",NA,NA,NA,NA,NA,NA,NA,NA,NA,"","","","",NA,NA,NA,NA,NA,NA,NA,NA,NA,NA,NA,NA,NA,NA,NA,NA,NA,NA,NA,NA,NA,NA,NA,NA,NA,NA,NA,NA,NA,NA,NA,NA,NA,NA,NA,NA,NA,NA,NA,NA,NA,NA,NA,NA,NA,NA,NA,NA,NA,NA,NA,NA,NA,NA,NA,NA,NA,NA,NA,NA,NA,NA,NA,NA,NA,NA,NA,NA,NA,NA,NA,NA,NA,NA,NA,NA,NA,NA,NA,NA,NA,NA,NA,NA,NA,NA,NA,NA,NA,NA,NA,NA,NA,NA,NA,NA,NA,NA,NA,NA,NA,NA,NA,NA,NA,"Juniperus","communis","","","","","Juniperus communis"
"50","Juniperus horizontalis","Juniperus","Juniperus horizontalis",NA,NA,"Juniper",NA,"Y","N","Y","tea, leaves and shoots edible","Y","Cultural","Food",NA,"Medicinals","Vegetables","",NA,NA,NA,NA,"","","","","","","","","","","Kuhnlein and Turner 2020","","Kuhnlein and Turner 2020","Juniperus horizontalis","x","","","",NA,NA,NA,NA,NA,NA,NA,NA,NA,"","","","",NA,NA,NA,NA,NA,NA,NA,NA,NA,NA,NA,NA,NA,NA,NA,NA,NA,NA,NA,NA,NA,NA,NA,NA,NA,NA,NA,NA,NA,NA,NA,NA,NA,NA,NA,NA,NA,NA,NA,NA,NA,NA,NA,NA,NA,NA,NA,NA,NA,NA,NA,NA,NA,NA,NA,NA,NA,NA,NA,NA,NA,NA,NA,NA,NA,NA,NA,NA,NA,NA,NA,NA,NA,NA,NA,NA,NA,NA,NA,NA,NA,NA,NA,NA,NA,NA,NA,NA,NA,NA,NA,NA,NA,NA,NA,NA,NA,NA,NA,NA,NA,NA,NA,NA,NA,"Juniperus","horizontalis","","","","","Juniperus horizontalis"
"51","Juniperus horizontalis","Juniperus","Juniperus horizontalis",NA,NA,"Juniper",NA,"Y","N","Y","tea, leaves and shoots edible","Y","Cultural","Food",NA,"Medicinals","Vegetables","",NA,NA,NA,NA,"","","","","","","","","","","Kuhnlein and Turner 2020","","Kuhnlein and Turner 2020","Juniperus horizontalis Blue Prince","","","","",NA,NA,NA,NA,NA,NA,NA,NA,NA,"","","","",NA,NA,NA,NA,NA,NA,NA,NA,NA,NA,NA,NA,NA,NA,NA,NA,NA,NA,NA,NA,NA,NA,NA,NA,NA,NA,NA,NA,NA,NA,NA,NA,NA,NA,NA,NA,NA,NA,NA,NA,NA,NA,NA,NA,NA,NA,NA,NA,NA,NA,NA,NA,NA,NA,NA,NA,NA,NA,NA,NA,NA,NA,NA,NA,NA,NA,NA,NA,NA,NA,NA,NA,NA,NA,NA,NA,NA,NA,NA,NA,NA,NA,NA,NA,NA,NA,NA,NA,NA,NA,NA,NA,NA,NA,NA,NA,NA,NA,NA,NA,NA,NA,NA,NA,NA,"Juniperus","horizontalis","","","","","Juniperus horizontalis"
"52","Juniperus horizontalis","Juniperus","Juniperus horizontalis",NA,NA,"Juniper",NA,"Y","N","Y","tea, leaves and shoots edible","Y","Cultural","Food",NA,"Medicinals","Vegetables","",NA,NA,NA,NA,"","","","","","","","","","","Kuhnlein and Turner 2020","","Kuhnlein and Turner 2020","Juniperus horizontalis Douglasii","","","","",NA,NA,NA,NA,NA,NA,NA,NA,NA,"","","","",NA,NA,NA,NA,NA,NA,NA,NA,NA,NA,NA,NA,NA,NA,NA,NA,NA,NA,NA,NA,NA,NA,NA,NA,NA,NA,NA,NA,NA,NA,NA,NA,NA,NA,NA,NA,NA,NA,NA,NA,NA,NA,NA,NA,NA,NA,NA,NA,NA,NA,NA,NA,NA,NA,NA,NA,NA,NA,NA,NA,NA,NA,NA,NA,NA,NA,NA,NA,NA,NA,NA,NA,NA,NA,NA,NA,NA,NA,NA,NA,NA,NA,NA,NA,NA,NA,NA,NA,NA,NA,NA,NA,NA,NA,NA,NA,NA,NA,NA,NA,NA,NA,NA,NA,NA,"Juniperus","horizontalis","","","","","Juniperus horizontalis"
"53","Lilium columbianum","Lilium","Lilium columbianum",NA,NA,"Lily",NA,"Y","N","Y","","Y","Food","",NA,"Vegetables","","",NA,NA,NA,NA,"","","","","","","","","","","Kuhnlein and Turner 2020","","Kuhnlein and Turner 2020","Lilium columbianum polyphyllum","","","","",NA,NA,NA,NA,NA,NA,NA,NA,NA,"","","","",NA,NA,NA,NA,NA,NA,NA,NA,NA,NA,NA,NA,NA,NA,NA,NA,NA,NA,NA,NA,NA,NA,NA,NA,NA,NA,NA,NA,NA,NA,NA,NA,NA,NA,NA,NA,NA,NA,NA,NA,NA,NA,NA,NA,NA,NA,NA,NA,NA,NA,NA,NA,NA,NA,NA,NA,NA,NA,NA,NA,NA,NA,NA,NA,NA,NA,NA,NA,NA,NA,NA,NA,NA,NA,NA,NA,NA,NA,NA,NA,NA,NA,NA,NA,NA,NA,NA,NA,NA,NA,NA,NA,NA,NA,NA,NA,NA,NA,NA,NA,NA,NA,NA,NA,NA,"Lilium","columbianum","","","","","Lilium columbianum"
"54","Lilium columbianum","Lilium","Lilium columbianum",NA,NA,"Lily",NA,"Y","N","Y","","Y","Food","",NA,"Vegetables","","",NA,NA,NA,NA,"","","","","","","","","","","Kuhnlein and Turner 2020","","Kuhnlein and Turner 2020","Lilium columbianum","","","","",NA,NA,NA,NA,NA,NA,NA,NA,NA,"","","","",NA,NA,NA,NA,NA,NA,NA,NA,NA,NA,NA,NA,NA,NA,NA,NA,NA,NA,NA,NA,NA,NA,NA,NA,NA,NA,NA,NA,NA,NA,NA,NA,NA,NA,NA,NA,NA,NA,NA,NA,NA,NA,NA,NA,NA,NA,NA,NA,NA,NA,NA,NA,NA,NA,NA,NA,NA,NA,NA,NA,NA,NA,NA,NA,NA,NA,NA,NA,NA,NA,NA,NA,NA,NA,NA,NA,NA,NA,NA,NA,NA,NA,NA,NA,NA,NA,NA,NA,NA,NA,NA,NA,NA,NA,NA,NA,NA,NA,NA,NA,NA,NA,NA,NA,NA,"Lilium","columbianum","","","","","Lilium columbianum"
"55","Linum lewisii","Linum","Linum lewisii",NA,NA,"Flax",NA,"N","Y","N","","Y","Materials","",NA,"Materials","","",NA,"1C",1,"Tertiary","","","","","","","","","","","GRIN-Global 2021","GRIN-Global 2021","","Linum lewisii ","x","x","x","",NA,NA,NA,NA,NA,NA,NA,NA,NA,"","","","",NA,NA,NA,NA,NA,NA,NA,NA,NA,NA,NA,NA,NA,NA,NA,NA,NA,NA,NA,NA,NA,NA,NA,NA,NA,NA,NA,NA,NA,NA,NA,NA,NA,NA,NA,NA,NA,NA,NA,NA,NA,NA,NA,NA,NA,NA,NA,NA,NA,NA,NA,NA,NA,NA,NA,NA,NA,NA,NA,NA,NA,NA,NA,NA,NA,NA,NA,NA,NA,NA,NA,NA,NA,NA,NA,NA,NA,NA,NA,NA,NA,NA,NA,NA,NA,NA,NA,NA,NA,NA,NA,NA,NA,NA,NA,NA,NA,NA,NA,NA,NA,NA,NA,NA,NA,"Linum","lewisii","","","","","Linum lewisii"
"56","Linum perenne","Linum","Linum perenne",NA,NA,"Flax",NA,"Y","Y","Y","seeds","N","Materials","",NA,"Materials","","",NA,"1C",1,"Assume distant","","","","","","","","","","","Davidson 1995","","Kuhnlein and Turner 2020","Linum perenne Album","","","","",NA,NA,NA,NA,NA,NA,NA,NA,NA,"x","","","",NA,NA,NA,NA,NA,NA,NA,NA,NA,NA,NA,NA,NA,NA,NA,NA,NA,NA,NA,NA,NA,NA,NA,NA,NA,NA,NA,NA,NA,NA,NA,NA,NA,NA,NA,NA,NA,NA,NA,NA,NA,NA,NA,NA,NA,NA,NA,NA,NA,NA,NA,NA,NA,NA,NA,NA,NA,NA,NA,NA,NA,NA,NA,NA,NA,NA,NA,NA,NA,NA,NA,NA,NA,NA,NA,NA,NA,NA,NA,NA,NA,NA,NA,NA,NA,NA,NA,NA,NA,NA,NA,NA,NA,NA,NA,NA,NA,NA,NA,NA,NA,NA,NA,NA,NA,"Linum","perenne","","","","","Linum perenne"
"57","Linum perenne","Linum","Linum perenne",NA,NA,"Flax",NA,"Y","Y","Y","seeds","N","Materials","",NA,"Materials","","",NA,"1C",1,"Assume distant","","","","","","","","","","","Davidson 1995","","Kuhnlein and Turner 2020","Linum perenne","","x","x","",NA,NA,NA,NA,NA,NA,NA,NA,NA,"","","syn. L. sibiricum","",NA,NA,NA,NA,NA,NA,NA,NA,NA,NA,NA,NA,NA,NA,NA,NA,NA,NA,NA,NA,NA,NA,NA,NA,NA,NA,NA,NA,NA,NA,NA,NA,NA,NA,NA,NA,NA,NA,NA,NA,NA,NA,NA,NA,NA,NA,NA,NA,NA,NA,NA,NA,NA,NA,NA,NA,NA,NA,NA,NA,NA,NA,NA,NA,NA,NA,NA,NA,NA,NA,NA,NA,NA,NA,NA,NA,NA,NA,NA,NA,NA,NA,NA,NA,NA,NA,NA,NA,NA,NA,NA,NA,NA,NA,NA,NA,NA,NA,NA,NA,NA,NA,NA,NA,NA,"Linum","perenne","","","","","Linum perenne"
"58","Mahonia aquifolium","Mahonia","Mahonia aquifolium",NA,NA,"Barberry",NA,"Y","N","Y","fruit","Y","Food","",NA,"Fruits","","",NA,NA,NA,NA,"","","","","","","","","","","Kuhnlein and Turner 2020","","Kuhnlein and Turner 2020","Mahonia aquifolium","x","x","x","",NA,NA,NA,NA,NA,NA,NA,NA,NA,"x","","","",NA,NA,NA,NA,NA,NA,NA,NA,NA,NA,NA,NA,NA,NA,NA,NA,NA,NA,NA,NA,NA,NA,NA,NA,NA,NA,NA,NA,NA,NA,NA,NA,NA,NA,NA,NA,NA,NA,NA,NA,NA,NA,NA,NA,NA,NA,NA,NA,NA,NA,NA,NA,NA,NA,NA,NA,NA,NA,NA,NA,NA,NA,NA,NA,NA,NA,NA,NA,NA,NA,NA,NA,NA,NA,NA,NA,NA,NA,NA,NA,NA,NA,NA,NA,NA,NA,NA,NA,NA,NA,NA,NA,NA,NA,NA,NA,NA,NA,NA,NA,NA,NA,NA,NA,NA,"Mahonia","aquifolium","","","","","Mahonia aquifolium"
"59","Malus coronaria","Malus","Malus coronaria",NA,NA,"Apple",NA,"Y","Y","Y","fruit","Y","Food","",NA,"Fruits","","",NA,"1C",1,"Tertiary","","","","","","","","","","","GRIN-Global 2021","GRIN-Global 2021","Kuhnlein and Turner 2020","Malus coronaria","","","","",NA,NA,NA,NA,NA,NA,NA,NA,NA,"","","","",NA,NA,NA,NA,NA,NA,NA,NA,NA,NA,NA,NA,NA,NA,NA,NA,NA,NA,NA,NA,NA,NA,NA,NA,NA,NA,NA,NA,NA,NA,NA,NA,NA,NA,NA,NA,NA,NA,NA,NA,NA,NA,NA,NA,NA,NA,NA,NA,NA,NA,NA,NA,NA,NA,NA,NA,NA,NA,NA,NA,NA,NA,NA,NA,NA,NA,NA,NA,NA,NA,NA,NA,NA,NA,NA,NA,NA,NA,NA,NA,NA,NA,NA,NA,NA,NA,NA,NA,NA,NA,NA,NA,NA,NA,NA,NA,NA,NA,NA,NA,NA,NA,NA,NA,NA,"Malus","coronaria","","","","","Malus coronaria"
"60","Mitchella repens","Mitchella","Mitchella repens",NA,NA,"Partidge berry",NA,"Y","N","Y","fruit","Y","Food","",NA,"Fruits","","",NA,NA,NA,NA,"","","","","","","","","","","Kuhnlein and Turner 2020","","Kuhnlein and Turner 2020","Mitchella repens","","","","",NA,NA,NA,NA,NA,NA,NA,NA,NA,"","x","","",NA,NA,NA,NA,NA,NA,NA,NA,NA,NA,NA,NA,NA,NA,NA,NA,NA,NA,NA,NA,NA,NA,NA,NA,NA,NA,NA,NA,NA,NA,NA,NA,NA,NA,NA,NA,NA,NA,NA,NA,NA,NA,NA,NA,NA,NA,NA,NA,NA,NA,NA,NA,NA,NA,NA,NA,NA,NA,NA,NA,NA,NA,NA,NA,NA,NA,NA,NA,NA,NA,NA,NA,NA,NA,NA,NA,NA,NA,NA,NA,NA,NA,NA,NA,NA,NA,NA,NA,NA,NA,NA,NA,NA,NA,NA,NA,NA,NA,NA,NA,NA,NA,NA,NA,NA,"Mitchella","repens","","","","","Mitchella repens"
"61","Monarda fistulosa","Monarda","Monarda fistulosa",NA,NA,"Monarda",NA,"N","N","Y","leaves, tea","Y","Cultural","",NA,"Medicinals","Ornamentals","",NA,NA,NA,NA,"","","","","","","","","","","Davidson 1995","","Kuhnlein and Turner 2020","Monarda fistulosa","","X","x","x",NA,NA,NA,NA,NA,NA,NA,NA,NA,"","","","",NA,NA,NA,NA,NA,NA,NA,NA,NA,NA,NA,NA,NA,NA,NA,NA,NA,NA,NA,NA,NA,NA,NA,NA,NA,NA,NA,NA,NA,NA,NA,NA,NA,NA,NA,NA,NA,NA,NA,NA,NA,NA,NA,NA,NA,NA,NA,NA,NA,NA,NA,NA,NA,NA,NA,NA,NA,NA,NA,NA,NA,NA,NA,NA,NA,NA,NA,NA,NA,NA,NA,NA,NA,NA,NA,NA,NA,NA,NA,NA,NA,NA,NA,NA,NA,NA,NA,NA,NA,NA,NA,NA,NA,NA,NA,NA,NA,NA,NA,NA,NA,NA,NA,NA,NA,"Monarda","fistulosa","","","","","Monarda fistulosa"
"62","Opuntia fragilis","Opuntia","Opuntia fragilis",NA,NA,"Prickly-pear cactus",NA,"Y","N","Y","","Y","Food","",NA,"Fruit","Vegetables","",NA,NA,NA,NA,"","","","","","","","","","","Kuhnlein and Turner 2020","","Kuhnlein and Turner 2020","Opuntia fragilis","","x","","",NA,NA,NA,NA,NA,NA,NA,NA,NA,"","","","",NA,NA,NA,NA,NA,NA,NA,NA,NA,NA,NA,NA,NA,NA,NA,NA,NA,NA,NA,NA,NA,NA,NA,NA,NA,NA,NA,NA,NA,NA,NA,NA,NA,NA,NA,NA,NA,NA,NA,NA,NA,NA,NA,NA,NA,NA,NA,NA,NA,NA,NA,NA,NA,NA,NA,NA,NA,NA,NA,NA,NA,NA,NA,NA,NA,NA,NA,NA,NA,NA,NA,NA,NA,NA,NA,NA,NA,NA,NA,NA,NA,NA,NA,NA,NA,NA,NA,NA,NA,NA,NA,NA,NA,NA,NA,NA,NA,NA,NA,NA,NA,NA,NA,NA,NA,"Opuntia","fragilis","","","","","Opuntia fragilis"
"63","Opuntia polyacantha","Opuntia","Opuntia polyacantha",NA,NA,"Prickly-pear cactus",NA,"N","N","Y","","Y","Food","",NA,"Fruit","Vegetables","",NA,NA,NA,NA,"","","","","","","","","","","Kuhnlein and Turner 2020","","Kuhnlein and Turner 2020","Opuntia polyacantha Borealis","","","","",NA,NA,NA,NA,NA,NA,NA,NA,NA,"","","","",NA,NA,NA,NA,NA,NA,NA,NA,NA,NA,NA,NA,NA,NA,NA,NA,NA,NA,NA,NA,NA,NA,NA,NA,NA,NA,NA,NA,NA,NA,NA,NA,NA,NA,NA,NA,NA,NA,NA,NA,NA,NA,NA,NA,NA,NA,NA,NA,NA,NA,NA,NA,NA,NA,NA,NA,NA,NA,NA,NA,NA,NA,NA,NA,NA,NA,NA,NA,NA,NA,NA,NA,NA,NA,NA,NA,NA,NA,NA,NA,NA,NA,NA,NA,NA,NA,NA,NA,NA,NA,NA,NA,NA,NA,NA,NA,NA,NA,NA,NA,NA,NA,NA,NA,NA,"Opuntia","polyacantha","","","","","Opuntia polyacantha"
"64","Opuntia polyacantha","Opuntia","Opuntia polyacantha",NA,NA,"Prickly-pear cactus",NA,"N","N","Y","","Y","Food","",NA,"Fruit","Vegetables","",NA,NA,NA,NA,"","","","","","","","","","","Kuhnlein and Turner 2020","","Kuhnlein and Turner 2020","Opuntia polyacantha","","x","","",NA,NA,NA,NA,NA,NA,NA,NA,NA,"","","","",NA,NA,NA,NA,NA,NA,NA,NA,NA,NA,NA,NA,NA,NA,NA,NA,NA,NA,NA,NA,NA,NA,NA,NA,NA,NA,NA,NA,NA,NA,NA,NA,NA,NA,NA,NA,NA,NA,NA,NA,NA,NA,NA,NA,NA,NA,NA,NA,NA,NA,NA,NA,NA,NA,NA,NA,NA,NA,NA,NA,NA,NA,NA,NA,NA,NA,NA,NA,NA,NA,NA,NA,NA,NA,NA,NA,NA,NA,NA,NA,NA,NA,NA,NA,NA,NA,NA,NA,NA,NA,NA,NA,NA,NA,NA,NA,NA,NA,NA,NA,NA,NA,NA,NA,NA,"Opuntia","polyacantha","","","","","Opuntia polyacantha"
"65","Picea glauca","Picea","Picea glauca",NA,NA,"Spruce",NA,"Y","N","Y","gum, tea, sap","Y","Forest Resources","",NA,"Forest Resources","","",NA,NA,NA,NA,"","","","","","","","","","","Davidson 1995","","Kuhnlein and Turner 2020","Picea glauca","x","","","",NA,NA,NA,NA,NA,NA,NA,NA,NA,"","","","",NA,NA,NA,NA,NA,NA,NA,NA,NA,NA,NA,NA,NA,NA,NA,NA,NA,NA,NA,NA,NA,NA,NA,NA,NA,NA,NA,NA,NA,NA,NA,NA,NA,NA,NA,NA,NA,NA,NA,NA,NA,NA,NA,NA,NA,NA,NA,NA,NA,NA,NA,NA,NA,NA,NA,NA,NA,NA,NA,NA,NA,NA,NA,NA,NA,NA,NA,NA,NA,NA,NA,NA,NA,NA,NA,NA,NA,NA,NA,NA,NA,NA,NA,NA,NA,NA,NA,NA,NA,NA,NA,NA,NA,NA,NA,NA,NA,NA,NA,NA,NA,NA,NA,NA,NA,"Picea","glauca","","","","","Picea glauca"
"66","Populus balsamifera","Populus","Populus balsamifera",NA,NA,"Poplar",NA,"Y","N","Y","inner bark","Y","Forest Resources","",NA,"Forest Resources","","",NA,NA,NA,NA,"","","","","","","","","","","Davidson 1995","","Kuhnlein and Turner 2020","Populus balsamifera","x","","","",NA,NA,NA,NA,NA,NA,NA,NA,NA,"","","","",NA,NA,NA,NA,NA,NA,NA,NA,NA,NA,NA,NA,NA,NA,NA,NA,NA,NA,NA,NA,NA,NA,NA,NA,NA,NA,NA,NA,NA,NA,NA,NA,NA,NA,NA,NA,NA,NA,NA,NA,NA,NA,NA,NA,NA,NA,NA,NA,NA,NA,NA,NA,NA,NA,NA,NA,NA,NA,NA,NA,NA,NA,NA,NA,NA,NA,NA,NA,NA,NA,NA,NA,NA,NA,NA,NA,NA,NA,NA,NA,NA,NA,NA,NA,NA,NA,NA,NA,NA,NA,NA,NA,NA,NA,NA,NA,NA,NA,NA,NA,NA,NA,NA,NA,NA,"Populus","balsamifera","","","","","Populus balsamifera"
"67","Prunella vulgaris","Prunella","Prunella vulgaris",NA,NA,"Heal-All",NA,"Y","N","Y","flowers and leaves as tea","Y","Cultural","",NA,"Medicinals","","",NA,NA,NA,NA,"","","","","","","","","","","GRIN-Global 2021","","Kuhnlein and Turner 2020","Prunella vulgaris","","x","","",NA,NA,NA,NA,NA,NA,NA,NA,NA,"","","","",NA,NA,NA,NA,NA,NA,NA,NA,NA,NA,NA,NA,NA,NA,NA,NA,NA,NA,NA,NA,NA,NA,NA,NA,NA,NA,NA,NA,NA,NA,NA,NA,NA,NA,NA,NA,NA,NA,NA,NA,NA,NA,NA,NA,NA,NA,NA,NA,NA,NA,NA,NA,NA,NA,NA,NA,NA,NA,NA,NA,NA,NA,NA,NA,NA,NA,NA,NA,NA,NA,NA,NA,NA,NA,NA,NA,NA,NA,NA,NA,NA,NA,NA,NA,NA,NA,NA,NA,NA,NA,NA,NA,NA,NA,NA,NA,NA,NA,NA,NA,NA,NA,NA,NA,NA,"Prunella","vulgaris","","","","","Prunella vulgaris"
"68","Prunus americana","Prunus","Prunus americana",NA,NA,"Apricot, Cherry, Peach, Plum","Almond","Y","Y","Y","fruit","Y","Food","Cultural","Food","Fruits","Ornamentals","Materials","Nuts","1A",1,"Progenitor","Graftstock","","","","","","Dwarfing (AG)","Crop Quality (AG)","","","GRIN-Global 2021","GRIN-Global 2021","Kuhnlein and Turner 2020","Prunus americana","","","","",NA,NA,NA,NA,NA,NA,NA,NA,NA,"","","","",NA,NA,NA,NA,NA,NA,NA,NA,NA,NA,NA,NA,NA,NA,NA,NA,NA,NA,NA,NA,NA,NA,NA,NA,NA,NA,NA,NA,NA,NA,NA,NA,NA,NA,NA,NA,NA,NA,NA,NA,NA,NA,NA,NA,NA,NA,NA,NA,NA,NA,NA,NA,NA,NA,NA,NA,NA,NA,NA,NA,NA,NA,NA,NA,NA,NA,NA,NA,NA,NA,NA,NA,NA,NA,NA,NA,NA,NA,NA,NA,NA,NA,NA,NA,NA,NA,NA,NA,NA,NA,NA,NA,NA,NA,NA,NA,NA,NA,NA,NA,NA,NA,NA,NA,NA,"Prunus","americana","","","","","Prunus americana"
"69","Prunus pensylvanica","Prunus","Prunus pensylvanica",NA,NA,"Apricot, Cherry, Peach, Plum","Almond","Y","Y","Y","fruit","Y","Food","Cultural","Food","Fruits","Ornamentals","Materials","Nuts","1A",1,"Progenitor","Graftstock","","","","","","","","","","GRIN-Global 2021","GRIN-Global 2021","Kuhnlein and Turner 2020","Prunus pensylvanica","x","","","",NA,NA,NA,NA,NA,NA,NA,NA,NA,"","","syn. Cerasus pensylvanica","",NA,NA,NA,NA,NA,NA,NA,NA,NA,NA,NA,NA,NA,NA,NA,NA,NA,NA,NA,NA,NA,NA,NA,NA,NA,NA,NA,NA,NA,NA,NA,NA,NA,NA,NA,NA,NA,NA,NA,NA,NA,NA,NA,NA,NA,NA,NA,NA,NA,NA,NA,NA,NA,NA,NA,NA,NA,NA,NA,NA,NA,NA,NA,NA,NA,NA,NA,NA,NA,NA,NA,NA,NA,NA,NA,NA,NA,NA,NA,NA,NA,NA,NA,NA,NA,NA,NA,NA,NA,NA,NA,NA,NA,NA,NA,NA,NA,NA,NA,NA,NA,NA,NA,NA,NA,"Prunus","pensylvanica","","","","","Prunus pensylvanica"
"70","Prunus pensylvanica","Prunus","Prunus pensylvanica",NA,NA,"Apricot, Cherry, Peach, Plum","Almond","Y","Y","Y","fruit","Y","Food","Cultural","Food","Fruits","Ornamentals","Materials","Nuts","1A",1,"Progenitor","Graftstock","","","","","","","","","","GRIN-Global 2021","GRIN-Global 2021","Kuhnlein and Turner 2020","Prunus pensylvanica Mary Liss","","","","",NA,NA,NA,NA,NA,NA,NA,NA,NA,"","","","",NA,NA,NA,NA,NA,NA,NA,NA,NA,NA,NA,NA,NA,NA,NA,NA,NA,NA,NA,NA,NA,NA,NA,NA,NA,NA,NA,NA,NA,NA,NA,NA,NA,NA,NA,NA,NA,NA,NA,NA,NA,NA,NA,NA,NA,NA,NA,NA,NA,NA,NA,NA,NA,NA,NA,NA,NA,NA,NA,NA,NA,NA,NA,NA,NA,NA,NA,NA,NA,NA,NA,NA,NA,NA,NA,NA,NA,NA,NA,NA,NA,NA,NA,NA,NA,NA,NA,NA,NA,NA,NA,NA,NA,NA,NA,NA,NA,NA,NA,NA,NA,NA,NA,NA,NA,"Prunus","pensylvanica","","","","","Prunus pensylvanica"
"71","Prunus pumila","Prunus","Prunus pumila",NA,NA,"Apricot, Cherry, Peach, Plum","Almond","N","Y","N","","Y","Food","Cultural","Food","Fruits","Ornamentals","Materials","Nuts","1A",1,"Progenitor","Graftstock","","","","","","Dwarfing (AG)","","","","GRIN-Global 2021","GRIN-Global 2021","","Prunus pumila","","","","",NA,NA,NA,NA,NA,NA,NA,NA,NA,"x","x","","",NA,NA,NA,NA,NA,NA,NA,NA,NA,NA,NA,NA,NA,NA,NA,NA,NA,NA,NA,NA,NA,NA,NA,NA,NA,NA,NA,NA,NA,NA,NA,NA,NA,NA,NA,NA,NA,NA,NA,NA,NA,NA,NA,NA,NA,NA,NA,NA,NA,NA,NA,NA,NA,NA,NA,NA,NA,NA,NA,NA,NA,NA,NA,NA,NA,NA,NA,NA,NA,NA,NA,NA,NA,NA,NA,NA,NA,NA,NA,NA,NA,NA,NA,NA,NA,NA,NA,NA,NA,NA,NA,NA,NA,NA,NA,NA,NA,NA,NA,NA,NA,NA,NA,NA,NA,"Prunus","pumila","","","","","Prunus pumila"
"72","Prunus virginiana","Prunus","Prunus virginiana",NA,NA,"Apricot, Cherry, Peach, Plum","Almond","N","Y","Y","fruit, bark as tea","Y","Food","Cultural","Food","Fruits","Ornamentals","Materials","Nuts","1C",1,"Tertiary","","","","Disease Resistance (B)","","","","","","","GRIN-Global 2021","GRIN-Global 2021","Kuhnlein and Turner 2020","Prunus virginiana","x","","","",NA,NA,NA,NA,NA,NA,NA,NA,NA,"","","syn. Cerasus virginiana","",NA,NA,NA,NA,NA,NA,NA,NA,NA,NA,NA,NA,NA,NA,NA,NA,NA,NA,NA,NA,NA,NA,NA,NA,NA,NA,NA,NA,NA,NA,NA,NA,NA,NA,NA,NA,NA,NA,NA,NA,NA,NA,NA,NA,NA,NA,NA,NA,NA,NA,NA,NA,NA,NA,NA,NA,NA,NA,NA,NA,NA,NA,NA,NA,NA,NA,NA,NA,NA,NA,NA,NA,NA,NA,NA,NA,NA,NA,NA,NA,NA,NA,NA,NA,NA,NA,NA,NA,NA,NA,NA,NA,NA,NA,NA,NA,NA,NA,NA,NA,NA,NA,NA,NA,NA,"Prunus","virginiana","","","","","Prunus virginiana"
"73","Pseudotsuga menziesii","Pseudotsuga","Pseudotsuga menziesii",NA,NA,"Douglas fir",NA,"N","N","Y","needles, sugar, tea","Y","Forest Resources","",NA,"Forest Resources","","",NA,NA,NA,NA,"","","","","","","","","","","Davidson 1995","","Kuhnlein and Turner 2020","Pseudotsuga menziesii","x","","","",NA,NA,NA,NA,NA,NA,NA,NA,NA,"","","syn. P. douglasii","",NA,NA,NA,NA,NA,NA,NA,NA,NA,NA,NA,NA,NA,NA,NA,NA,NA,NA,NA,NA,NA,NA,NA,NA,NA,NA,NA,NA,NA,NA,NA,NA,NA,NA,NA,NA,NA,NA,NA,NA,NA,NA,NA,NA,NA,NA,NA,NA,NA,NA,NA,NA,NA,NA,NA,NA,NA,NA,NA,NA,NA,NA,NA,NA,NA,NA,NA,NA,NA,NA,NA,NA,NA,NA,NA,NA,NA,NA,NA,NA,NA,NA,NA,NA,NA,NA,NA,NA,NA,NA,NA,NA,NA,NA,NA,NA,NA,NA,NA,NA,NA,NA,NA,NA,NA,"Pseudotsuga","menziesii","","","","","Pseudotsuga menziesii"
"74","Rhodiola rosea","Rhodiola","Rhodiola rosea",NA,NA,"Rhodiola",NA,"Y","N","Y","","Y","Food","Cultural",NA,"Vegetables","Medicinals","",NA,NA,NA,NA,"","","","","","","","","","","Kuhnlein and Turner 2020","","Kuhnlein and Turner 2020","Rhodiola rosea","","","","",NA,NA,NA,NA,NA,NA,NA,NA,NA,"","x","","",NA,NA,NA,NA,NA,NA,NA,NA,NA,NA,NA,NA,NA,NA,NA,NA,NA,NA,NA,NA,NA,NA,NA,NA,NA,NA,NA,NA,NA,NA,NA,NA,NA,NA,NA,NA,NA,NA,NA,NA,NA,NA,NA,NA,NA,NA,NA,NA,NA,NA,NA,NA,NA,NA,NA,NA,NA,NA,NA,NA,NA,NA,NA,NA,NA,NA,NA,NA,NA,NA,NA,NA,NA,NA,NA,NA,NA,NA,NA,NA,NA,NA,NA,NA,NA,NA,NA,NA,NA,NA,NA,NA,NA,NA,NA,NA,NA,NA,NA,NA,NA,NA,NA,NA,NA,"Rhodiola","rosea","","","","","Rhodiola rosea"
"75","Ribes aureum","Ribes","Ribes aureum",NA,NA,"Currant, Gooseberry",NA,"N","Y","Y","fruit","Y","Food","",NA,"Fruits","Ornamentals","",NA,"1A",1,"Tertiary","Graftstock","","","","","","","","","","GRIN-Global 2021","GRIN-Global 2021","Kuhnlein and Turner 2020","Ribes aureum","x","","","",NA,NA,NA,NA,NA,NA,NA,NA,NA,"","","","",NA,NA,NA,NA,NA,NA,NA,NA,NA,NA,NA,NA,NA,NA,NA,NA,NA,NA,NA,NA,NA,NA,NA,NA,NA,NA,NA,NA,NA,NA,NA,NA,NA,NA,NA,NA,NA,NA,NA,NA,NA,NA,NA,NA,NA,NA,NA,NA,NA,NA,NA,NA,NA,NA,NA,NA,NA,NA,NA,NA,NA,NA,NA,NA,NA,NA,NA,NA,NA,NA,NA,NA,NA,NA,NA,NA,NA,NA,NA,NA,NA,NA,NA,NA,NA,NA,NA,NA,NA,NA,NA,NA,NA,NA,NA,NA,NA,NA,NA,NA,NA,NA,NA,NA,NA,"Ribes","aureum","","","","","Ribes aureum"
"76","Ribes hudsonianum","Ribes","Ribes hudsonianum",NA,NA,"Currant, Gooseberry",NA,"N","Y","Y","northern black currant; fruit","Y","Food","",NA,"Fruits","Ornamentals","",NA,"1B",1,"Secondary","","","","","","","Crop Quality (AG)","","","","GRIN-Global 2021","GRIN-Global 2021","Kuhnlein and Turner 2020","Ribes hudsonianum","","","","",NA,NA,NA,NA,NA,NA,NA,NA,NA,"","","","",NA,NA,NA,NA,NA,NA,NA,NA,NA,NA,NA,NA,NA,NA,NA,NA,NA,NA,NA,NA,NA,NA,NA,NA,NA,NA,NA,NA,NA,NA,NA,NA,NA,NA,NA,NA,NA,NA,NA,NA,NA,NA,NA,NA,NA,NA,NA,NA,NA,NA,NA,NA,NA,NA,NA,NA,NA,NA,NA,NA,NA,NA,NA,NA,NA,NA,NA,NA,NA,NA,NA,NA,NA,NA,NA,NA,NA,NA,NA,NA,NA,NA,NA,NA,NA,NA,NA,NA,NA,NA,NA,NA,NA,NA,NA,NA,NA,NA,NA,NA,NA,NA,NA,NA,NA,"Ribes","hudsonianum","","","","","Ribes hudsonianum"
"77","Rosa blanda","Rosa","Rosa blanda",NA,NA,"Rose",NA,"Y","N","Y","fruit","Y","Food","",NA,"Fruits","Ornamentals","",NA,NA,NA,NA,"","","","","","","","","","","Kuhnlein and Turner 2020","","Kuhnlein and Turner 2020","Rosa blanda","","","","",NA,NA,NA,NA,NA,NA,NA,NA,NA,"","","syn. R. Pimpinellifolia altaica","",NA,NA,NA,NA,NA,NA,NA,NA,NA,NA,NA,NA,NA,NA,NA,NA,NA,NA,NA,NA,NA,NA,NA,NA,NA,NA,NA,NA,NA,NA,NA,NA,NA,NA,NA,NA,NA,NA,NA,NA,NA,NA,NA,NA,NA,NA,NA,NA,NA,NA,NA,NA,NA,NA,NA,NA,NA,NA,NA,NA,NA,NA,NA,NA,NA,NA,NA,NA,NA,NA,NA,NA,NA,NA,NA,NA,NA,NA,NA,NA,NA,NA,NA,NA,NA,NA,NA,NA,NA,NA,NA,NA,NA,NA,NA,NA,NA,NA,NA,NA,NA,NA,NA,NA,NA,"Rosa","blanda","","","","","Rosa blanda"
"78","Rosa blanda","Rosa","Rosa blanda",NA,NA,"Rose",NA,"Y","N","Y","fruit","Y","Food","",NA,"Fruits","Ornamentals","",NA,NA,NA,NA,"","","","","","","","","","","Kuhnlein and Turner 2020","","Kuhnlein and Turner 2020","Rosa blanda","","","","",NA,NA,NA,NA,NA,NA,NA,NA,NA,"","","syn. R. Pimpinellifolia altaica","",NA,NA,NA,NA,NA,NA,NA,NA,NA,NA,NA,NA,NA,NA,NA,NA,NA,NA,NA,NA,NA,NA,NA,NA,NA,NA,NA,NA,NA,NA,NA,NA,NA,NA,NA,NA,NA,NA,NA,NA,NA,NA,NA,NA,NA,NA,NA,NA,NA,NA,NA,NA,NA,NA,NA,NA,NA,NA,NA,NA,NA,NA,NA,NA,NA,NA,NA,NA,NA,NA,NA,NA,NA,NA,NA,NA,NA,NA,NA,NA,NA,NA,NA,NA,NA,NA,NA,NA,NA,NA,NA,NA,NA,NA,NA,NA,NA,NA,NA,NA,NA,NA,NA,NA,NA,"Rosa","blanda","","","","","Rosa blanda"
"79","Rosa nitida","Rosa","Rosa nitida",NA,NA,"Rose",NA,"Y","N","Y","fruit","Y","Food","",NA,"Fruits","Ornamentals","",NA,NA,NA,NA,"","","","","","","","","","","Kuhnlein and Turner 2020","","Kuhnlein and Turner 2020","Rosa nitida","","","","",NA,NA,NA,NA,NA,NA,NA,NA,NA,"","","","",NA,NA,NA,NA,NA,NA,NA,NA,NA,NA,NA,NA,NA,NA,NA,NA,NA,NA,NA,NA,NA,NA,NA,NA,NA,NA,NA,NA,NA,NA,NA,NA,NA,NA,NA,NA,NA,NA,NA,NA,NA,NA,NA,NA,NA,NA,NA,NA,NA,NA,NA,NA,NA,NA,NA,NA,NA,NA,NA,NA,NA,NA,NA,NA,NA,NA,NA,NA,NA,NA,NA,NA,NA,NA,NA,NA,NA,NA,NA,NA,NA,NA,NA,NA,NA,NA,NA,NA,NA,NA,NA,NA,NA,NA,NA,NA,NA,NA,NA,NA,NA,NA,NA,NA,NA,"Rosa","nitida","","","","","Rosa nitida"
"80","Rosa palustris","Rosa","Rosa palustris",NA,NA,"Rose",NA,"Y","N","Y","fruit","Y","Food","",NA,"Fruits","Ornamentals","",NA,NA,NA,NA,"","","","","","","","","","","Kuhnlein and Turner 2020","","Kuhnlein and Turner 2020","Rosa palustris","","","","",NA,NA,NA,NA,NA,NA,NA,NA,NA,"","","","",NA,NA,NA,NA,NA,NA,NA,NA,NA,NA,NA,NA,NA,NA,NA,NA,NA,NA,NA,NA,NA,NA,NA,NA,NA,NA,NA,NA,NA,NA,NA,NA,NA,NA,NA,NA,NA,NA,NA,NA,NA,NA,NA,NA,NA,NA,NA,NA,NA,NA,NA,NA,NA,NA,NA,NA,NA,NA,NA,NA,NA,NA,NA,NA,NA,NA,NA,NA,NA,NA,NA,NA,NA,NA,NA,NA,NA,NA,NA,NA,NA,NA,NA,NA,NA,NA,NA,NA,NA,NA,NA,NA,NA,NA,NA,NA,NA,NA,NA,NA,NA,NA,NA,NA,NA,"Rosa","palustris","","","","","Rosa palustris"
"81","Rosa setigera","Rosa","Rosa setigera",NA,NA,"Rose",NA,"Y","N","Y","fruit","Y","Food","",NA,"Fruits","Ornamentals","",NA,NA,NA,NA,"","","","","","","","","","","Kuhnlein and Turner 2020","","Kuhnlein and Turner 2020","Rosa setigera","","","","",NA,NA,NA,NA,NA,NA,NA,NA,NA,"","","","",NA,NA,NA,NA,NA,NA,NA,NA,NA,NA,NA,NA,NA,NA,NA,NA,NA,NA,NA,NA,NA,NA,NA,NA,NA,NA,NA,NA,NA,NA,NA,NA,NA,NA,NA,NA,NA,NA,NA,NA,NA,NA,NA,NA,NA,NA,NA,NA,NA,NA,NA,NA,NA,NA,NA,NA,NA,NA,NA,NA,NA,NA,NA,NA,NA,NA,NA,NA,NA,NA,NA,NA,NA,NA,NA,NA,NA,NA,NA,NA,NA,NA,NA,NA,NA,NA,NA,NA,NA,NA,NA,NA,NA,NA,NA,NA,NA,NA,NA,NA,NA,NA,NA,NA,NA,"Rosa","setigera","","","","","Rosa setigera"
"82","Rosa virginiana","Rosa","Rosa virginiana",NA,NA,"Rose",NA,"N","N","Y","fruit","Y","Food","",NA,"Fruits","Ornamentals","",NA,NA,NA,NA,"","","","","","","","","","","Kuhnlein and Turner 2020","","Kuhnlein and Turner 2020","Rosa virginiana","x","","","",NA,NA,NA,NA,NA,NA,NA,NA,NA,"","","Syn. R. pimpinellifolia","",NA,NA,NA,NA,NA,NA,NA,NA,NA,NA,NA,NA,NA,NA,NA,NA,NA,NA,NA,NA,NA,NA,NA,NA,NA,NA,NA,NA,NA,NA,NA,NA,NA,NA,NA,NA,NA,NA,NA,NA,NA,NA,NA,NA,NA,NA,NA,NA,NA,NA,NA,NA,NA,NA,NA,NA,NA,NA,NA,NA,NA,NA,NA,NA,NA,NA,NA,NA,NA,NA,NA,NA,NA,NA,NA,NA,NA,NA,NA,NA,NA,NA,NA,NA,NA,NA,NA,NA,NA,NA,NA,NA,NA,NA,NA,NA,NA,NA,NA,NA,NA,NA,NA,NA,NA,"Rosa","virginiana","","","","","Rosa virginiana"
"83","Rubus arcticus","Rubus","Rubus arcticus",NA,NA,"Blackberry, Raspberry",NA,"N","Y","Y","Nagoonberry; fruit","Y","Food","",NA,"Fruits","","",NA,"1C",1,"Tertiary","","","","","","","High Yield (AG)","","","","GRIN-Global 2021","GRIN-Global 2021","Kuhnlein and Turner 2020","Rubus arcticus","","","","",NA,NA,NA,NA,NA,NA,NA,NA,NA,"","","","",NA,NA,NA,NA,NA,NA,NA,NA,NA,NA,NA,NA,NA,NA,NA,NA,NA,NA,NA,NA,NA,NA,NA,NA,NA,NA,NA,NA,NA,NA,NA,NA,NA,NA,NA,NA,NA,NA,NA,NA,NA,NA,NA,NA,NA,NA,NA,NA,NA,NA,NA,NA,NA,NA,NA,NA,NA,NA,NA,NA,NA,NA,NA,NA,NA,NA,NA,NA,NA,NA,NA,NA,NA,NA,NA,NA,NA,NA,NA,NA,NA,NA,NA,NA,NA,NA,NA,NA,NA,NA,NA,NA,NA,NA,NA,NA,NA,NA,NA,NA,NA,NA,NA,NA,NA,"Rubus","arcticus","","","","","Rubus arcticus"
"84","Sagittaria latifolia","Sagittaria","Sagittaria latifolia",NA,NA,"Arrowshead",NA,"Y","N","Y","","Y","Food","",NA,"Vegetables","","",NA,NA,NA,NA,"","","","","","","","","","","Kuhnlein and Turner 2020","","Kuhnlein and Turner 2020","Sagittaria latifolia","x","","x","",NA,NA,NA,NA,NA,NA,NA,NA,NA,"","","","",NA,NA,NA,NA,NA,NA,NA,NA,NA,NA,NA,NA,NA,NA,NA,NA,NA,NA,NA,NA,NA,NA,NA,NA,NA,NA,NA,NA,NA,NA,NA,NA,NA,NA,NA,NA,NA,NA,NA,NA,NA,NA,NA,NA,NA,NA,NA,NA,NA,NA,NA,NA,NA,NA,NA,NA,NA,NA,NA,NA,NA,NA,NA,NA,NA,NA,NA,NA,NA,NA,NA,NA,NA,NA,NA,NA,NA,NA,NA,NA,NA,NA,NA,NA,NA,NA,NA,NA,NA,NA,NA,NA,NA,NA,NA,NA,NA,NA,NA,NA,NA,NA,NA,NA,NA,"Sagittaria","latifolia","","","","","Sagittaria latifolia"
"85","Sambucus canadensis","Sambucus","Sambucus canadensis",NA,NA,"Elderberry",NA,"Y","N","Y","fruit","Y","Food","Cultural",NA,"Fruits","Ornamentals","",NA,NA,NA,NA,"","","","","","","","","","","Davidson 1995","","Kuhnlein and Turner 2020","Sambucus canadensis","","","","",NA,NA,NA,NA,NA,NA,NA,NA,NA,"","","","",NA,NA,NA,NA,NA,NA,NA,NA,NA,NA,NA,NA,NA,NA,NA,NA,NA,NA,NA,NA,NA,NA,NA,NA,NA,NA,NA,NA,NA,NA,NA,NA,NA,NA,NA,NA,NA,NA,NA,NA,NA,NA,NA,NA,NA,NA,NA,NA,NA,NA,NA,NA,NA,NA,NA,NA,NA,NA,NA,NA,NA,NA,NA,NA,NA,NA,NA,NA,NA,NA,NA,NA,NA,NA,NA,NA,NA,NA,NA,NA,NA,NA,NA,NA,NA,NA,NA,NA,NA,NA,NA,NA,NA,NA,NA,NA,NA,NA,NA,NA,NA,NA,NA,NA,NA,"Sambucus","canadensis","","","","","Sambucus canadensis"
"86","Sambucus racemosa","Sambucus","Sambucus racemosa",NA,NA,"Elderberry",NA,"Y","N","Y","fruit","Y","Food","Cultural",NA,"Fruits","Ornamentals","",NA,NA,NA,NA,"","","","","","","","","","","Davidson 1995","","Kuhnlein and Turner 2020","Sambucus racemosa","x","","","",NA,NA,NA,NA,NA,NA,NA,NA,NA,"x","","","",NA,NA,NA,NA,NA,NA,NA,NA,NA,NA,NA,NA,NA,NA,NA,NA,NA,NA,NA,NA,NA,NA,NA,NA,NA,NA,NA,NA,NA,NA,NA,NA,NA,NA,NA,NA,NA,NA,NA,NA,NA,NA,NA,NA,NA,NA,NA,NA,NA,NA,NA,NA,NA,NA,NA,NA,NA,NA,NA,NA,NA,NA,NA,NA,NA,NA,NA,NA,NA,NA,NA,NA,NA,NA,NA,NA,NA,NA,NA,NA,NA,NA,NA,NA,NA,NA,NA,NA,NA,NA,NA,NA,NA,NA,NA,NA,NA,NA,NA,NA,NA,NA,NA,NA,NA,"Sambucus","racemosa","","","","","Sambucus racemosa"
"87","Sedum divergens","Sedum","Sedum divergens",NA,NA,"Sedum",NA,"Y","N","Y","","Y","Food","",NA,"Vegetables","","",NA,NA,NA,NA,"","","","","","","","","","","Kuhnlein and Turner 2020","","Kuhnlein and Turner 2020","Sedum divergens","","","","",NA,NA,NA,NA,NA,NA,NA,NA,NA,"","","","",NA,NA,NA,NA,NA,NA,NA,NA,NA,NA,NA,NA,NA,NA,NA,NA,NA,NA,NA,NA,NA,NA,NA,NA,NA,NA,NA,NA,NA,NA,NA,NA,NA,NA,NA,NA,NA,NA,NA,NA,NA,NA,NA,NA,NA,NA,NA,NA,NA,NA,NA,NA,NA,NA,NA,NA,NA,NA,NA,NA,NA,NA,NA,NA,NA,NA,NA,NA,NA,NA,NA,NA,NA,NA,NA,NA,NA,NA,NA,NA,NA,NA,NA,NA,NA,NA,NA,NA,NA,NA,NA,NA,NA,NA,NA,NA,NA,NA,NA,NA,NA,NA,NA,NA,NA,"Sedum","divergens","","","","","Sedum divergens"
"88","Sedum oreganum","Sedum","Sedum oreganum",NA,NA,"Sedum",NA,"N","N","Y","","Y","Food","",NA,"Vegetables","","",NA,NA,NA,NA,"","","","","","","","","","","Kuhnlein and Turner 2020","","Kuhnlein and Turner 2020","Sedum oreganum","","","","",NA,NA,NA,NA,NA,NA,NA,NA,NA,"","x","","",NA,NA,NA,NA,NA,NA,NA,NA,NA,NA,NA,NA,NA,NA,NA,NA,NA,NA,NA,NA,NA,NA,NA,NA,NA,NA,NA,NA,NA,NA,NA,NA,NA,NA,NA,NA,NA,NA,NA,NA,NA,NA,NA,NA,NA,NA,NA,NA,NA,NA,NA,NA,NA,NA,NA,NA,NA,NA,NA,NA,NA,NA,NA,NA,NA,NA,NA,NA,NA,NA,NA,NA,NA,NA,NA,NA,NA,NA,NA,NA,NA,NA,NA,NA,NA,NA,NA,NA,NA,NA,NA,NA,NA,NA,NA,NA,NA,NA,NA,NA,NA,NA,NA,NA,NA,"Sedum","oreganum","","","","","Sedum oreganum"
"89","Sedum spathulifolium","Sedum","Sedum spathulifolium",NA,NA,"Sedum",NA,"N","N","Y","","Y","Cultural","",NA,"Medicinals","","",NA,NA,NA,NA,"","","","","","","","","","","Kuhnlein and Turner 2020","","Kuhnlein and Turner 2020","Sedum spathulifolium Rubrum","","","","",NA,NA,NA,NA,NA,NA,NA,NA,NA,"","","","",NA,NA,NA,NA,NA,NA,NA,NA,NA,NA,NA,NA,NA,NA,NA,NA,NA,NA,NA,NA,NA,NA,NA,NA,NA,NA,NA,NA,NA,NA,NA,NA,NA,NA,NA,NA,NA,NA,NA,NA,NA,NA,NA,NA,NA,NA,NA,NA,NA,NA,NA,NA,NA,NA,NA,NA,NA,NA,NA,NA,NA,NA,NA,NA,NA,NA,NA,NA,NA,NA,NA,NA,NA,NA,NA,NA,NA,NA,NA,NA,NA,NA,NA,NA,NA,NA,NA,NA,NA,NA,NA,NA,NA,NA,NA,NA,NA,NA,NA,NA,NA,NA,NA,NA,NA,"Sedum","spathulifolium","","","","","Sedum spathulifolium"
"90","Sedum spathulifolium","Sedum","Sedum spathulifolium",NA,NA,"Sedum",NA,"N","N","Y","","Y","Cultural","",NA,"Medicinals","","",NA,NA,NA,NA,"","","","","","","","","","","Kuhnlein and Turner 2020","","Kuhnlein and Turner 2020","Sedum spathulifolium Purpureum","","","","",NA,NA,NA,NA,NA,NA,NA,NA,NA,"","","","",NA,NA,NA,NA,NA,NA,NA,NA,NA,NA,NA,NA,NA,NA,NA,NA,NA,NA,NA,NA,NA,NA,NA,NA,NA,NA,NA,NA,NA,NA,NA,NA,NA,NA,NA,NA,NA,NA,NA,NA,NA,NA,NA,NA,NA,NA,NA,NA,NA,NA,NA,NA,NA,NA,NA,NA,NA,NA,NA,NA,NA,NA,NA,NA,NA,NA,NA,NA,NA,NA,NA,NA,NA,NA,NA,NA,NA,NA,NA,NA,NA,NA,NA,NA,NA,NA,NA,NA,NA,NA,NA,NA,NA,NA,NA,NA,NA,NA,NA,NA,NA,NA,NA,NA,NA,"Sedum","spathulifolium","","","","","Sedum spathulifolium"
"91","Sedum spathulifolium","Sedum","Sedum spathulifolium",NA,NA,"Sedum",NA,"N","N","Y","","Y","Cultural","",NA,"Medicinals","","",NA,NA,NA,NA,"","","","","","","","","","","Kuhnlein and Turner 2020","","Kuhnlein and Turner 2020","Sedum  spathulifolium Cape Blanco","","","","",NA,NA,NA,NA,NA,NA,NA,NA,NA,"","","","",NA,NA,NA,NA,NA,NA,NA,NA,NA,NA,NA,NA,NA,NA,NA,NA,NA,NA,NA,NA,NA,NA,NA,NA,NA,NA,NA,NA,NA,NA,NA,NA,NA,NA,NA,NA,NA,NA,NA,NA,NA,NA,NA,NA,NA,NA,NA,NA,NA,NA,NA,NA,NA,NA,NA,NA,NA,NA,NA,NA,NA,NA,NA,NA,NA,NA,NA,NA,NA,NA,NA,NA,NA,NA,NA,NA,NA,NA,NA,NA,NA,NA,NA,NA,NA,NA,NA,NA,NA,NA,NA,NA,NA,NA,NA,NA,NA,NA,NA,NA,NA,NA,NA,NA,NA,"Sedum","spathulifolium","","","","","Sedum spathulifolium"
"92","Sedum spathulifolium","Sedum","Sedum spathulifolium",NA,NA,"Sedum",NA,"N","N","Y","","Y","Cultural","",NA,"Medicinals","","",NA,NA,NA,NA,"","","","","","","","","","","Kuhnlein and Turner 2020","","Kuhnlein and Turner 2020","Sedum spathulifolium","","","","",NA,NA,NA,NA,NA,NA,NA,NA,NA,"","","","",NA,NA,NA,NA,NA,NA,NA,NA,NA,NA,NA,NA,NA,NA,NA,NA,NA,NA,NA,NA,NA,NA,NA,NA,NA,NA,NA,NA,NA,NA,NA,NA,NA,NA,NA,NA,NA,NA,NA,NA,NA,NA,NA,NA,NA,NA,NA,NA,NA,NA,NA,NA,NA,NA,NA,NA,NA,NA,NA,NA,NA,NA,NA,NA,NA,NA,NA,NA,NA,NA,NA,NA,NA,NA,NA,NA,NA,NA,NA,NA,NA,NA,NA,NA,NA,NA,NA,NA,NA,NA,NA,NA,NA,NA,NA,NA,NA,NA,NA,NA,NA,NA,NA,NA,NA,"Sedum","spathulifolium","","","","","Sedum spathulifolium"
"93","Shepherdia argentea","Shepherdia","Shepherdia argentea",NA,NA,"Buffaloberry",NA,"Y","N","Y","fruit","Y","Food","",NA,"Fruits","","",NA,NA,NA,NA,"","","","","","","","","","","Davidson 1995","","Kuhnlein and Turner 2020","Shepherdia argentea","x","","","",NA,NA,NA,NA,NA,NA,NA,NA,NA,"","","","",NA,NA,NA,NA,NA,NA,NA,NA,NA,NA,NA,NA,NA,NA,NA,NA,NA,NA,NA,NA,NA,NA,NA,NA,NA,NA,NA,NA,NA,NA,NA,NA,NA,NA,NA,NA,NA,NA,NA,NA,NA,NA,NA,NA,NA,NA,NA,NA,NA,NA,NA,NA,NA,NA,NA,NA,NA,NA,NA,NA,NA,NA,NA,NA,NA,NA,NA,NA,NA,NA,NA,NA,NA,NA,NA,NA,NA,NA,NA,NA,NA,NA,NA,NA,NA,NA,NA,NA,NA,NA,NA,NA,NA,NA,NA,NA,NA,NA,NA,NA,NA,NA,NA,NA,NA,"Shepherdia","argentea","","","","","Shepherdia argentea"
"94","Shepherdia canadensis","Shepherdia","Shepherdia canadensis",NA,NA,"Buffaloberry",NA,"Y","N","Y","fruit","Y","Food","",NA,"Fruits","","",NA,NA,NA,NA,"","","","","","","","","","","Davidson 1995","","Kuhnlein and Turner 2020","Shepherdia canadensis","x","x","x","",NA,NA,NA,NA,NA,NA,NA,NA,NA,"x","","","",NA,NA,NA,NA,NA,NA,NA,NA,NA,NA,NA,NA,NA,NA,NA,NA,NA,NA,NA,NA,NA,NA,NA,NA,NA,NA,NA,NA,NA,NA,NA,NA,NA,NA,NA,NA,NA,NA,NA,NA,NA,NA,NA,NA,NA,NA,NA,NA,NA,NA,NA,NA,NA,NA,NA,NA,NA,NA,NA,NA,NA,NA,NA,NA,NA,NA,NA,NA,NA,NA,NA,NA,NA,NA,NA,NA,NA,NA,NA,NA,NA,NA,NA,NA,NA,NA,NA,NA,NA,NA,NA,NA,NA,NA,NA,NA,NA,NA,NA,NA,NA,NA,NA,NA,NA,"Shepherdia","canadensis","","","","","Shepherdia canadensis"
"95","Silphium perfoliatum","Silphium","Silphium perfoliatum",NA,NA,"Rosinweed",NA,"N","Y","N","","Y","Cultural","Food",NA,"Medicinals","Oils","",NA,"2",2,"Secondary","","","","","","","","","","","GRIN-Global 2021","GRIN-Global 2021","","Silphium perfoliatum","","x","x","",NA,NA,NA,NA,NA,NA,NA,NA,NA,"x","","","",NA,NA,NA,NA,NA,NA,NA,NA,NA,NA,NA,NA,NA,NA,NA,NA,NA,NA,NA,NA,NA,NA,NA,NA,NA,NA,NA,NA,NA,NA,NA,NA,NA,NA,NA,NA,NA,NA,NA,NA,NA,NA,NA,NA,NA,NA,NA,NA,NA,NA,NA,NA,NA,NA,NA,NA,NA,NA,NA,NA,NA,NA,NA,NA,NA,NA,NA,NA,NA,NA,NA,NA,NA,NA,NA,NA,NA,NA,NA,NA,NA,NA,NA,NA,NA,NA,NA,NA,NA,NA,NA,NA,NA,NA,NA,NA,NA,NA,NA,NA,NA,NA,NA,NA,NA,"Silphium","perfoliatum","","","","","Silphium perfoliatum"
"96","Sorbus americana","Sorbus","Sorbus americana",NA,NA,"Rowan",NA,"Y","N","Y","fruit","Y","Food","Forest Resources",NA,"Fruits","Forest Resources","",NA,NA,NA,NA,"","","","","","","","","","","Kuhnlein and Turner 2020","","Kuhnlein and Turner 2020","Sorbus americana","x","","","",NA,NA,NA,NA,NA,NA,NA,NA,NA,"","","","",NA,NA,NA,NA,NA,NA,NA,NA,NA,NA,NA,NA,NA,NA,NA,NA,NA,NA,NA,NA,NA,NA,NA,NA,NA,NA,NA,NA,NA,NA,NA,NA,NA,NA,NA,NA,NA,NA,NA,NA,NA,NA,NA,NA,NA,NA,NA,NA,NA,NA,NA,NA,NA,NA,NA,NA,NA,NA,NA,NA,NA,NA,NA,NA,NA,NA,NA,NA,NA,NA,NA,NA,NA,NA,NA,NA,NA,NA,NA,NA,NA,NA,NA,NA,NA,NA,NA,NA,NA,NA,NA,NA,NA,NA,NA,NA,NA,NA,NA,NA,NA,NA,NA,NA,NA,"Sorbus","americana","","","","","Sorbus americana"
"97","Symphoricarpos albus","Symphoricarpos","Symphoricarpos albus",NA,NA,"Snowberry",NA,"N","N","Y","","Y","Cultural","",NA,"Medicinals","","",NA,NA,NA,NA,"","","","","","","","","","","Kuhnlein and Turner 2020","","Kuhnlein and Turner 2020","Symphoricarpos albus","x","","","",NA,NA,NA,NA,NA,NA,NA,NA,NA,"","","","",NA,NA,NA,NA,NA,NA,NA,NA,NA,NA,NA,NA,NA,NA,NA,NA,NA,NA,NA,NA,NA,NA,NA,NA,NA,NA,NA,NA,NA,NA,NA,NA,NA,NA,NA,NA,NA,NA,NA,NA,NA,NA,NA,NA,NA,NA,NA,NA,NA,NA,NA,NA,NA,NA,NA,NA,NA,NA,NA,NA,NA,NA,NA,NA,NA,NA,NA,NA,NA,NA,NA,NA,NA,NA,NA,NA,NA,NA,NA,NA,NA,NA,NA,NA,NA,NA,NA,NA,NA,NA,NA,NA,NA,NA,NA,NA,NA,NA,NA,NA,NA,NA,NA,NA,NA,"Symphoricarpos","albus","","","","","Symphoricarpos albus"
"98","Tilia americana","Tilia","Tilia americana",NA,NA,"Linden",NA,"Y","N","Y","leaves, inner bark, buds, twigs","Y","Forest Resources","",NA,"Forest Resources","","",NA,NA,NA,NA,"","","","","","","","","","","Davidson 1995","","Kuhnlein and Turner 2020","Tilia americana","","","","",NA,NA,NA,NA,NA,NA,NA,NA,NA,"","","","",NA,NA,NA,NA,NA,NA,NA,NA,NA,NA,NA,NA,NA,NA,NA,NA,NA,NA,NA,NA,NA,NA,NA,NA,NA,NA,NA,NA,NA,NA,NA,NA,NA,NA,NA,NA,NA,NA,NA,NA,NA,NA,NA,NA,NA,NA,NA,NA,NA,NA,NA,NA,NA,NA,NA,NA,NA,NA,NA,NA,NA,NA,NA,NA,NA,NA,NA,NA,NA,NA,NA,NA,NA,NA,NA,NA,NA,NA,NA,NA,NA,NA,NA,NA,NA,NA,NA,NA,NA,NA,NA,NA,NA,NA,NA,NA,NA,NA,NA,NA,NA,NA,NA,NA,NA,"Tilia","americana","","","","","Tilia americana"
"99","Ulmus americana","Ulmus","Ulmus americana",NA,NA,"Elm",NA,"Y","N","Y","bark","Y","Forest Resources","Cultural",NA,"Forest Resources","","",NA,NA,NA,NA,"","","","","","","","","","","Davidson 1995","","Kuhnlein and Turner 2020","Ulmus americana","","","","",NA,NA,NA,NA,NA,NA,NA,NA,NA,"","","","",NA,NA,NA,NA,NA,NA,NA,NA,NA,NA,NA,NA,NA,NA,NA,NA,NA,NA,NA,NA,NA,NA,NA,NA,NA,NA,NA,NA,NA,NA,NA,NA,NA,NA,NA,NA,NA,NA,NA,NA,NA,NA,NA,NA,NA,NA,NA,NA,NA,NA,NA,NA,NA,NA,NA,NA,NA,NA,NA,NA,NA,NA,NA,NA,NA,NA,NA,NA,NA,NA,NA,NA,NA,NA,NA,NA,NA,NA,NA,NA,NA,NA,NA,NA,NA,NA,NA,NA,NA,NA,NA,NA,NA,NA,NA,NA,NA,NA,NA,NA,NA,NA,NA,NA,NA,"Ulmus","americana","","","","","Ulmus americana"
"100","Viburnum lantana","Viburnum","Viburnum lantana",NA,NA,"Highbush cranberry",NA,"Y","N","Y","fruit","N","Cultural","",NA,"Ornamentals","","",NA,NA,NA,NA,"","","","","","","","","","","Davidson 1995","","Kuhnlein and Turner 2020","Viburnum lantana","x","","","",NA,NA,NA,NA,NA,NA,NA,NA,NA,"","","","",NA,NA,NA,NA,NA,NA,NA,NA,NA,NA,NA,NA,NA,NA,NA,NA,NA,NA,NA,NA,NA,NA,NA,NA,NA,NA,NA,NA,NA,NA,NA,NA,NA,NA,NA,NA,NA,NA,NA,NA,NA,NA,NA,NA,NA,NA,NA,NA,NA,NA,NA,NA,NA,NA,NA,NA,NA,NA,NA,NA,NA,NA,NA,NA,NA,NA,NA,NA,NA,NA,NA,NA,NA,NA,NA,NA,NA,NA,NA,NA,NA,NA,NA,NA,NA,NA,NA,NA,NA,NA,NA,NA,NA,NA,NA,NA,NA,NA,NA,NA,NA,NA,NA,NA,NA,"Viburnum","lantana","","","","","Viburnum lantana"
"101","Viburnum opulus","Viburnum","Viburnum opulus",NA,NA,"Highbush cranberry",NA,"N","N","Y","fruit","Y","Cultural","",NA,"Ornamentals","","",NA,NA,NA,NA,"","","","","","","","","","","Davidson 1995","","Kuhnlein and Turner 2020","Viburnum opulus","","","","",NA,NA,NA,NA,NA,NA,NA,NA,NA,"","","","",NA,NA,NA,NA,NA,NA,NA,NA,NA,NA,NA,NA,NA,NA,NA,NA,NA,NA,NA,NA,NA,NA,NA,NA,NA,NA,NA,NA,NA,NA,NA,NA,NA,NA,NA,NA,NA,NA,NA,NA,NA,NA,NA,NA,NA,NA,NA,NA,NA,NA,NA,NA,NA,NA,NA,NA,NA,NA,NA,NA,NA,NA,NA,NA,NA,NA,NA,NA,NA,NA,NA,NA,NA,NA,NA,NA,NA,NA,NA,NA,NA,NA,NA,NA,NA,NA,NA,NA,NA,NA,NA,NA,NA,NA,NA,NA,NA,NA,NA,NA,NA,NA,NA,NA,NA,"Viburnum","opulus","","","","","Viburnum opulus"
"102","Viburnum opulus","Viburnum","Viburnum opulus",NA,NA,"Highbush cranberry",NA,"N","N","Y","fruit","Y","Cultural","",NA,"Ornamentals","","",NA,NA,NA,NA,"","","","","","","","","","","Davidson 1995","","Kuhnlein and Turner 2020","Viburnum opulus Nanum","x","x","","",NA,NA,NA,NA,NA,NA,NA,NA,NA,"x","","","",NA,NA,NA,NA,NA,NA,NA,NA,NA,NA,NA,NA,NA,NA,NA,NA,NA,NA,NA,NA,NA,NA,NA,NA,NA,NA,NA,NA,NA,NA,NA,NA,NA,NA,NA,NA,NA,NA,NA,NA,NA,NA,NA,NA,NA,NA,NA,NA,NA,NA,NA,NA,NA,NA,NA,NA,NA,NA,NA,NA,NA,NA,NA,NA,NA,NA,NA,NA,NA,NA,NA,NA,NA,NA,NA,NA,NA,NA,NA,NA,NA,NA,NA,NA,NA,NA,NA,NA,NA,NA,NA,NA,NA,NA,NA,NA,NA,NA,NA,NA,NA,NA,NA,NA,NA,"Viburnum","opulus","","","","","Viburnum opulus"
"103","Viburnum opulus","Viburnum","Viburnum opulus",NA,NA,"Highbush cranberry",NA,"N","N","Y","fruit","Y","Cultural","",NA,"Ornamentals","","",NA,NA,NA,NA,"","","","","","","","","","","Davidson 1995","","Kuhnlein and Turner 2020","Viburnum opulus Sterile","x","x","x","",NA,NA,NA,NA,NA,NA,NA,NA,NA,"x","","","",NA,NA,NA,NA,NA,NA,NA,NA,NA,NA,NA,NA,NA,NA,NA,NA,NA,NA,NA,NA,NA,NA,NA,NA,NA,NA,NA,NA,NA,NA,NA,NA,NA,NA,NA,NA,NA,NA,NA,NA,NA,NA,NA,NA,NA,NA,NA,NA,NA,NA,NA,NA,NA,NA,NA,NA,NA,NA,NA,NA,NA,NA,NA,NA,NA,NA,NA,NA,NA,NA,NA,NA,NA,NA,NA,NA,NA,NA,NA,NA,NA,NA,NA,NA,NA,NA,NA,NA,NA,NA,NA,NA,NA,NA,NA,NA,NA,NA,NA,NA,NA,NA,NA,NA,NA,"Viburnum","opulus","","","","","Viburnum opulus"
