"","TAXON","latitude","longitude","decimalLatitude","decimalLongitude"
"1","Astragalus gilviflorus var. gilviflorus","49.6N"," 110.3W",49.6,-110.3
"2","Astragalus gilviflorus var. gilviflorus","50.0N"," 110.8W",50,-110.8
"3","Astragalus gilviflorus var. gilviflorus","49.1N"," 112.4W",49.1,-112.4
"4","Astragalus microcystis","49.0N"," 117.4W",49,-117.4
"5","Astragalus microcystis","49.0N"," 117.4W",49,-117.4
"6","Astragalus microcystis","49.0N"," 117.4W",49,-117.4
"7","Astragalus racemosus var. racemosus","50.0N"," 105.2W",50,-105.2
"8","Astragalus robbinsii var. fernaldii","51.4N"," 57.2W",51.4,-57.2
"9","Astragalus robbinsii var. fernaldii","51.4N"," 57.2W",51.4,-57.2
"10","Astragalus robbinsii var. fernaldii","51.4N"," 57.2W",51.4,-57.2
"11","Astragalus robbinsii var. fernaldii","51.4N"," 57.2W",51.4,-57.2
"12","Astragalus robbinsii var. fernaldii","51.4N"," 57.1W",51.4,-57.1
"13","Astragalus robbinsii var. fernaldii","51.4N"," 57.1W",51.4,-57.1
"14","Astragalus robbinsii var. fernaldii","51.6N"," 55.4W",51.6,-55.4
"15","Astragalus robbinsii var. fernaldii","51.4N"," 57.2W",51.4,-57.2
"16","Astragalus robbinsii var. fernaldii","51.0N"," 79.6W",51,-79.6
"17","Astragalus robbinsii var. fernaldii","51.0N"," 79.6W",51,-79.6
"18","Astragalus robbinsii var. fernaldii","51.0N"," 79.6W",51,-79.6
"19","Astragalus robbinsii var. fernaldii","51.4N"," 57.1W",51.4,-57.1
"20","Astragalus robbinsii var. fernaldii","51.4N"," 57.1W",51.4,-57.1
"21","Chenopodium berlandieri var. bushianum","42.9N"," 79.1W",42.9,-79.1
"22","Chenopodium berlandieri var. bushianum","45.7N"," 73.5W",45.7,-73.5
"23","Chenopodium berlandieri var. bushianum","45.7N"," 73.5W",45.7,-73.5
"24","Chenopodium berlandieri var. bushianum","44.0N"," 59.8W",44,-59.8
"25","Claytonia perfoliata subsp. intermontana","50.2N"," 121.6W",50.2,-121.6
"26","Claytonia perfoliata subsp. intermontana","49.6N"," 121.4W",49.6,-121.4
"27","Coleataenia longifolia","43.9N"," 66.0W",43.9,-66
"28","Coleataenia longifolia","44.4N"," 64.8W",44.4,-64.8
"29","Coleataenia longifolia","43.7N"," 66.0W",43.7,-66
"30","Coleataenia longifolia","44.0N"," 65.7W",44,-65.7
"31","Coleataenia longifolia","44.2N"," 64.5W",44.2,-64.5
"32","Coleataenia longifolia","44.2N"," 64.5W",44.2,-64.5
"33","Coleataenia longifolia","43.9N"," 65.8W",43.9,-65.8
"34","Coleataenia longifolia","44.1N"," 65.0W",44.1,-65
"35","Coleataenia longifolia","44.2N"," 64.8W",44.2,-64.8
"36","Coleataenia longifolia","44.1N"," 65.0W",44.1,-65
"37","Coleataenia longifolia","44.4N"," 64.8W",44.4,-64.8
"38","Coleataenia longifolia","44.3N"," 65.0W",44.3,-65
"39","Coleataenia longifolia","44.3N"," 65.0W",44.3,-65
"40","Coleataenia longifolia","44.3N"," 64.8W",44.3,-64.8
"41","Coleataenia longifolia","44.3N"," 65.0W",44.3,-65
"42","Coleataenia longifolia","44.4N"," 64.8W",44.4,-64.8
"43","Coleataenia longifolia","43.0N"," 65.0W",43,-65
"44","Coleataenia longifolia","43.9N"," 65.9W",43.9,-65.9
"45","Coleataenia longifolia","43.9N"," 65.8W",43.9,-65.8
"46","Coleataenia longifolia","43.8N"," 65.2W",43.8,-65.2
"47","Coleataenia longifolia","44.1N"," 65.9W",44.1,-65.9
"48","Coleataenia longifolia","44.1N"," 65.8W",44.1,-65.8
"49","Coleataenia longifolia","44.0N"," 65.8W",44,-65.8
"50","Coleataenia longifolia","44.0N"," 65.8W",44,-65.8
"51","Coleataenia longifolia","44.0N"," 65.8W",44,-65.8
"52","Coleataenia longifolia","44.3N"," 64.9W",44.3,-64.9
"53","Coleataenia longifolia","43.9N"," 66.0W",43.9,-66
"54","Coleataenia longifolia","43.9N"," 66.0W",43.9,-66
"55","Coleataenia longifolia","44.0N"," 65.8W",44,-65.8
"56","Coleataenia longifolia","44.0N"," 65.8W",44,-65.8
"57","Coleataenia longifolia","44.0N"," 65.8W",44,-65.8
"58","Coleataenia longifolia","44.0N"," 65.8W",44,-65.8
"59","Coleataenia longifolia","43.9N"," 66.0W",43.9,-66
"60","Coleataenia longifolia","43.9N"," 66.0W",43.9,-66
"61","Coleataenia longifolia","43.9N"," 66.0W",43.9,-66
"62","Coleataenia longifolia","43.9N"," 66.1W",43.9,-66.1
"63","Coleataenia longifolia","43.9N"," 66.0W",43.9,-66
"64","Coleataenia longifolia","44.1N"," 64.6W",44.1,-64.6
"65","Coleataenia longifolia","44.1N"," 64.6W",44.1,-64.6
"66","Coleataenia longifolia subsp. longifolia","43.9N"," 66.0W",43.9,-66
"67","Coleataenia longifolia subsp. longifolia","44.4N"," 64.8W",44.4,-64.8
"68","Coleataenia longifolia subsp. longifolia","43.7N"," 66.0W",43.7,-66
"69","Coleataenia longifolia subsp. longifolia","44.0N"," 65.7W",44,-65.7
"70","Coleataenia longifolia subsp. longifolia","44.2N"," 64.5W",44.2,-64.5
"71","Coleataenia longifolia subsp. longifolia","44.2N"," 64.5W",44.2,-64.5
"72","Coleataenia longifolia subsp. longifolia","43.9N"," 65.8W",43.9,-65.8
"73","Coleataenia longifolia subsp. longifolia","44.1N"," 65.0W",44.1,-65
"74","Coleataenia longifolia subsp. longifolia","44.2N"," 64.8W",44.2,-64.8
"75","Coleataenia longifolia subsp. longifolia","44.1N"," 65.0W",44.1,-65
"76","Coleataenia longifolia subsp. longifolia","44.4N"," 64.8W",44.4,-64.8
"77","Coleataenia longifolia subsp. longifolia","44.3N"," 65.0W",44.3,-65
"78","Coleataenia longifolia subsp. longifolia","44.3N"," 65.0W",44.3,-65
"79","Coleataenia longifolia subsp. longifolia","44.3N"," 64.8W",44.3,-64.8
"80","Coleataenia longifolia subsp. longifolia","44.3N"," 65.0W",44.3,-65
"81","Coleataenia longifolia subsp. longifolia","44.4N"," 64.8W",44.4,-64.8
"82","Coleataenia longifolia subsp. longifolia","43.0N"," 65.0W",43,-65
"83","Coleataenia longifolia subsp. longifolia","43.9N"," 65.9W",43.9,-65.9
"84","Coleataenia longifolia subsp. longifolia","43.9N"," 65.8W",43.9,-65.8
"85","Coleataenia longifolia subsp. longifolia","43.8N"," 65.2W",43.8,-65.2
"86","Coleataenia longifolia subsp. longifolia","44.1N"," 65.9W",44.1,-65.9
"87","Coleataenia longifolia subsp. longifolia","44.3N"," 64.9W",44.3,-64.9
"88","Coleataenia longifolia subsp. longifolia","43.9N"," 66.0W",43.9,-66
"89","Coleataenia longifolia subsp. longifolia","44.0N"," 65.8W",44,-65.8
"90","Coleataenia longifolia subsp. longifolia","44.0N"," 65.8W",44,-65.8
"91","Coleataenia longifolia subsp. longifolia","44.0N"," 65.8W",44,-65.8
"92","Coleataenia longifolia subsp. longifolia","44.0N"," 65.8W",44,-65.8
"93","Coleataenia longifolia subsp. longifolia","43.9N"," 66.0W",43.9,-66
"94","Coleataenia longifolia subsp. longifolia","43.9N"," 66.0W",43.9,-66
"95","Coleataenia longifolia subsp. longifolia","43.9N"," 66.0W",43.9,-66
"96","Coleataenia longifolia subsp. longifolia","43.9N"," 66.1W",43.9,-66.1
"97","Coleataenia longifolia subsp. longifolia","44.1N"," 64.6W",44.1,-64.6
"98","Coleataenia longifolia subsp. longifolia","44.1N"," 64.6W",44.1,-64.6
"99","Elymus glaucus subsp. virescens","55.8N"," 124.8W",55.8,-124.8
"100","Elymus glaucus subsp. virescens","56.1N"," 125.2W",56.1,-125.2
"101","Elymus glaucus subsp. virescens","56.0N"," 122.2W",56,-122.2
"102","Elymus glaucus subsp. virescens","53.3N"," 132.1W",53.3,-132.1
"103","Elymus glaucus subsp. virescens","53.3N"," 132.1W",53.3,-132.1
"104","Elymus glaucus subsp. virescens","51.1N"," 125.1W",51.1,-125.1
"105","Elymus glaucus subsp. virescens","54.5N"," 128.5W",54.5,-128.5
"106","Elymus glaucus subsp. virescens","54.0N"," 126.7W",54,-126.7
"107","Elymus glaucus subsp. virescens","59.6N"," 129.2W",59.6,-129.2
"108","Elymus glaucus subsp. virescens","55.2N"," 121.3W",55.2,-121.3
"109","Elymus glaucus subsp. virescens","56.9N"," 125.0W",56.9,-125
"110","Elymus glaucus subsp. virescens","58.7N"," 122.5W",58.7,-122.5
"111","Elymus glaucus subsp. virescens","56.9N"," 125.1W",56.9,-125.1
"112","Elymus glaucus subsp. virescens","55.2N"," 121.3W",55.2,-121.3
"113","Elymus glaucus subsp. virescens","55.3N"," 123.1W",55.3,-123.1
"114","Elymus glaucus subsp. virescens","55.4N"," 122.6W",55.4,-122.6
"115","Elymus glaucus subsp. virescens","54.0N"," 126.1W",54,-126.1
"116","Elymus glaucus subsp. virescens","53.7N"," 122.7W",53.7,-122.7
"117","Elymus glaucus subsp. virescens","49.2N"," 125.4W",49.2,-125.4
"118","Elymus glaucus subsp. virescens","52.9N"," 127.1W",52.9,-127.1
"119","Elymus glaucus subsp. virescens","52.8N"," 121.0W",52.8,-121
"120","Elymus glaucus subsp. virescens","52.8N"," 121.0W",52.8,-121
"121","Elymus glaucus subsp. virescens","52.8N"," 121.0W",52.8,-121
"122","Elymus glaucus subsp. virescens","48.4N"," 124.0W",48.4,-124
"123","Elymus glaucus subsp. virescens","58.8N"," 122.7W",58.8,-122.7
"124","Elymus glaucus subsp. virescens","49.2N"," 124.6W",49.2,-124.6
"125","Elymus glaucus subsp. virescens","48.6N"," 124.4W",48.6,-124.4
"126","Elymus glaucus subsp. virescens","48.5N"," 123.3W",48.5,-123.3
"127","Elymus glaucus subsp. virescens","48.4N"," 123.4W",48.4,-123.4
"128","Elymus glaucus subsp. virescens","53.1N"," 132.0W",53.1,-132
"129","Elymus glaucus subsp. virescens","53.6N"," 131.9W",53.6,-131.9
"130","Elymus glaucus subsp. virescens","49.1N"," 120.8W",49.1,-120.8
"131","Elymus glaucus subsp. virescens","54.2N"," 130.3W",54.2,-130.3
"132","Elymus glaucus subsp. virescens","65.8N"," 129.0W",65.8,-129
"133","Elymus glaucus subsp. virescens","48.4N"," 123.4W",48.4,-123.4
"134","Elymus glaucus subsp. virescens","48.4N"," 123.4W",48.4,-123.4
"135","Elymus glaucus subsp. virescens","48.4N"," 123.4W",48.4,-123.4
"136","Elymus glaucus subsp. virescens","48.4N"," 123.4W",48.4,-123.4
"137","Elymus glaucus subsp. virescens","48.4N"," 123.4W",48.4,-123.4
"138","Elymus glaucus subsp. virescens","49.3N"," 124.6W",49.3,-124.6
"139","Elymus glaucus subsp. virescens","48.4N"," 123.4W",48.4,-123.4
"140","Elymus glaucus subsp. virescens","48.4N"," 123.4W",48.4,-123.4
"141","Elymus glaucus subsp. virescens","48.4N"," 123.4W",48.4,-123.4
"142","Elymus glaucus subsp. virescens","49.1N"," 125.4W",49.1,-125.4
"143","Elymus glaucus subsp. virescens","48.4N"," 123.4W",48.4,-123.4
"144","Elymus glaucus subsp. virescens","51.3N"," 117.5W",51.3,-117.5
"145","Elymus glaucus subsp. virescens","49.0N"," 121.4W",49,-121.4
"146","Elymus glaucus subsp. virescens","49.2N"," 121.4W",49.2,-121.4
"147","Elymus glaucus subsp. virescens","49.4N"," 122.0W",49.4,-122
"148","Elymus glaucus subsp. virescens","49.2N"," 121.4W",49.2,-121.4
"149","Elymus glaucus subsp. virescens","53.1N"," 121.5W",53.1,-121.5
"150","Fragaria ×ananassa","52.3N"," 113.8W",52.3,-113.8
"151","Fragaria ×ananassa","49.6N"," 125.1W",49.6,-125.1
"152","Fragaria ×ananassa","49.5N"," 123.3W",49.5,-123.3
"153","Fragaria ×ananassa","49.8N"," 122.9W",49.8,-122.9
"154","Fragaria ×ananassa","49.9N"," 125.1W",49.9,-125.1
"155","Fragaria ×ananassa","43.6N"," 79.4W",43.6,-79.4
"156","Fragaria ×ananassa","49.4N"," 123.2W",49.4,-123.2
"157","Fragaria ×ananassa","49.4N"," 123.2W",49.4,-123.2
"158","Fragaria ×ananassa","49.4N"," 123.1W",49.4,-123.1
"159","Fragaria ×ananassa","49.0N"," 122.2W",49,-122.2
"160","Fragaria ×ananassa","43.4N"," 79.8W",43.4,-79.8
"161","Fragaria ×ananassa","43.7N"," 79.3W",43.7,-79.3
"162","Fragaria ×ananassa","49.1N"," 122.6W",49.1,-122.6
"163","Fragaria ×ananassa","49.1N"," 122.6W",49.1,-122.6
"164","Fragaria ×ananassa","49.1N"," 122.6W",49.1,-122.6
"165","Fragaria ×ananassa","44.3N"," 76.4W",44.3,-76.4
"166","Fragaria ×ananassa","46.5N"," 67.6W",46.5,-67.6
"167","Fragaria ×ananassa","44.9N"," 76.2W",44.9,-76.2
"168","Fragaria ×ananassa","58.0N"," 122.8W",58,-122.8
"169","Fragaria ×ananassa","49.2N"," 122.9W",49.2,-122.9
"170","Fragaria ×ananassa","60.0N"," 128.4W",60,-128.4
"171","Fragaria ×ananassa","50.3N"," 122.0W",50.3,-122
"172","Fragaria ×ananassa","54.7N"," 127.0W",54.7,-127
"173","Fragaria ×ananassa","50.2N"," 123.9W",50.2,-123.9
"174","Fragaria ×ananassa","50.8N"," 121.6W",50.8,-121.6
"175","Fragaria ×ananassa","45.5N"," 66.1W",45.5,-66.1
"176","Fragaria ×ananassa","51.7N"," 122.4W",51.7,-122.4
"177","Fragaria ×ananassa","52.4N"," 122.4W",52.4,-122.4
"178","Fragaria ×ananassa","49.4N"," 123.5W",49.4,-123.5
"179","Fragaria ×ananassa","49.4N"," 124.6W",49.4,-124.6
"180","Fragaria ×ananassa","49.3N"," 123.1W",49.3,-123.1
"181","Fragaria ×ananassa","49.8N"," 123.9W",49.8,-123.9
"182","Fragaria ×ananassa","49.8N"," 124.5W",49.8,-124.5
"183","Fragaria ×ananassa","48.9N"," 123.5W",48.9,-123.5
"184","Fragaria ×ananassa","50.1N"," 127.5W",50.1,-127.5
"185","Fragaria ×ananassa","49.5N"," 124.8W",49.5,-124.8
"186","Fragaria ×ananassa","49.3N"," 123.1W",49.3,-123.1
"187","Fragaria ×ananassa","50.7N"," 127.4W",50.7,-127.4
"188","Fragaria ×ananassa","54.3N"," 128.6W",54.3,-128.6
"189","Fragaria ×ananassa","49.4N"," 123.3W",49.4,-123.3
"190","Fragaria ×ananassa","49.2N"," 121.9W",49.2,-121.9
"191","Fragaria ×ananassa","49.4N"," 123.3W",49.4,-123.3
"192","Fragaria ×ananassa","49.4N"," 123.3W",49.4,-123.3
"193","Fragaria ×ananassa","49.6N"," 116.0W",49.6,-116
"194","Fragaria ×ananassa","50.1N"," 126.2W",50.1,-126.2
"195","Fragaria ×ananassa","49.4N"," 123.3W",49.4,-123.3
"196","Fragaria ×ananassa","49.3N"," 123.1W",49.3,-123.1
"197","Fragaria ×ananassa","49.3N"," 123.1W",49.3,-123.1
"198","Fragaria ×ananassa","48.4N"," 123.7W",48.4,-123.7
"199","Fragaria ×ananassa","49.3N"," 123.1W",49.3,-123.1
"200","Fragaria ×ananassa","49.3N"," 123.1W",49.3,-123.1
"201","Fragaria ×ananassa","49.2N"," 122.6W",49.2,-122.6
"202","Fragaria ×ananassa","49.3N"," 124.9W",49.3,-124.9
"203","Fragaria ×ananassa","50.0N"," 122.8W",50,-122.8
"204","Fragaria ×ananassa","49.9N"," 124.8W",49.9,-124.8
"205","Fragaria ×ananassa","49.5N"," 123.4W",49.5,-123.4
"206","Fragaria ×ananassa","54.6N"," 126.7W",54.6,-126.7
"207","Fragaria ×ananassa","49.9N"," 124.8W",49.9,-124.8
"208","Fragaria ×ananassa","50.0N"," 124.8W",50,-124.8
"209","Fragaria ×ananassa","49.4N"," 123.3W",49.4,-123.3
"210","Fragaria ×ananassa","49.9N"," 124.8W",49.9,-124.8
"211","Fragaria ×ananassa","49.4N"," 123.3W",49.4,-123.3
"212","Fragaria ×ananassa","49.3N"," 123.1W",49.3,-123.1
"213","Fragaria ×ananassa","48.4N"," 123.4W",48.4,-123.4
"214","Fragaria ×ananassa subsp. ananassa","49.2N"," 122.9W",49.2,-122.9
"215","Fragaria ×ananassa subsp. cuneifolia","49.6N"," 125.1W",49.6,-125.1
"216","Fragaria ×ananassa subsp. cuneifolia","49.5N"," 123.3W",49.5,-123.3
"217","Fragaria ×ananassa subsp. cuneifolia","49.8N"," 122.9W",49.8,-122.9
"218","Fragaria ×ananassa subsp. cuneifolia","49.9N"," 125.1W",49.9,-125.1
"219","Fragaria ×ananassa subsp. cuneifolia","49.4N"," 123.2W",49.4,-123.2
"220","Fragaria ×ananassa subsp. cuneifolia","49.4N"," 123.2W",49.4,-123.2
"221","Fragaria ×ananassa subsp. cuneifolia","58.0N"," 122.8W",58,-122.8
"222","Fragaria ×ananassa subsp. cuneifolia","60.0N"," 128.4W",60,-128.4
"223","Fragaria ×ananassa subsp. cuneifolia","50.3N"," 122.0W",50.3,-122
"224","Fragaria ×ananassa subsp. cuneifolia","54.7N"," 127.0W",54.7,-127
"225","Fragaria ×ananassa subsp. cuneifolia","50.2N"," 123.9W",50.2,-123.9
"226","Fragaria ×ananassa subsp. cuneifolia","50.8N"," 121.6W",50.8,-121.6
"227","Fragaria ×ananassa subsp. cuneifolia","51.7N"," 122.4W",51.7,-122.4
"228","Fragaria ×ananassa subsp. cuneifolia","52.4N"," 122.4W",52.4,-122.4
"229","Fragaria ×ananassa subsp. cuneifolia","49.4N"," 123.5W",49.4,-123.5
"230","Fragaria ×ananassa subsp. cuneifolia","49.4N"," 124.6W",49.4,-124.6
"231","Fragaria ×ananassa subsp. cuneifolia","49.3N"," 123.1W",49.3,-123.1
"232","Fragaria ×ananassa subsp. cuneifolia","49.8N"," 123.9W",49.8,-123.9
"233","Fragaria ×ananassa subsp. cuneifolia","49.8N"," 124.5W",49.8,-124.5
"234","Fragaria ×ananassa subsp. cuneifolia","48.9N"," 123.5W",48.9,-123.5
"235","Fragaria ×ananassa subsp. cuneifolia","50.1N"," 127.5W",50.1,-127.5
"236","Fragaria ×ananassa subsp. cuneifolia","49.5N"," 124.8W",49.5,-124.8
"237","Fragaria ×ananassa subsp. cuneifolia","49.3N"," 123.1W",49.3,-123.1
"238","Fragaria ×ananassa subsp. cuneifolia","50.7N"," 127.4W",50.7,-127.4
"239","Fragaria ×ananassa subsp. cuneifolia","54.3N"," 128.6W",54.3,-128.6
"240","Fragaria ×ananassa subsp. cuneifolia","49.4N"," 123.3W",49.4,-123.3
"241","Fragaria ×ananassa subsp. cuneifolia","49.2N"," 121.9W",49.2,-121.9
"242","Fragaria ×ananassa subsp. cuneifolia","49.4N"," 123.3W",49.4,-123.3
"243","Fragaria ×ananassa subsp. cuneifolia","49.4N"," 123.3W",49.4,-123.3
"244","Fragaria ×ananassa subsp. cuneifolia","49.6N"," 116.0W",49.6,-116
"245","Fragaria ×ananassa subsp. cuneifolia","50.1N"," 126.2W",50.1,-126.2
"246","Fragaria ×ananassa subsp. cuneifolia","49.4N"," 123.3W",49.4,-123.3
"247","Fragaria ×ananassa subsp. cuneifolia","49.3N"," 123.1W",49.3,-123.1
"248","Fragaria ×ananassa subsp. cuneifolia","49.3N"," 123.1W",49.3,-123.1
"249","Fragaria ×ananassa subsp. cuneifolia","48.4N"," 123.7W",48.4,-123.7
"250","Fragaria ×ananassa subsp. cuneifolia","49.3N"," 123.1W",49.3,-123.1
"251","Fragaria ×ananassa subsp. cuneifolia","49.3N"," 123.1W",49.3,-123.1
"252","Fragaria ×ananassa subsp. cuneifolia","49.2N"," 122.6W",49.2,-122.6
"253","Fragaria ×ananassa subsp. cuneifolia","49.3N"," 124.9W",49.3,-124.9
"254","Fragaria ×ananassa subsp. cuneifolia","50.0N"," 122.8W",50,-122.8
"255","Fragaria ×ananassa subsp. cuneifolia","49.9N"," 124.8W",49.9,-124.8
"256","Fragaria ×ananassa subsp. cuneifolia","49.5N"," 123.4W",49.5,-123.4
"257","Fragaria ×ananassa subsp. cuneifolia","54.6N"," 126.7W",54.6,-126.7
"258","Fragaria ×ananassa subsp. cuneifolia","49.9N"," 124.8W",49.9,-124.8
"259","Fragaria ×ananassa subsp. cuneifolia","50.0N"," 124.8W",50,-124.8
"260","Fragaria ×ananassa subsp. cuneifolia","49.4N"," 123.3W",49.4,-123.3
"261","Fragaria ×ananassa subsp. cuneifolia","49.9N"," 124.8W",49.9,-124.8
"262","Fragaria ×ananassa subsp. cuneifolia","49.4N"," 123.3W",49.4,-123.3
"263","Fragaria ×ananassa subsp. cuneifolia","49.3N"," 123.1W",49.3,-123.1
"264","Fragaria ×ananassa subsp. cuneifolia","48.4N"," 123.4W",48.4,-123.4
"265","Frangula purshiana subsp. purshiana","49.3N"," 123.1W",49.3,-123.1
"266","Frangula purshiana subsp. purshiana","49.3N"," 123.1W",49.3,-123.1
"267","Frangula purshiana subsp. purshiana","50.9N"," 119.6W",50.9,-119.6
"268","Frangula purshiana subsp. purshiana","49.3N"," 123.1W",49.3,-123.1
"269","Frangula purshiana subsp. purshiana","49.5N"," 124.8W",49.5,-124.8
"270","Frangula purshiana subsp. purshiana","49.2N"," 122.9W",49.2,-122.9
"271","Frangula purshiana subsp. purshiana","49.1N"," 123.2W",49.1,-123.2
"272","Frangula purshiana subsp. purshiana","49.3N"," 123.2W",49.3,-123.2
"273","Frangula purshiana subsp. purshiana","49.2N"," 117.3W",49.2,-117.3
"274","Frangula purshiana subsp. purshiana","53.7N"," 132.1W",53.7,-132.1
"275","Frangula purshiana subsp. purshiana","48.8N"," 123.1W",48.8,-123.1
"276","Frangula purshiana subsp. purshiana","49.4N"," 126.1W",49.4,-126.1
"277","Frangula purshiana subsp. purshiana","49.3N"," 124.2W",49.3,-124.2
"278","Frangula purshiana subsp. purshiana","49.5N"," 124.8W",49.5,-124.8
"279","Frangula purshiana subsp. purshiana","48.6N"," 123.7W",48.6,-123.7
"280","Frangula purshiana subsp. purshiana","48.4N"," 123.5W",48.4,-123.5
"281","Frangula purshiana subsp. purshiana","48.4N"," 123.5W",48.4,-123.5
"282","Frangula purshiana subsp. purshiana","48.4N"," 123.5W",48.4,-123.5
"283","Frangula purshiana subsp. purshiana","51.0N"," 118.2W",51,-118.2
"284","Frangula purshiana subsp. purshiana","50.6N"," 118.8W",50.6,-118.8
"285","Frangula purshiana subsp. purshiana","48.6N"," 123.4W",48.6,-123.4
"286","Frangula purshiana subsp. purshiana","49.2N"," 121.1W",49.2,-121.1
"287","Frangula purshiana subsp. purshiana","49.1N"," 121.2W",49.1,-121.2
"288","Frangula purshiana subsp. purshiana","48.5N"," 123.5W",48.5,-123.5
"289","Frangula purshiana subsp. purshiana","48.8N"," 123.9W",48.8,-123.9
"290","Frangula purshiana subsp. purshiana","49.6N"," 124.5W",49.6,-124.5
"291","Frangula purshiana subsp. purshiana","48.9N"," 125.1W",48.9,-125.1
"292","Helianthus ×laetiflorus","44.5N"," 77.3W",44.5,-77.3
"293","Helianthus ×laetiflorus","47.0N"," 65.4W",47,-65.4
"294","Helianthus ×laetiflorus","44.1N"," 77.6W",44.1,-77.6
"295","Helianthus ×laetiflorus","44.1N"," 77.6W",44.1,-77.6
"296","Helianthus ×laetiflorus","43.4N"," 80.6W",43.4,-80.6
"297","Helianthus ×laetiflorus","43.2N"," 81.9W",43.2,-81.9
"298","Helianthus ×laetiflorus","43.4N"," 80.1W",43.4,-80.1
"299","Helianthus ×laetiflorus","44.5N"," 77.4W",44.5,-77.4
"300","Helianthus ×laetiflorus","43.3N"," 79.9W",43.3,-79.9
"301","Helianthus ×laetiflorus","46.2N"," 60.3W",46.2,-60.3
"302","Helianthus ×laetiflorus","49.7N"," 112.8W",49.7,-112.8
"303","Helianthus ×laetiflorus","49.2N"," 122.9W",49.2,-122.9
"304","Helianthus ×laetiflorus","45.1N"," 72.2W",45.1,-72.2
"305","Helianthus ×laetiflorus","48.4N"," 89.6W",48.4,-89.6
"306","Helianthus ×laetiflorus","45.3N"," 75.6W",45.3,-75.6
"307","Helianthus ×laetiflorus","48.4N"," 89.8W",48.4,-89.8
"308","Helianthus ×laetiflorus","49.9N"," 98.3W",49.9,-98.3
"309","Helianthus ×laetiflorus","49.6N"," 114.3W",49.6,-114.3
"310","Helianthus ×laetiflorus","49.7N"," 113.7W",49.7,-113.7
"311","Helianthus ×laetiflorus","45.7N"," 73.5W",45.7,-73.5
"312","Helianthus ×laetiflorus","48.4N"," 89.6W",48.4,-89.6
"313","Helianthus ×laetiflorus","50.8N"," 100.3W",50.8,-100.3
"314","Helianthus ×laetiflorus","44.1N"," 79.5W",44.1,-79.5
"315","Helianthus ×laetiflorus","49.8N"," 99.6W",49.8,-99.6
"316","Helianthus ×laetiflorus","46.8N"," 71.3W",46.8,-71.3
"317","Helianthus ×laetiflorus","46.8N"," 71.3W",46.8,-71.3
"318","Helianthus ×laetiflorus","46.8N"," 71.3W",46.8,-71.3
"319","Helianthus ×laetiflorus","46.8N"," 71.3W",46.8,-71.3
"320","Helianthus ×laetiflorus","45.5N"," 66.3W",45.5,-66.3
"321","Helianthus ×laetiflorus","52.1N"," 106.9W",52.1,-106.9
"322","Helianthus ×laetiflorus","53.4N"," 117.6W",53.4,-117.6
"323","Helianthus ×laetiflorus","46.7N"," 64.8W",46.7,-64.8
"324","Helianthus ×laetiflorus","45.4N"," 75.7W",45.4,-75.7
"325","Helianthus ×laetiflorus","45.4N"," 75.7W",45.4,-75.7
"326","Helianthus ×laetiflorus","45.4N"," 75.7W",45.4,-75.7
"327","Helianthus ×laetiflorus","45.4N"," 75.7W",45.4,-75.7
"328","Helianthus ×laetiflorus","45.4N"," 75.7W",45.4,-75.7
"329","Helianthus ×laetiflorus","45.4N"," 75.7W",45.4,-75.7
"330","Helianthus ×laetiflorus","45.4N"," 75.7W",45.4,-75.7
"331","Helianthus ×laetiflorus","45.4N"," 75.7W",45.4,-75.7
"332","Helianthus ×laetiflorus","45.4N"," 75.7W",45.4,-75.7
"333","Helianthus ×laetiflorus","45.4N"," 75.7W",45.4,-75.7
"334","Helianthus ×laetiflorus","49.1N"," 113.9W",49.1,-113.9
"335","Helianthus ×laetiflorus","49.1N"," 113.9W",49.1,-113.9
"336","Helianthus ×laetiflorus","49.1N"," 113.9W",49.1,-113.9
"337","Helianthus ×laetiflorus","55.0N"," 120.0W",55,-120
"338","Helianthus ×laetiflorus","50.3N"," 107.8W",50.3,-107.8
"339","Helianthus ×laetiflorus","49.2N"," 98.7W",49.2,-98.7
"340","Helianthus ×laetiflorus","51.1N"," 114.1W",51.1,-114.1
"341","Helianthus ×laetiflorus","51.1N"," 114.1W",51.1,-114.1
"342","Helianthus ×laetiflorus","53.7N"," 113.2W",53.7,-113.2
"343","Helianthus ×laetiflorus","53.6N"," 113.5W",53.6,-113.5
"344","Helianthus ×laetiflorus","48.8N"," 79.2W",48.8,-79.2
"345","Helianthus ×laetiflorus","51.1N"," 114.1W",51.1,-114.1
"346","Helianthus ×laetiflorus","51.1N"," 114.1W",51.1,-114.1
"347","Helianthus ×laetiflorus","51.1N"," 114.1W",51.1,-114.1
"348","Helianthus ×laetiflorus","51.1N"," 114.1W",51.1,-114.1
"349","Helianthus ×laetiflorus","51.1N"," 114.1W",51.1,-114.1
"350","Helianthus ×laetiflorus","51.1N"," 114.1W",51.1,-114.1
"351","Helianthus ×laetiflorus","51.1N"," 114.1W",51.1,-114.1
"352","Helianthus ×laetiflorus","55.4N"," 115.5W",55.4,-115.5
"353","Helianthus ×laetiflorus","48.0N"," 85.0W",48,-85
"354","Helianthus ×laetiflorus","48.0N"," 85.0W",48,-85
"355","Helianthus ×laetiflorus","46.4N"," 75.0W",46.4,-75
"356","Helianthus ×laetiflorus","46.4N"," 75.0W",46.4,-75
"357","Helianthus ×laetiflorus","43.3N"," 79.8W",43.3,-79.8
"358","Helianthus ×laetiflorus","43.3N"," 79.8W",43.3,-79.8
"359","Helianthus ×laetiflorus","51.1N"," 114.1W",51.1,-114.1
"360","Helianthus ×laetiflorus","64.1N"," 139.4W",64.1,-139.4
"361","Helianthus ×laetiflorus","48.7N"," 123.4W",48.7,-123.4
"362","Helianthus petiolaris subsp. petiolaris","49.7N"," 99.3W",49.7,-99.3
"363","Helianthus petiolaris subsp. petiolaris","52.0N"," 110.9W",52,-110.9
"364","Helianthus petiolaris subsp. petiolaris","50.5N"," 110.0W",50.5,-110
"365","Helianthus petiolaris subsp. petiolaris","49.1N"," 110.6W",49.1,-110.6
"366","Helianthus petiolaris subsp. petiolaris","50.8N"," 111.6W",50.8,-111.6
"367","Helianthus petiolaris subsp. petiolaris","53.4N"," 110.9W",53.4,-110.9
"368","Helianthus petiolaris subsp. petiolaris","49.6N"," 100.3W",49.6,-100.3
"369","Helianthus petiolaris subsp. petiolaris","51.0N"," 112.2W",51,-112.2
"370","Helianthus petiolaris subsp. petiolaris","50.0N"," 111.7W",50,-111.7
"371","Helianthus petiolaris subsp. petiolaris","51.0N"," 114.1W",51,-114.1
"372","Helianthus petiolaris subsp. petiolaris","49.5N"," 110.8W",49.5,-110.8
"373","Helianthus petiolaris subsp. petiolaris","50.2N"," 103.5W",50.2,-103.5
"374","Helianthus petiolaris subsp. petiolaris","49.7N"," 112.8W",49.7,-112.8
"375","Hordeum depressum","50.7N"," 127.4W",50.7,-127.4
"376","Hordeum pusillum","48.4N"," 123.2W",48.4,-123.2
"377","Hordeum pusillum","48.4N"," 123.2W",48.4,-123.2
"378","Hordeum pusillum","48.4N"," 123.4W",48.4,-123.4
"379","Hordeum pusillum","48.4N"," 123.4W",48.4,-123.4
"380","Lathyrus lanszwertii","49.1N"," 115.1W",49.1,-115.1
"381","Lathyrus lanszwertii","49.2N"," 115.2W",49.2,-115.2
"382","Lathyrus lanszwertii","49.1N"," 115.1W",49.1,-115.1
"383","Lathyrus lanszwertii","49.1N"," 115.1W",49.1,-115.1
"384","Lathyrus lanszwertii","49.2N"," 115.2W",49.2,-115.2
"385","Lathyrus lanszwertii","49.1N"," 115.1W",49.1,-115.1
"386","Lathyrus lanszwertii","49.2N"," 115.2W",49.2,-115.2
"387","Lathyrus lanszwertii","49.1N"," 115.1W",49.1,-115.1
"388","Lathyrus lanszwertii","49.1N"," 115.1W",49.1,-115.1
"389","Lathyrus lanszwertii var. bijugatus","49.1N"," 115.1W",49.1,-115.1
"390","Lathyrus lanszwertii var. bijugatus","49.2N"," 115.2W",49.2,-115.2
"391","Lathyrus lanszwertii var. bijugatus","49.1N"," 115.1W",49.1,-115.1
"392","Lathyrus lanszwertii var. bijugatus","49.1N"," 115.1W",49.1,-115.1
"393","Lathyrus lanszwertii var. bijugatus","49.2N"," 115.2W",49.2,-115.2
"394","Lathyrus lanszwertii var. bijugatus","49.1N"," 115.1W",49.1,-115.1
"395","Lathyrus lanszwertii var. bijugatus","49.2N"," 115.2W",49.2,-115.2
"396","Lathyrus lanszwertii var. bijugatus","49.1N"," 115.1W",49.1,-115.1
"397","Lathyrus lanszwertii var. bijugatus","49.1N"," 115.1W",49.1,-115.1
"398","Linum virginianum","43.4N"," 79.8W",43.4,-79.8
"399","Linum virginianum","43.4N"," 79.8W",43.4,-79.8
"400","Linum virginianum","43.4N"," 79.8W",43.4,-79.8
"401","Oxybasis rubra var. rubra","49.0N"," 119.5W",49,-119.5
"402","Oxybasis rubra var. rubra","49.1N"," 119.6W",49.1,-119.6
"403","Oxybasis rubra var. rubra","50.7N"," 120.4W",50.7,-120.4
"404","Oxybasis rubra var. rubra","49.2N"," 98.1W",49.2,-98.1
"405","Oxybasis rubra var. rubra","50.1N"," 98.2W",50.1,-98.2
"406","Oxybasis rubra var. rubra","62.0N"," 137.3W",62,-137.3
"407","Ribes oxyacanthoides subsp. irriguum","49.7N"," 114.7W",49.7,-114.7
"408","Ribes oxyacanthoides subsp. irriguum","49.7N"," 124.0W",49.7,-124
"409","Ribes oxyacanthoides subsp. irriguum","49.7N"," 124.0W",49.7,-124
"410","Ribes oxyacanthoides subsp. irriguum","50.1N"," 114.8W",50.1,-114.8
"411","Ribes oxyacanthoides subsp. irriguum","49.0N"," 115.0W",49,-115
"412","Ribes oxyacanthoides subsp. irriguum","49.0N"," 114.0W",49,-114
"413","Rosa virginiana subsp. virginiana","43.8N"," 64.9W",43.8,-64.9
"414","Rubus ×paracaulis","51.1N"," 73.0W",51.1,-73
"415","Rubus ×paracaulis","52.1N"," 72.2W",52.1,-72.2
"416","Rubus ×paracaulis","48.5N"," 64.2W",48.5,-64.2
"417","Rubus ×paracaulis","53.4N"," 112.9W",53.4,-112.9
"418","Rubus ×paracaulis","52.9N"," 78.8W",52.9,-78.8
"419","Rubus ×paracaulis","51.5N"," 57.0W",51.5,-57
"420","Rubus ×paracaulis","51.4N"," 57.1W",51.4,-57.1
"421","Rubus ×paracaulis","51.1N"," 63.2W",51.1,-63.2
"422","Rubus ×paracaulis","51.1N"," 63.2W",51.1,-63.2
"423","Rubus ×paracaulis","52.8N"," 67.1W",52.8,-67.1
"424","Rubus ×paracaulis","52.8N"," 67.1W",52.8,-67.1
"425","Rubus ×paracaulis","51.4N"," 57.1W",51.4,-57.1
"426","Rubus ×paracaulis","51.4N"," 57.2W",51.4,-57.2
"427","Rubus ×paracaulis","51.5N"," 57.1W",51.5,-57.1
"428","Rubus ×paracaulis","51.5N"," 57.1W",51.5,-57.1
"429","Rubus ×paracaulis","51.4N"," 57.1W",51.4,-57.1
"430","Rubus ×paracaulis","51.4N"," 57.1W",51.4,-57.1
"431","Rubus ×paracaulis","48.9N"," 66.6W",48.9,-66.6
"432","Rubus ×paracaulis","48.9N"," 66.6W",48.9,-66.6
"433","Rubus ×paracaulis","52.6N"," 67.5W",52.6,-67.5
"434","Rubus ×paracaulis","52.6N"," 67.5W",52.6,-67.5
"435","Rubus ×paracaulis","55.4N"," 88.3W",55.4,-88.3
"436","Rubus ×paracaulis","49.7N"," 63.9W",49.7,-63.9
"437","Rubus ×paracaulis","52.3N"," 77.1W",52.3,-77.1
"438","Rubus ×paracaulis","49.5N"," 67.2W",49.5,-67.2
"439","Rubus ×paracaulis","50.2N"," 64.1W",50.2,-64.1
"440","Rubus ×paracaulis","53.8N"," 116.6W",53.8,-116.6
"441","Rubus ×paracaulis","48.5N"," 64.2W",48.5,-64.2
"442","Rubus ×paracaulis","51.3N"," 80.7W",51.3,-80.7
"443","Rubus ×paracaulis","53.5N"," 60.1W",53.5,-60.1
"444","Rubus ×paracaulis","53.4N"," 59.3W",53.4,-59.3
"445","Rubus ×paracaulis","53.1N"," 71.0W",53.1,-71
"446","Rubus ×paracaulis","54.7N"," 86.5W",54.7,-86.5
"447","Rubus ×paracaulis","54.9N"," 85.5W",54.9,-85.5
"448","Rubus ×paracaulis","51.6N"," 79.5W",51.6,-79.5
"449","Rubus ×paracaulis","51.0N"," 79.8W",51,-79.8
"450","Rubus ×paracaulis","56.0N"," 87.6W",56,-87.6
"451","Rubus ×paracaulis","53.8N"," 89.9W",53.8,-89.9
"452","Rubus ×paracaulis","53.0N"," 114.0W",53,-114
"453","Rubus ×paracaulis","53.0N"," 114.0W",53,-114
"454","Rubus ×paracaulis","53.7N"," 113.1W",53.7,-113.1
"455","Rubus ×paracaulis","53.7N"," 113.1W",53.7,-113.1
"456","Rubus ×paracaulis","52.3N"," 70.6W",52.3,-70.6
"457","Rubus ×paracaulis","52.3N"," 70.6W",52.3,-70.6
"458","Rubus ×paracaulis","52.6N"," 103.8W",52.6,-103.8
"459","Rubus ×paracaulis","52.7N"," 104.0W",52.7,-104
"460","Rubus ×paracaulis","52.6N"," 104.0W",52.6,-104
"461","Rubus ×paracaulis","52.6N"," 104.0W",52.6,-104
"462","Rubus ×paracaulis","50.2N"," 63.2W",50.2,-63.2
"463","Rubus ×setosus","48.8N"," 72.0W",48.8,-72
"464","Rubus ×setosus","45.2N"," 73.1W",45.2,-73.1
"465","Rubus ×setosus","45.6N"," 74.7W",45.6,-74.7
"466","Rubus ×setosus","45.4N"," 74.3W",45.4,-74.3
"467","Rubus ×setosus","45.4N"," 73.4W",45.4,-73.4
"468","Rubus ×setosus","46.8N"," 71.3W",46.8,-71.3
"469","Rubus ×setosus","46.3N"," 74.2W",46.3,-74.2
"470","Rubus ×setosus","46.8N"," 71.1W",46.8,-71.1
"471","Rubus ×setosus","46.9N"," 71.8W",46.9,-71.8
"472","Rubus ×setosus","46.0N"," 73.4W",46,-73.4
"473","Rubus ×setosus","45.2N"," 75.5W",45.2,-75.5
"474","Rubus ×setosus","45.2N"," 75.5W",45.2,-75.5
"475","Rubus ×setosus","45.5N"," 76.1W",45.5,-76.1
"476","Rubus ×setosus","45.9N"," 60.0W",45.9,-60
"477","Rubus ×setosus","45.9N"," 60.0W",45.9,-60
"478","Rubus ×setosus","46.1N"," 81.2W",46.1,-81.2
"479","Rubus ×setosus","45.4N"," 67.0W",45.4,-67
"480","Rubus ×setosus","45.4N"," 67.1W",45.4,-67.1
"481","Rubus ×setosus","46.7N"," 71.4W",46.7,-71.4
"482","Rubus ×setosus","47.1N"," 71.4W",47.1,-71.4
"483","Rubus ×setosus","45.2N"," 78.8W",45.2,-78.8
"484","Rubus ×setosus","46.8N"," 71.7W",46.8,-71.7
"485","Rubus ×setosus","46.7N"," 72.1W",46.7,-72.1
"486","Rubus ×setosus","45.0N"," 78.1W",45,-78.1
"487","Rubus ×setosus","45.6N"," 71.3W",45.6,-71.3
"488","Rubus ×setosus","45.1N"," 73.1W",45.1,-73.1
"489","Rubus ×setosus","45.1N"," 78.2W",45.1,-78.2
"490","Rubus ×setosus","46.8N"," 71.3W",46.8,-71.3
"491","Rubus ×setosus","46.8N"," 71.3W",46.8,-71.3
"492","Rubus ×setosus","44.8N"," 79.4W",44.8,-79.4
"493","Rubus ×setosus","46.0N"," 74.0W",46,-74
"494","Rubus ×setosus","46.0N"," 74.0W",46,-74
"495","Rubus ×setosus","43.8N"," 65.9W",43.8,-65.9
"496","Rubus ×setosus","48.7N"," 79.0W",48.7,-79
"497","Rubus ×setosus","48.7N"," 79.0W",48.7,-79
"498","Rubus ×setosus","46.2N"," 74.5W",46.2,-74.5
"499","Rubus ×setosus","48.7N"," 71.5W",48.7,-71.5
"500","Rubus ×setosus","48.7N"," 71.5W",48.7,-71.5
"501","Rubus ×setosus","43.7N"," 79.4W",43.7,-79.4
"502","Rubus ×setosus","50.2N"," 63.6W",50.2,-63.6
"503","Rubus ×setosus","48.4N"," 124.1W",48.4,-124.1
"504","Rubus ×setosus","45.6N"," 75.0W",45.6,-75
"505","Rubus ×setosus","45.4N"," 63.2W",45.4,-63.2
"506","Rubus ×setosus","45.4N"," 63.2W",45.4,-63.2
"507","Rubus ×setosus","45.4N"," 63.2W",45.4,-63.2
"508","Rubus ×setosus","45.6N"," 62.7W",45.6,-62.7
"509","Rubus ×setosus","45.6N"," 62.7W",45.6,-62.7
"510","Rubus ×setosus","45.6N"," 62.7W",45.6,-62.7
"511","Rubus ×setosus","45.4N"," 63.2W",45.4,-63.2
"512","Rubus ×setosus","46.0N"," 65.3W",46,-65.3
"513","Rubus ×setosus","45.6N"," 62.7W",45.6,-62.7
"514","Rubus ×setosus","45.4N"," 63.2W",45.4,-63.2
"515","Rubus ×setosus","45.4N"," 63.2W",45.4,-63.2
"516","Rubus ×setosus","45.4N"," 63.2W",45.4,-63.2
"517","Rubus ×setosus","45.4N"," 63.2W",45.4,-63.2
"518","Rubus ×setosus","45.4N"," 63.2W",45.4,-63.2
"519","Rubus ×setosus","45.4N"," 63.2W",45.4,-63.2
"520","Rubus ×setosus","45.6N"," 62.7W",45.6,-62.7
"521","Rubus ×setosus","45.4N"," 63.2W",45.4,-63.2
"522","Rubus ×setosus","45.4N"," 63.2W",45.4,-63.2
"523","Rubus ×setosus","45.4N"," 63.2W",45.4,-63.2
"524","Rubus ×setosus","46.0N"," 65.3W",46,-65.3
"525","Rubus ×setosus","45.2N"," 78.9W",45.2,-78.9
"526","Rubus ×setosus","45.9N"," 66.7W",45.9,-66.7
"527","Rubus ×setosus","48.4N"," 70.8W",48.4,-70.8
"528","Rubus ×setosus","45.4N"," 62.2W",45.4,-62.2
"529","Rubus ×setosus","45.7N"," 63.9W",45.7,-63.9
"530","Rubus ×setosus","46.0N"," 64.9W",46,-64.9
"531","Rubus ×setosus","45.7N"," 63.9W",45.7,-63.9
"532","Rubus ×setosus","46.0N"," 64.9W",46,-64.9
"533","Rubus ×setosus","45.8N"," 78.4W",45.8,-78.4
"534","Rubus ×setosus","46.7N"," 61.0W",46.7,-61
"535","Rubus ×setosus","45.5N"," 70.8W",45.5,-70.8
"536","Rubus ×setosus","45.5N"," 75.6W",45.5,-75.6
"537","Rubus ×setosus","45.4N"," 75.7W",45.4,-75.7
"538","Rubus ×setosus","45.4N"," 75.7W",45.4,-75.7
"539","Rubus ×setosus","45.4N"," 75.7W",45.4,-75.7
"540","Rubus ×setosus","45.5N"," 76.1W",45.5,-76.1
"541","Rubus ×setosus","47.8N"," 64.9W",47.8,-64.9
"542","Rubus ×setosus","46.0N"," 72.2W",46,-72.2
"543","Rubus ×setosus","45.2N"," 73.7W",45.2,-73.7
"544","Rubus ×setosus","45.9N"," 73.1W",45.9,-73.1
"545","Rubus ×setosus","45.0N"," 72.5W",45,-72.5
"546","Rubus ×setosus","46.7N"," 71.9W",46.7,-71.9
"547","Rubus ×setosus","45.8N"," 74.0W",45.8,-74
"548","Rubus ×setosus","47.1N"," 70.4W",47.1,-70.4
"549","Rubus ×setosus","46.1N"," 73.8W",46.1,-73.8
"550","Rubus ×setosus","46.8N"," 71.3W",46.8,-71.3
"551","Rubus ×setosus","47.2N"," 80.1W",47.2,-80.1
"552","Rubus ×setosus","45.6N"," 78.7W",45.6,-78.7
"553","Rubus ×setosus","46.4N"," 72.3W",46.4,-72.3
"554","Rubus ×setosus","45.5N"," 64.3W",45.5,-64.3
"555","Rubus ×setosus","47.0N"," 80.1W",47,-80.1
"556","Rubus ×setosus","45.6N"," 78.4W",45.6,-78.4
"557","Rubus ×setosus","44.9N"," 78.8W",44.9,-78.8
"558","Rubus ×setosus","46.1N"," 82.1W",46.1,-82.1
"559","Rubus ×setosus","46.4N"," 63.9W",46.4,-63.9
"560","Rubus ×setosus","46.8N"," 71.7W",46.8,-71.7
"561","Rubus ×setosus","44.9N"," 79.5W",44.9,-79.5
"562","Rubus ×setosus","45.6N"," 78.4W",45.6,-78.4
"563","Rubus ×setosus","45.6N"," 78.4W",45.6,-78.4
"564","Rubus ×setosus","44.9N"," 79.5W",44.9,-79.5
"565","Rubus ×setosus","46.3N"," 63.1W",46.3,-63.1
"566","Rubus ×setosus","45.4N"," 78.9W",45.4,-78.9
"567","Rubus ×setosus","46.8N"," 71.5W",46.8,-71.5
"568","Rubus ×setosus","45.4N"," 74.2W",45.4,-74.2
"569","Rubus ×setosus","45.4N"," 71.9W",45.4,-71.9
"570","Rubus ×setosus","46.8N"," 71.3W",46.8,-71.3
"571","Rubus ×setosus","45.8N"," 71.2W",45.8,-71.2
"572","Rubus ×setosus","46.1N"," 74.0W",46.1,-74
"573","Rubus ×setosus","45.8N"," 75.8W",45.8,-75.8
"574","Rubus ×setosus","45.7N"," 73.7W",45.7,-73.7
"575","Rubus ×setosus","43.0N"," 81.3W",43,-81.3
"576","Rubus ×setosus","43.0N"," 81.3W",43,-81.3
"577","Rubus ×setosus","45.8N"," 71.2W",45.8,-71.2
"578","Rubus ×setosus","45.4N"," 71.9W",45.4,-71.9
"579","Rubus ×setosus","46.3N"," 75.2W",46.3,-75.2
"580","Rubus ×setosus","46.6N"," 64.0W",46.6,-64
"581","Rubus ×setosus","43.0N"," 81.3W",43,-81.3
"582","Rubus ×setosus","45.2N"," 79.8W",45.2,-79.8
"583","Rubus ×setosus","45.5N"," 78.8W",45.5,-78.8
"584","Rubus ×setosus","45.6N"," 78.5W",45.6,-78.5
"585","Rubus ×setosus","45.6N"," 78.5W",45.6,-78.5
"586","Rubus ×setosus","45.6N"," 78.5W",45.6,-78.5
"587","Rubus chloocladus","60.0N"," 127.6W",60,-127.6
"588","Rubus chloocladus","60.2N"," 125.8W",60.2,-125.8
"589","Rubus chloocladus","60.0N"," 127.7W",60,-127.7
"590","Rubus chloocladus","60.1N"," 130.7W",60.1,-130.7
"591","Rubus chloocladus","60.0N"," 124.5W",60,-124.5
"592","Rubus chloocladus","50.9N"," 119.3W",50.9,-119.3
"593","Rubus chloocladus","60.1N"," 124.0W",60.1,-124
"594","Rubus chloocladus","55.5N"," 127.8W",55.5,-127.8
"595","Rubus chloocladus","51.0N"," 118.2W",51,-118.2
"596","Rubus chloocladus","54.8N"," 127.3W",54.8,-127.3
"597","Rubus chloocladus","51.3N"," 118.9W",51.3,-118.9
"598","Rubus chloocladus","50.1N"," 117.5W",50.1,-117.5
"599","Rubus chloocladus","49.5N"," 88.1W",49.5,-88.1
"600","Rubus chloocladus","54.0N"," 124.0W",54,-124
"601","Rubus chloocladus","48.4N"," 90.7W",48.4,-90.7
"602","Rubus chloocladus","55.6N"," 125.4W",55.6,-125.4
"603","Rubus chloocladus","52.1N"," 120.2W",52.1,-120.2
"604","Rubus chloocladus","59.6N"," 125.5W",59.6,-125.5
"605","Rubus chloocladus","54.7N"," 127.0W",54.7,-127
"606","Rubus chloocladus","50.8N"," 100.3W",50.8,-100.3
"607","Rubus chloocladus","59.4N"," 124.4W",59.4,-124.4
"608","Rubus chloocladus","59.9N"," 128.4W",59.9,-128.4
"609","Rubus chloocladus","59.8N"," 124.3W",59.8,-124.3
"610","Rubus chloocladus","59.9N"," 128.4W",59.9,-128.4
"611","Rubus chloocladus","59.1N"," 122.5W",59.1,-122.5
"612","Rubus chloocladus","49.0N"," 115.6W",49,-115.6
"613","Rubus chloocladus","49.7N"," 115.0W",49.7,-115
"614","Rubus chloocladus","54.9N"," 120.9W",54.9,-120.9
"615","Rubus chloocladus","49.9N"," 114.8W",49.9,-114.8
"616","Rubus chloocladus","49.9N"," 114.8W",49.9,-114.8
"617","Rubus chloocladus","48.4N"," 89.3W",48.4,-89.3
"618","Rubus chloocladus","53.9N"," 123.4W",53.9,-123.4
"619","Rubus chloocladus","51.0N"," 122.0W",51,-122
"620","Rubus chloocladus","50.8N"," 120.5W",50.8,-120.5
"621","Rubus chloocladus","51.9N"," 121.3W",51.9,-121.3
"622","Rubus chloocladus","49.5N"," 115.9W",49.5,-115.9
"623","Rubus chloocladus","60.9N"," 115.7W",60.9,-115.7
"624","Rubus chloocladus","49.7N"," 116.0W",49.7,-116
"625","Rubus chloocladus","50.7N"," 119.3W",50.7,-119.3
"626","Vaccinium ×nubigenum","49.0N"," 65.9W",49,-65.9
"627","Vaccinium ×nubigenum","49.0N"," 66.0W",49,-66
"628","Vaccinium ×nubigenum","49.0N"," 65.9W",49,-65.9
"629","Vaccinium ×nubigenum","49.0N"," 66.0W",49,-66
"630","Vaccinium ×nubigenum","47.7N"," 70.7W",47.7,-70.7
"631","Vaccinium ×nubigenum","48.6N"," 70.8W",48.6,-70.8
"632","Vaccinium ×nubigenum","48.6N"," 70.8W",48.6,-70.8
"633","Vaccinium ×nubigenum","48.6N"," 70.8W",48.6,-70.8
"634","Vaccinium ×nubigenum","48.6N"," 70.8W",48.6,-70.8
"635","Vaccinium ×nubigenum","48.7N"," 70.6W",48.7,-70.6
"636","Vaccinium ×nubigenum","47.4N"," 71.1W",47.4,-71.1
"637","Vaccinium ×nubigenum","48.6N"," 70.8W",48.6,-70.8
"638","Vaccinium ×nubigenum","48.6N"," 70.8W",48.6,-70.8
"639","Vaccinium ×nubigenum","48.0N"," 68.4W",48,-68.4
"640","Vaccinium ×nubigenum","52.1N"," 106.6W",52.1,-106.6
"641","Vaccinium ×nubigenum","48.9N"," 66.2W",48.9,-66.2
"642","Vaccinium ×nubigenum","48.9N"," 66.2W",48.9,-66.2
"643","Vaccinium ×nubigenum","48.9N"," 66.0W",48.9,-66
