"","ACCESSION","NAME","TAXONOMY","ORIGIN","REPOSITORY","RECEIVED","COORDINATES","Taxon","Genus","Species","Rank","Infraspecific"
"1","Ames 13142","358","Potentilla simplex Michx.","Québec, Canada","NC7",1990,"","Potentilla simplex  ","Potentilla","Potentilla simplex","",""
"2","Ames 13775","880471","Gymnocladus dioicus (L.) K. Koch","Ontario, Canada","NC7",1990,"42.12690000, -82.98390000","Gymnocladus dioicus  ","Gymnocladus","Gymnocladus dioicus","",""
"3","Ames 22819","Index Seminum 301","Anemone multifida Poir.","British Columbia, Canada","NC7",1996,"54.81666667, -127.10000000","Anemone multifida  ","Anemone","Anemone multifida","",""
"4","Ames 23761","#64","Thlaspi arvense L.","Ontario, Canada","NC7",1997,"","Thlaspi arvense  ","Thlaspi","Thlaspi arvense","",""
"5","Ames 24938","BCN 8027","Erucastrum leucanthum Coss. & Durieu","Canada","NC7",1991,"","Erucastrum leucanthum  ","Erucastrum","Erucastrum leucanthum","",""
"6","Ames 4617","86","Quercus muehlenbergii Engelm.","Ontario, Canada","NC7",1985,"","Quercus muehlenbergii  ","Quercus","Quercus muehlenbergii","",""
"7","Ames 4618","Accession No. 1985-0642Collection No. 1224","Quercus muehlenbergii Engelm.","Ontario, Canada","NC7",1985,"43.23195300, -81.89238900","Quercus muehlenbergii  ","Quercus","Quercus muehlenbergii","",""
"8","Ames 5328","Caribbean pigweed","Amaranthus retroflexus L.","Canada","NC7",1986,"","Amaranthus retroflexus  ","Amaranthus","Amaranthus retroflexus","",""
"9","CIav 2527","26-365","Avena fatua L.","Alberta, Canada","NSGC",1927,"55.00000000, -115.00000000","Avena fatua  ","Avena","Avena fatua","",""
"10","CIav 2528","25-65","Avena  hybr.","Alberta, Canada","NSGC",1927,"55.00000000, -115.00000000","Avena hybr.  ","Avena","Avena hybr.","",""
"11","CIav 2529","27-696","Avena fatua L.","Ontario, Canada","NSGC",1927,"50.00000000, -86.00000000","Avena fatua  ","Avena","Avena fatua","",""
"12","CIav 9016","CD 2321","Avena sterilis L.","Ontario, Canada","NSGC",1970,"","Avena sterilis  ","Avena","Avena sterilis","",""
"13","CIav 9018","CD 3078","Avena barbata Pott ex Link","Ontario, Canada","NSGC",1970,"","Avena barbata  ","Avena","Avena barbata","",""
"14","CIav 9039","CD 7913","Avena barbata Pott ex Link","Ontario, Canada","NSGC",1970,"","Avena barbata  ","Avena","Avena barbata","",""
"15","CIav 9042","CD 7920","Avena barbata Pott ex Link","Ontario, Canada","NSGC",1970,"","Avena barbata  ","Avena","Avena barbata","",""
"16","CIav 9053","CD 8024","Avena wiestii Steud.","Ontario, Canada","NSGC",1970,"","Avena wiestii  ","Avena","Avena wiestii","",""
"17","CIav 9057","CD 8079","Avena sterilis L.","Ontario, Canada","NSGC",1970,"","Avena sterilis  ","Avena","Avena sterilis","",""
"18","CIav 9058","CD 8080","Avena sterilis L.","Ontario, Canada","NSGC",1970,"","Avena sterilis  ","Avena","Avena sterilis","",""
"19","CIav 9059","CD 8081","Avena sterilis L.","Ontario, Canada","NSGC",1970,"","Avena sterilis  ","Avena","Avena sterilis","",""
"20","CIav 9060","CD 8082","Avena barbata Pott ex Link","Ontario, Canada","NSGC",1970,"","Avena barbata  ","Avena","Avena barbata","",""
"21","CIav 9061","CD 8083","Avena barbata Pott ex Link","Ontario, Canada","NSGC",1970,"","Avena barbata  ","Avena","Avena barbata","",""
"22","CIav 9062","CD 8084","Avena barbata Pott ex Link","Ontario, Canada","NSGC",1970,"","Avena barbata  ","Avena","Avena barbata","",""
"23","CIav 9067","CD 8168","Avena barbata Pott ex Link","Ontario, Canada","NSGC",1970,"","Avena barbata  ","Avena","Avena barbata","",""
"24","CIav 9068","CD 8169B","Avena barbata Pott ex Link","Ontario, Canada","NSGC",1970,"","Avena barbata  ","Avena","Avena barbata","",""
"25","CIav 9069","CD 8170","Avena barbata Pott ex Link","Ontario, Canada","NSGC",1970,"","Avena barbata  ","Avena","Avena barbata","",""
"26","CIav 9070","CD 8171","Avena barbata Pott ex Link","Ontario, Canada","NSGC",1970,"","Avena barbata  ","Avena","Avena barbata","",""
"27","CIav 9072","CD 8263","Avena sterilis L.","Ontario, Canada","NSGC",1970,"","Avena sterilis  ","Avena","Avena sterilis","",""
"28","CIav 9073","CD 8264","Avena sterilis L.","Ontario, Canada","NSGC",1970,"","Avena sterilis  ","Avena","Avena sterilis","",""
"29","CIav 9074","CD 8265","Avena sterilis L.","Ontario, Canada","NSGC",1970,"","Avena sterilis  ","Avena","Avena sterilis","",""
"30","CIav 9075","CD 8266","Avena sterilis L.","Ontario, Canada","NSGC",1970,"","Avena sterilis  ","Avena","Avena sterilis","",""
"31","CIav 9117","4 VC","Avena sterilis L.","Ontario, Canada","NSGC",1971,"","Avena sterilis  ","Avena","Avena sterilis","",""
"32","CIav 9118","5 VC","Avena sterilis L.","Ontario, Canada","NSGC",1971,"","Avena sterilis  ","Avena","Avena sterilis","",""
"33","CIav 9119","6 VB","Avena sterilis L.","Ontario, Canada","NSGC",1971,"","Avena sterilis  ","Avena","Avena sterilis","",""
"34","CIav 9120","WPG 2498","Avena barbata Pott ex Link","Ontario, Canada","NSGC",1971,"","Avena barbata  ","Avena","Avena barbata","",""
"35","CIav 9121","WPG 2502","Avena barbata Pott ex Link","Ontario, Canada","NSGC",1971,"","Avena barbata  ","Avena","Avena barbata","",""
"36","CIav 9122","WPG 2503","Avena barbata Pott ex Link","Ontario, Canada","NSGC",1971,"","Avena barbata  ","Avena","Avena barbata","",""
"37","CIav 9123","WPG 2504","Avena barbata Pott ex Link","Ontario, Canada","NSGC",1971,"","Avena barbata  ","Avena","Avena barbata","",""
"38","CIav 9124","WPG 2506","Avena barbata Pott ex Link","Ontario, Canada","NSGC",1971,"","Avena barbata  ","Avena","Avena barbata","",""
"39","CIav 9125","D203","Avena barbata Pott ex Link","Ontario, Canada","NSGC",1971,"","Avena barbata  ","Avena","Avena barbata","",""
"40","CIav 9127","Calif. 1953","Avena barbata Pott ex Link","Ontario, Canada","NSGC",1971,"","Avena barbata  ","Avena","Avena barbata","",""
"41","CIho 15728","GBC 222","Hordeum marinum Huds. subsp. gussoneanum (Parl.) Thell.","Ontario, Canada","NSGC",1977,"","Hordeum marinum Subsp. gussoneanum","Hordeum","Hordeum marinum","Subsp.","gussoneanum"
"42","CIho 15729","GBC 225","Hordeum murinum L.","Ontario, Canada","NSGC",1977,"","Hordeum murinum  ","Hordeum","Hordeum murinum","",""
"43","NA 52761","2352E","Viburnum rafinesqueanum Schult.","Ontario, Canada",NA,1984,"41.76990100, -82.65129100","Viburnum rafinesqueanum  ","Viburnum","Viburnum rafinesqueanum","",""
"44","NA 61988","NA 61988","Ilex verticillata (L.) A. Gray","Ontario, Canada",NA,1990,"42.60000000, -81.90000000","Ilex verticillata  ","Ilex","Ilex verticillata","",""
"45","NA 61989","NA 61989","Ilex verticillata (L.) A. Gray","Ontario, Canada",NA,1990,"43.10000000, -79.15000000","Ilex verticillata  ","Ilex","Ilex verticillata","",""
"46","NA 62999","Index Seminum 79","Celtis pumila Pursh","Ontario, Canada",NA,1984,"43.21666667, -81.91666667","Celtis pumila  ","Celtis","Celtis pumila","",""
"47","PI 234681","W6 6907","Agrostis scabra Willd.","Alberta, Canada","W6",1956,"","Agrostis scabra  ","Agrostis","Agrostis scabra","",""
"48","PI 234683","","Hordeum jubatum L.","British Columbia, Canada","NSGC",1956,"49.50000000, 115.06666670","Hordeum jubatum  ","Hordeum","Hordeum jubatum","",""
"49","PI 236663","","Elymus lanceolatus (Scribn. & J. G. Sm.) Gould","Canada","W6",1957,"","Elymus lanceolatus  ","Elymus","Elymus lanceolatus","",""
"50","PI 236664","","Elymus lanceolatus (Scribn. & J. G. Sm.) Gould","Canada","W6",1957,"","Elymus lanceolatus  ","Elymus","Elymus lanceolatus","",""
"51","PI 236665","","Elymus lanceolatus (Scribn. & J. G. Sm.) Gould","Canada","W6",1957,"","Elymus lanceolatus  ","Elymus","Elymus lanceolatus","",""
"52","PI 236666","","Elymus lanceolatus (Scribn. & J. G. Sm.) Gould","Canada","W6",1957,"","Elymus lanceolatus  ","Elymus","Elymus lanceolatus","",""
"53","PI 236668","","Pseudoroegneria spicata (Pursh) Á. Löve","British Columbia, Canada","W6",1957,"","Pseudoroegneria spicata  ","Pseudoroegneria","Pseudoroegneria spicata","",""
"54","PI 236669","","Pseudoroegneria spicata (Pursh) Á. Löve","British Columbia, Canada","W6",1957,"","Pseudoroegneria spicata  ","Pseudoroegneria","Pseudoroegneria spicata","",""
"55","PI 236670","","Pseudoroegneria spicata (Pursh) Á. Löve","British Columbia, Canada","W6",1957,"","Pseudoroegneria spicata  ","Pseudoroegneria","Pseudoroegneria spicata","",""
"56","PI 236671","","Pseudoroegneria spicata (Pursh) Á. Löve","British Columbia, Canada","W6",1957,"","Pseudoroegneria spicata  ","Pseudoroegneria","Pseudoroegneria spicata","",""
"57","PI 236672","","Pseudoroegneria spicata (Pursh) Á. Löve","British Columbia, Canada","W6",1957,"","Pseudoroegneria spicata  ","Pseudoroegneria","Pseudoroegneria spicata","",""
"58","PI 236673","","Elymus violaceus (Hornem.) Feilberg","Canada","W6",1957,"","Elymus violaceus  ","Elymus","Elymus violaceus","",""
"59","PI 236675","","Elymus violaceus (Hornem.) Feilberg","Canada","W6",1957,"","Elymus violaceus  ","Elymus","Elymus violaceus","",""
"60","PI 236676","","Agropyron  hybr.","Canada","W6",1957,"","Agropyron hybr.  ","Agropyron","Agropyron hybr.","",""
"61","PI 236677","","Pascopyrum smithii (Rydb.) Barkworth & D. R. Dewey","Canada","W6",1957,"","Pascopyrum smithii  ","Pascopyrum","Pascopyrum smithii","",""
"62","PI 236678","","Pascopyrum smithii (Rydb.) Barkworth & D. R. Dewey","Canada","W6",1957,"","Pascopyrum smithii  ","Pascopyrum","Pascopyrum smithii","",""
"63","PI 236681","","Pseudoroegneria spicata (Pursh) Á. Löve","Canada","W6",1957,"","Pseudoroegneria spicata  ","Pseudoroegneria","Pseudoroegneria spicata","",""
"64","PI 236682","","Pseudoroegneria spicata (Pursh) Á. Löve","Canada","W6",1957,"","Pseudoroegneria spicata  ","Pseudoroegneria","Pseudoroegneria spicata","",""
"65","PI 236683","","Pseudoroegneria spicata (Pursh) Á. Löve","Canada","W6",1957,"","Pseudoroegneria spicata  ","Pseudoroegneria","Pseudoroegneria spicata","",""
"66","PI 236684","","Elymus trachycaulus (Link) Gould subsp. subsecundus (Link) Á. Löve & D. Löve","Canada","W6",1957,"","Elymus trachycaulus Subsp. subsecundus","Elymus","Elymus trachycaulus","Subsp.","subsecundus"
"67","PI 236685","","Elymus trachycaulus (Link) Gould subsp. subsecundus (Link) Á. Löve & D. Löve","Canada","W6",1957,"","Elymus trachycaulus Subsp. subsecundus","Elymus","Elymus trachycaulus","Subsp.","subsecundus"
"68","PI 236687","","Elymus trachycaulus (Link) Gould subsp. subsecundus (Link) Á. Löve & D. Löve","Canada","W6",1957,"","Elymus trachycaulus Subsp. subsecundus","Elymus","Elymus trachycaulus","Subsp.","subsecundus"
"69","PI 236688","","Elymus trachycaulus (Link) Gould subsp. subsecundus (Link) Á. Löve & D. Löve","Canada","W6",1957,"","Elymus trachycaulus Subsp. subsecundus","Elymus","Elymus trachycaulus","Subsp.","subsecundus"
"70","PI 236689","","Elymus trachycaulus (Link) Gould subsp. subsecundus (Link) Á. Löve & D. Löve","Canada","W6",1957,"","Elymus trachycaulus Subsp. subsecundus","Elymus","Elymus trachycaulus","Subsp.","subsecundus"
"71","PI 236690","","Elymus trachycaulus (Link) Gould subsp. subsecundus (Link) Á. Löve & D. Löve","Canada","W6",1957,"","Elymus trachycaulus Subsp. subsecundus","Elymus","Elymus trachycaulus","Subsp.","subsecundus"
"72","PI 236691","","Elymus trachycaulus (Link) Gould subsp. subsecundus (Link) Á. Löve & D. Löve","Canada","W6",1957,"","Elymus trachycaulus Subsp. subsecundus","Elymus","Elymus trachycaulus","Subsp.","subsecundus"
"73","PI 236692","","Elymus trachycaulus (Link) Gould subsp. subsecundus (Link) Á. Löve & D. Löve","Canada","W6",1957,"","Elymus trachycaulus Subsp. subsecundus","Elymus","Elymus trachycaulus","Subsp.","subsecundus"
"74","PI 236693","","Elymus trachycaulus (Link) Gould subsp. subsecundus (Link) Á. Löve & D. Löve","Canada","W6",1957,"","Elymus trachycaulus Subsp. subsecundus","Elymus","Elymus trachycaulus","Subsp.","subsecundus"
"75","PI 236697","","Elymus trachycaulus (Link) Gould subsp. subsecundus (Link) Á. Löve & D. Löve","Canada","W6",1957,"","Elymus trachycaulus Subsp. subsecundus","Elymus","Elymus trachycaulus","Subsp.","subsecundus"
"76","PI 236698","","Elymus trachycaulus (Link) Gould subsp. subsecundus (Link) Á. Löve & D. Löve","Canada","W6",1957,"","Elymus trachycaulus Subsp. subsecundus","Elymus","Elymus trachycaulus","Subsp.","subsecundus"
"77","PI 236699","","Elymus trachycaulus (Link) Gould","Canada","W6",1957,"","Elymus trachycaulus  ","Elymus","Elymus trachycaulus","",""
"78","PI 236700","","Elymus trachycaulus (Link) Gould","Canada","W6",1957,"","Elymus trachycaulus  ","Elymus","Elymus trachycaulus","",""
"79","PI 236703","","Elymus trachycaulus (Link) Gould","Canada","W6",1957,"","Elymus trachycaulus  ","Elymus","Elymus trachycaulus","",""
"80","PI 236707","","Elymus trachycaulus (Link) Gould","Canada","W6",1957,"","Elymus trachycaulus  ","Elymus","Elymus trachycaulus","",""
"81","PI 236708","","Elymus trachycaulus (Link) Gould","Canada","W6",1957,"","Elymus trachycaulus  ","Elymus","Elymus trachycaulus","",""
"82","PI 236709","","Elymus trachycaulus (Link) Gould","Canada","W6",1957,"","Elymus trachycaulus  ","Elymus","Elymus trachycaulus","",""
"83","PI 236710","","Elymus trachycaulus (Link) Gould","Canada","W6",1957,"","Elymus trachycaulus  ","Elymus","Elymus trachycaulus","",""
"84","PI 236712","","Elymus trachycaulus (Link) Gould","Canada","W6",1957,"","Elymus trachycaulus  ","Elymus","Elymus trachycaulus","",""
"85","PI 236713","","Elymus trachycaulus (Link) Gould","Canada","W6",1957,"","Elymus trachycaulus  ","Elymus","Elymus trachycaulus","",""
"86","PI 236714","","Elymus trachycaulus (Link) Gould","Canada","W6",1957,"","Elymus trachycaulus  ","Elymus","Elymus trachycaulus","",""
"87","PI 236715","","Elymus trachycaulus (Link) Gould","Canada","W6",1957,"","Elymus trachycaulus  ","Elymus","Elymus trachycaulus","",""
"88","PI 236716","","Elymus trachycaulus (Link) Gould","Canada","W6",1957,"","Elymus trachycaulus  ","Elymus","Elymus trachycaulus","",""
"89","PI 236717","","Elymus trachycaulus (Link) Gould","Canada","W6",1957,"","Elymus trachycaulus  ","Elymus","Elymus trachycaulus","",""
"90","PI 236718","","Elymus trachycaulus (Link) Gould","Canada","W6",1957,"","Elymus trachycaulus  ","Elymus","Elymus trachycaulus","",""
"91","PI 236719","","Elymus trachycaulus (Link) Gould","Canada","W6",1957,"","Elymus trachycaulus  ","Elymus","Elymus trachycaulus","",""
"92","PI 236720","","Elymus trachycaulus (Link) Gould","Canada","W6",1957,"","Elymus trachycaulus  ","Elymus","Elymus trachycaulus","",""
"93","PI 236722","","Elymus trachycaulus (Link) Gould","Canada","W6",1957,"","Elymus trachycaulus  ","Elymus","Elymus trachycaulus","",""
"94","PI 236724","","Elymus trachycaulus (Link) Gould","Canada","W6",1957,"","Elymus trachycaulus  ","Elymus","Elymus trachycaulus","",""
"95","PI 236725","","Elymus trachycaulus (Link) Gould","Canada","W6",1957,"","Elymus trachycaulus  ","Elymus","Elymus trachycaulus","",""
"96","PI 236726","","Elymus trachycaulus (Link) Gould","Canada","W6",1957,"","Elymus trachycaulus  ","Elymus","Elymus trachycaulus","",""
"97","PI 236727","","Elymus trachycaulus (Link) Gould","Canada","W6",1957,"","Elymus trachycaulus  ","Elymus","Elymus trachycaulus","",""
"98","PI 236728","","Elymus trachycaulus (Link) Gould","Canada","W6",1957,"","Elymus trachycaulus  ","Elymus","Elymus trachycaulus","",""
"99","PI 236730","","Alopecurus aequalis Sobol.","Canada","W6",1957,"","Alopecurus aequalis  ","Alopecurus","Alopecurus aequalis","",""
"100","PI 236732","","Alopecurus aequalis Sobol.","Canada","W6",1957,"","Alopecurus aequalis  ","Alopecurus","Alopecurus aequalis","",""
"101","PI 236740","","Astragalus aboriginum Richardson","Alberta, Canada","W6",1957,"","Astragalus aboriginum  ","Astragalus","Astragalus aboriginum","",""
"102","PI 236744","","Astragalus canadensis L.","Alberta, Canada","W6",1957,"","Astragalus canadensis  ","Astragalus","Astragalus canadensis","",""
"103","PI 236746","","Astragalus crassicarpus Nutt.","Alberta, Canada","W6",1957,"","Astragalus crassicarpus  ","Astragalus","Astragalus crassicarpus","",""
"104","PI 236748","","Astragalus miser Douglas var. serotinus (A. Gray) Barneby","British Columbia, Canada","W6",1957,"","Astragalus miser Var. serotinus","Astragalus","Astragalus miser","Var.","serotinus"
"105","PI 236749","","Astragalus laxmannii Jacq. var. robustior (Hook.) Barneby & S. L. Welsh","Alberta, Canada","W6",1957,"","Astragalus laxmannii Var. robustior","Astragalus","Astragalus laxmannii","Var.","robustior"
"106","PI 236753","","Bromus anomalus Rupr. ex E. Fourn.","Canada","W6",1957,"","Bromus anomalus  ","Bromus","Bromus anomalus","",""
"107","PI 236754","","Bromus carinatus Hook. & Arn.","Canada","W6",1957,"","Bromus carinatus  ","Bromus","Bromus carinatus","",""
"108","PI 236755","","Bromus carinatus Hook. & Arn.","Canada","W6",1957,"","Bromus carinatus  ","Bromus","Bromus carinatus","",""
"109","PI 236758","","Bromus ciliatus L.","Canada","W6",1957,"","Bromus ciliatus  ","Bromus","Bromus ciliatus","",""
"110","PI 236763","","Bromus ciliatus L.","Canada","W6",1957,"","Bromus ciliatus  ","Bromus","Bromus ciliatus","",""
"111","PI 236764","","Bromus inermis Leyss. subsp. pumpellianus (Scribn.) Wagnon","Canada","W6",1957,"","Bromus inermis Subsp. pumpellianus","Bromus","Bromus inermis","Subsp.","pumpellianus"
"112","PI 236765","","Bromus carinatus Hook. & Arn. var. marginatus (Steud.) Barkworth & Anderton","Canada","W6",1957,"","Bromus carinatus Var. marginatus","Bromus","Bromus carinatus","Var.","marginatus"
"113","PI 236766","","Bromus carinatus Hook. & Arn. var. marginatus (Steud.) Barkworth & Anderton","Canada","W6",1957,"","Bromus carinatus Var. marginatus","Bromus","Bromus carinatus","Var.","marginatus"
"114","PI 236767","","Bromus carinatus Hook. & Arn. var. marginatus (Steud.) Barkworth & Anderton","Canada","W6",1957,"","Bromus carinatus Var. marginatus","Bromus","Bromus carinatus","Var.","marginatus"
"115","PI 236768","","Bromus carinatus Hook. & Arn. var. marginatus (Steud.) Barkworth & Anderton","Canada","W6",1957,"","Bromus carinatus Var. marginatus","Bromus","Bromus carinatus","Var.","marginatus"
"116","PI 236769","","Bromus carinatus Hook. & Arn. var. marginatus (Steud.) Barkworth & Anderton","Canada","W6",1957,"","Bromus carinatus Var. marginatus","Bromus","Bromus carinatus","Var.","marginatus"
"117","PI 236770","","Bromus carinatus Hook. & Arn. var. marginatus (Steud.) Barkworth & Anderton","Canada","W6",1957,"","Bromus carinatus Var. marginatus","Bromus","Bromus carinatus","Var.","marginatus"
"118","PI 236773","","Bromus carinatus Hook. & Arn. var. marginatus (Steud.) Barkworth & Anderton","Canada","W6",1957,"","Bromus carinatus Var. marginatus","Bromus","Bromus carinatus","Var.","marginatus"
"119","PI 236774","","Arrhenatherum elatius (L.) P. Beauv. ex J. Presl & C. Presl","Canada","W6",1957,"","Arrhenatherum elatius  ","Arrhenatherum","Arrhenatherum elatius","",""
"120","PI 236805","","Elymus canadensis L.","Canada","W6",1957,"","Elymus canadensis  ","Elymus","Elymus canadensis","",""
"121","PI 236806","","Elymus canadensis L.","Canada","W6",1957,"","Elymus canadensis  ","Elymus","Elymus canadensis","",""
"122","PI 236807","","Elymus canadensis L.","Canada","W6",1957,"","Elymus canadensis  ","Elymus","Elymus canadensis","",""
"123","PI 236808","","Elymus canadensis L.","Canada","W6",1957,"","Elymus canadensis  ","Elymus","Elymus canadensis","",""
"124","PI 236809","","Leymus cinereus (Scribn. & Merr.) Á. Löve","Canada","W6",1957,"","Leymus cinereus  ","Leymus","Leymus cinereus","",""
"125","PI 236810","","Elymus glaucus Buckley","Canada","W6",1957,"","Elymus glaucus  ","Elymus","Elymus glaucus","",""
"126","PI 236811","","Elymus glaucus Buckley","Canada","W6",1957,"","Elymus glaucus  ","Elymus","Elymus glaucus","",""
"127","PI 236812","","Elymus glaucus Buckley","Canada","W6",1957,"","Elymus glaucus  ","Elymus","Elymus glaucus","",""
"128","PI 236813","","Elymus glaucus Buckley","Canada","W6",1957,"","Elymus glaucus  ","Elymus","Elymus glaucus","",""
"129","PI 236814","","Elymus glaucus Buckley","Canada","W6",1957,"","Elymus glaucus  ","Elymus","Elymus glaucus","",""
"130","PI 236815","","Elymus glaucus Buckley","Canada","W6",1957,"","Elymus glaucus  ","Elymus","Elymus glaucus","",""
"131","PI 236816","","Elymus glaucus Buckley","Canada","W6",1957,"","Elymus glaucus  ","Elymus","Elymus glaucus","",""
"132","PI 236818","","Leymus innovatus (Beal) Pilg.","Canada","W6",1957,"","Leymus innovatus  ","Leymus","Leymus innovatus","",""
"133","PI 236821","","Festuca idahoensis Elmer","Canada","W6",1957,"","Festuca idahoensis  ","Festuca","Festuca idahoensis","",""
"134","PI 236822","","Festuca idahoensis Elmer","Canada","W6",1957,"","Festuca idahoensis  ","Festuca","Festuca idahoensis","",""
"135","PI 236823","","Festuca idahoensis Elmer","Canada","W6",1957,"","Festuca idahoensis  ","Festuca","Festuca idahoensis","",""
"136","PI 236824","","Festuca idahoensis Elmer","Canada","W6",1957,"","Festuca idahoensis  ","Festuca","Festuca idahoensis","",""
"137","PI 236825","","Festuca idahoensis Elmer","Canada","W6",1957,"","Festuca idahoensis  ","Festuca","Festuca idahoensis","",""
"138","PI 236826","","Festuca occidentalis Hook.","Canada","W6",1957,"","Festuca occidentalis  ","Festuca","Festuca occidentalis","",""
"139","PI 236827","","Festuca occidentalis Hook.","Canada","W6",1957,"","Festuca occidentalis  ","Festuca","Festuca occidentalis","",""
"140","PI 236828","","Festuca occidentalis Hook.","Canada","W6",1957,"","Festuca occidentalis  ","Festuca","Festuca occidentalis","",""
"141","PI 236829","","Festuca occidentalis Hook.","Canada","W6",1957,"","Festuca occidentalis  ","Festuca","Festuca occidentalis","",""
"142","PI 236830","","Festuca ovina L.","Canada","W6",1957,"","Festuca ovina  ","Festuca","Festuca ovina","",""
"143","PI 236831","","Festuca ovina L.","Canada","W6",1957,"","Festuca ovina  ","Festuca","Festuca ovina","",""
"144","PI 236832","","Festuca ovina L.","Canada","W6",1957,"","Festuca ovina  ","Festuca","Festuca ovina","",""
"145","PI 236833","","Festuca ovina L.","Canada","W6",1957,"","Festuca ovina  ","Festuca","Festuca ovina","",""
"146","PI 236834","","Festuca rubra L.","Canada","W6",1957,"","Festuca rubra  ","Festuca","Festuca rubra","",""
"147","PI 236835","","Festuca ovina L.","Canada","W6",1957,"","Festuca ovina  ","Festuca","Festuca ovina","",""
"148","PI 236836","","Festuca ovina L.","Canada","W6",1957,"","Festuca ovina  ","Festuca","Festuca ovina","",""
"149","PI 236837","","Festuca rubra L.","Canada","W6",1957,"","Festuca rubra  ","Festuca","Festuca rubra","",""
"150","PI 236838","","Festuca ovina L.","Canada","W6",1957,"","Festuca ovina  ","Festuca","Festuca ovina","",""
"151","PI 236839","","Festuca rubra L.","Canada","W6",1957,"","Festuca rubra  ","Festuca","Festuca rubra","",""
"152","PI 236840","","Festuca rubra L.","Canada","W6",1957,"","Festuca rubra  ","Festuca","Festuca rubra","",""
"153","PI 236841","","Festuca rubra L.","Canada","W6",1957,"","Festuca rubra  ","Festuca","Festuca rubra","",""
"154","PI 236842","","Festuca rubra L.","Canada","W6",1957,"","Festuca rubra  ","Festuca","Festuca rubra","",""
"155","PI 236843","","Festuca rubra L.","Canada","W6",1957,"","Festuca rubra  ","Festuca","Festuca rubra","",""
"156","PI 236844","","Festuca rubra L.","Canada","W6",1957,"","Festuca rubra  ","Festuca","Festuca rubra","",""
"157","PI 236845","","Festuca rubra L.","Canada","W6",1957,"","Festuca rubra  ","Festuca","Festuca rubra","",""
"158","PI 236847","","Festuca altaica Trin.","Canada","W6",1957,"","Festuca altaica  ","Festuca","Festuca altaica","",""
"159","PI 236849","","Festuca altaica Trin.","Canada","W6",1957,"","Festuca altaica  ","Festuca","Festuca altaica","",""
"160","PI 236851","","Festuca altaica Trin.","Canada","W6",1957,"","Festuca altaica  ","Festuca","Festuca altaica","",""
"161","PI 236853","F. virginiana subsp. glauca Alberta","Fragaria virginiana Mill. subsp. glauca (S. Watson) Staudt","Alberta, Canada","COR",1993,"","Fragaria virginiana Subsp. glauca","Fragaria","Fragaria virginiana","Subsp.","glauca"
"162","PI 236862","NO. 49","Acmispon denticulatus (Drew) D. D. Sokoloff","Canada","W6",1956,"","Acmispon denticulatus  ","Acmispon","Acmispon denticulatus","",""
"163","PI 236875","","Piptatheropsis canadensis (Poir.) Romasch. et al.","Canada","W6",1957,"","Piptatheropsis canadensis  ","Piptatheropsis","Piptatheropsis canadensis","",""
"164","PI 236877","","Achnatherum hymenoides (Roem. & Schult.) Barkworth","Canada","W6",1957,"","Achnatherum hymenoides  ","Achnatherum","Achnatherum hymenoides","",""
"165","PI 236878","","Achnatherum hymenoides (Roem. & Schult.) Barkworth","Canada","W6",1957,"","Achnatherum hymenoides  ","Achnatherum","Achnatherum hymenoides","",""
"166","PI 236879","","Achnatherum hymenoides (Roem. & Schult.) Barkworth","Canada","W6",1957,"","Achnatherum hymenoides  ","Achnatherum","Achnatherum hymenoides","",""
"167","PI 236885","","Oxytropis deflexa (Pall.) DC. var. sericea Torr. & A. Gray","Alberta, Canada","W6",1956,"","Oxytropis deflexa Var. sericea","Oxytropis","Oxytropis deflexa","Var.","sericea"
"168","PI 236886","","Astragalus canadensis L.","British Columbia, Canada","W6",1956,"","Astragalus canadensis  ","Astragalus","Astragalus canadensis","",""
"169","PI 236892","","Poa alpina L.","Canada","W6",1957,"","Poa alpina  ","Poa","Poa alpina","",""
"170","PI 236893","","Poa alpina L.","Canada","W6",1957,"","Poa alpina  ","Poa","Poa alpina","",""
"171","PI 236894","","Poa alpina L.","Canada","W6",1957,"","Poa alpina  ","Poa","Poa alpina","",""
"172","PI 236895","","Poa alpina L.","Canada","W6",1957,"","Poa alpina  ","Poa","Poa alpina","",""
"173","PI 236896","","Poa alpina L.","Canada","W6",1957,"","Poa alpina  ","Poa","Poa alpina","",""
"174","PI 236897","","Poa alpina L.","Canada","W6",1957,"","Poa alpina  ","Poa","Poa alpina","",""
"175","PI 236898","","Poa secunda J. Presl","Canada","W6",1957,"","Poa secunda  ","Poa","Poa secunda","",""
"176","PI 236899","","Poa secunda J. Presl","Canada","W6",1957,"","Poa secunda  ","Poa","Poa secunda","",""
"177","PI 236900","","Poa annua L.","Canada","W6",1957,"","Poa annua  ","Poa","Poa annua","",""
"178","PI 236901","","Poa arctica R. Br.","Canada","W6",1957,"","Poa arctica  ","Poa","Poa arctica","",""
"179","PI 236905","","Poa secunda J. Presl","Canada","W6",1957,"","Poa secunda  ","Poa","Poa secunda","",""
"180","PI 236906","","Poa compressa L.","Canada","W6",1957,"","Poa compressa  ","Poa","Poa compressa","",""
"181","PI 236907","","Poa compressa L.","Canada","W6",1957,"","Poa compressa  ","Poa","Poa compressa","",""
"182","PI 236908","","Poa glauca Vahl","Canada","W6",1957,"","Poa glauca  ","Poa","Poa glauca","",""
"183","PI 236909","","Poa interior Rydb.","Canada","W6",1957,"","Poa interior  ","Poa","Poa interior","",""
"184","PI 236910","","Poa interior Rydb.","Canada","W6",1957,"","Poa interior  ","Poa","Poa interior","",""
"185","PI 236911","","Poa interior Rydb.","Canada","W6",1957,"","Poa interior  ","Poa","Poa interior","",""
"186","PI 236912","","Poa palustris L.","Canada","W6",1957,"","Poa palustris  ","Poa","Poa palustris","",""
"187","PI 236913","","Poa palustris L.","Canada","W6",1957,"","Poa palustris  ","Poa","Poa palustris","",""
"188","PI 236914","","Poa palustris L.","Canada","W6",1957,"","Poa palustris  ","Poa","Poa palustris","",""
"189","PI 236915","","Poa pratensis L.","British Columbia, Canada","W6",1956,"","Poa pratensis  ","Poa","Poa pratensis","",""
"190","PI 236916","","Poa pratensis L.","British Columbia, Canada","W6",1956,"","Poa pratensis  ","Poa","Poa pratensis","",""
"191","PI 236917","","Poa pratensis L. subsp. pratensis","Canada","W6",1956,"","Poa pratensis Subsp. pratensis","Poa","Poa pratensis","Subsp.","pratensis"
"192","PI 236918","","Poa pratensis L.","British Columbia, Canada","W6",1957,"","Poa pratensis  ","Poa","Poa pratensis","",""
"193","PI 236919","","Poa pratensis L.","British Columbia, Canada","W6",1957,"","Poa pratensis  ","Poa","Poa pratensis","",""
"194","PI 236920","","Poa pratensis L.","British Columbia, Canada","W6",1957,"","Poa pratensis  ","Poa","Poa pratensis","",""
"195","PI 236921","","Poa pratensis L.","British Columbia, Canada","W6",1957,"","Poa pratensis  ","Poa","Poa pratensis","",""
"196","PI 236922","","Poa stenantha Trin.","Canada","W6",1957,"","Poa stenantha  ","Poa","Poa stenantha","",""
"197","PI 236924","","Poa glauca Vahl subsp. glauca","British Columbia, Canada","W6",1957,"","Poa glauca Subsp. glauca","Poa","Poa glauca","Subsp.","glauca"
"198","PI 236925","","Poa pratensis L.","Canada","W6",1957,"","Poa pratensis  ","Poa","Poa pratensis","",""
"199","PI 236950","R. strigosus British Columbia","Rubus idaeus L. subsp. strigosus (Michx.) Focke","British Columbia, Canada","COR",1990,"","Rubus idaeus Subsp. strigosus","Rubus","Rubus idaeus","Subsp.","strigosus"
"200","PI 236963","","Achnatherum nelsonii (Scribn.) Barkworth subsp. dorei (Barkworth & J. Maze) Barkworth","Canada","W6",1957,"","Achnatherum nelsonii Subsp. dorei","Achnatherum","Achnatherum nelsonii","Subsp.","dorei"
"201","PI 236965","","Achnatherum nelsonii (Scribn.) Barkworth subsp. dorei (Barkworth & J. Maze) Barkworth","Canada","W6",1957,"","Achnatherum nelsonii Subsp. dorei","Achnatherum","Achnatherum nelsonii","Subsp.","dorei"
"202","PI 236966","","Achnatherum nelsonii (Scribn.) Barkworth subsp. dorei (Barkworth & J. Maze) Barkworth","Canada","W6",1957,"","Achnatherum nelsonii Subsp. dorei","Achnatherum","Achnatherum nelsonii","Subsp.","dorei"
"203","PI 236967","","Achnatherum nelsonii (Scribn.) Barkworth subsp. dorei (Barkworth & J. Maze) Barkworth","Canada","W6",1957,"","Achnatherum nelsonii Subsp. dorei","Achnatherum","Achnatherum nelsonii","Subsp.","dorei"
"204","PI 236970","","Achnatherum richardsonii (Link) Barkworth","Canada","W6",1957,"","Achnatherum richardsonii  ","Achnatherum","Achnatherum richardsonii","",""
"205","PI 236973","","Achnatherum richardsonii (Link) Barkworth","Canada","W6",1957,"","Achnatherum richardsonii  ","Achnatherum","Achnatherum richardsonii","",""
"206","PI 236974","","Nassella viridula (Trin.) Barkworth","Canada","W6",1957,"","Nassella viridula  ","Nassella","Nassella viridula","",""
"207","PI 236975","","Nassella viridula (Trin.) Barkworth","Canada","W6",1957,"","Nassella viridula  ","Nassella","Nassella viridula","",""
"208","PI 275459","7669","Agropyron fragile (Roth) P. Candargy","Ontario, Canada","W6",1961,"","Agropyron fragile  ","Agropyron","Agropyron fragile","",""
"209","PI 340905","G-14565","Solanum pimpinellifolium L.","Canada","NE9",1969,"","Solanum pimpinellifolium  ","Solanum","Solanum pimpinellifolium","",""
"210","PI 344639","S 133","Festuca idahoensis Elmer","Canada","W6",1969,"","Festuca idahoensis  ","Festuca","Festuca idahoensis","",""
"211","PI 370093","HES","Solanum pimpinellifolium L.","Canada","NE9",1972,"","Solanum pimpinellifolium  ","Solanum","Solanum pimpinellifolium","",""
"212","PI 372500","","Elymus trachycaulus (Link) Gould subsp. trachycaulus","Northwest Territories, Canada","W6",1972,"","Elymus trachycaulus Subsp. trachycaulus","Elymus","Elymus trachycaulus","Subsp.","trachycaulus"
"213","PI 372510","","Astragalus bisulcatus (Hook.) A. Gray","Alberta, Canada","W6",1972,"","Astragalus bisulcatus  ","Astragalus","Astragalus bisulcatus","",""
"214","PI 372537","","Avenella flexuosa (L.) Parl.","Québec, Canada","W6",1972,"","Avenella flexuosa  ","Avenella","Avenella flexuosa","",""
"215","PI 372539","","Elymus canadensis L.","Ontario, Canada","W6",1972,"","Elymus canadensis  ","Elymus","Elymus canadensis","",""
"216","PI 372541","","Elymus sibiricus L.","British Columbia, Canada","W6",1972,"","Elymus sibiricus  ","Elymus","Elymus sibiricus","",""
"217","PI 372542","","Elymus virginicus L.","Ontario, Canada","W6",1972,"","Elymus virginicus  ","Elymus","Elymus virginicus","",""
"218","PI 372543","","Eragrostis pectinacea (Michx.) Nees ex Jedwabn.","Ontario, Canada","W6",1972,"","Eragrostis pectinacea  ","Eragrostis","Eragrostis pectinacea","",""
"219","PI 372546","","Elymus hystrix L.","Ontario, Canada","W6",1972,"","Elymus hystrix  ","Elymus","Elymus hystrix","",""
"220","PI 372552","","Lathyrus japonicus Willd. subsp. maritimus (L.) P. W. Ball","Nova Scotia, Canada","W6",1972,"","Lathyrus japonicus Subsp. maritimus","Lathyrus","Lathyrus japonicus","Subsp.","maritimus"
"221","PI 372556","","Oxytropis sericea Nutt. var. speciosa (Torr. & A. Gray) S. L. Welsh","Alberta, Canada","W6",1972,"","Oxytropis sericea Var. speciosa","Oxytropis","Oxytropis sericea","Var.","speciosa"
"222","PI 372557","","Oxytropis campestris (L.) DC. var. varians (Rydb.) Barneby","Northwest Territories, Canada","W6",1972,"","Oxytropis campestris Var. varians","Oxytropis","Oxytropis campestris","Var.","varians"
"223","PI 372558","","Phalaris arundinacea L.","Ontario, Canada","W6",1972,"","Phalaris arundinacea  ","Phalaris","Phalaris arundinacea","",""
"224","PI 372559","","Poa alpina L.","Alberta, Canada","W6",1972,"","Poa alpina  ","Poa","Poa alpina","",""
"225","PI 372561","","Poa nemoralis L.","Ontario, Canada","W6",1972,"","Poa nemoralis  ","Poa","Poa nemoralis","",""
"226","PI 372562","","Poa palustris L.","Northwest Territories, Canada","W6",1972,"","Poa palustris  ","Poa","Poa palustris","",""
"227","PI 387882","99","Pascopyrum smithii (Rydb.) Barkworth & D. R. Dewey","Canada","W6",1974,"","Pascopyrum smithii  ","Pascopyrum","Pascopyrum smithii","",""
"228","PI 387883","100","Elymus lanceolatus (Scribn. & J. G. Sm.) Gould","Canada","W6",1974,"","Elymus lanceolatus  ","Elymus","Elymus lanceolatus","",""
"229","PI 387885","103","Pascopyrum smithii (Rydb.) Barkworth & D. R. Dewey","Canada","W6",1974,"","Pascopyrum smithii  ","Pascopyrum","Pascopyrum smithii","",""
"230","PI 387886","108","Elymus lanceolatus (Scribn. & J. G. Sm.) Gould","Canada","W6",1974,"","Elymus lanceolatus  ","Elymus","Elymus lanceolatus","",""
"231","PI 387888","72","Elymus trachycaulus (Link) Gould","Canada","W6",1974,"","Elymus trachycaulus  ","Elymus","Elymus trachycaulus","",""
"232","PI 387892","80","Elymus trachycaulus (Link) Gould","Canada","W6",1974,"","Elymus trachycaulus  ","Elymus","Elymus trachycaulus","",""
"233","PI 387894","91","Elymus trachycaulus (Link) Gould","Canada","W6",1974,"","Elymus trachycaulus  ","Elymus","Elymus trachycaulus","",""
"234","PI 387895","92","Elymus trachycaulus (Link) Gould","Canada","W6",1974,"","Elymus trachycaulus  ","Elymus","Elymus trachycaulus","",""
"235","PI 387896","115","Elymus lanceolatus (Scribn. & J. G. Sm.) Gould subsp. psammophilus (J. M. Gillett & H. Senn) Á. Löve","Canada","W6",1974,"","Elymus lanceolatus Subsp. psammophilus","Elymus","Elymus lanceolatus","Subsp.","psammophilus"
"236","PI 387897","292","Agrostis gigantea Roth","British Columbia, Canada","W6",1974,"","Agrostis gigantea  ","Agrostis","Agrostis gigantea","",""
"237","PI 387898","294","Agrostis gigantea Roth","British Columbia, Canada","W6",1974,"","Agrostis gigantea  ","Agrostis","Agrostis gigantea","",""
"238","PI 387899","297","Agrostis gigantea Roth","British Columbia, Canada","W6",1974,"","Agrostis gigantea  ","Agrostis","Agrostis gigantea","",""
"239","PI 387900","298","Agrostis gigantea Roth","Yukon, Canada","W6",1974,"","Agrostis gigantea  ","Agrostis","Agrostis gigantea","",""
"240","PI 387901","300","Agrostis gigantea Roth","Yukon, Canada","W6",1974,"","Agrostis gigantea  ","Agrostis","Agrostis gigantea","",""
"241","PI 387902","302","Agrostis gigantea Roth","British Columbia, Canada","W6",1974,"","Agrostis gigantea  ","Agrostis","Agrostis gigantea","",""
"242","PI 387903","304","Agrostis gigantea Roth","Northwest Territories, Canada","W6",1974,"","Agrostis gigantea  ","Agrostis","Agrostis gigantea","",""
"243","PI 387904","305","Agrostis gigantea Roth","Northwest Territories, Canada","W6",1974,"","Agrostis gigantea  ","Agrostis","Agrostis gigantea","",""
"244","PI 387905","307","Agrostis gigantea Roth","Northwest Territories, Canada","W6",1974,"","Agrostis gigantea  ","Agrostis","Agrostis gigantea","",""
"245","PI 387909","34","Bromus inermis Leyss. subsp. inermis","Alberta, Canada","W6",1974,"","Bromus inermis Subsp. inermis","Bromus","Bromus inermis","Subsp.","inermis"
"246","PI 387910","35","Bromus inermis Leyss. subsp. inermis","Canada","W6",1974,"","Bromus inermis Subsp. inermis","Bromus","Bromus inermis","Subsp.","inermis"
"247","PI 387911","55","Bromus inermis Leyss. subsp. pumpellianus (Scribn.) Wagnon","British Columbia, Canada","W6",1974,"","Bromus inermis Subsp. pumpellianus","Bromus","Bromus inermis","Subsp.","pumpellianus"
"248","PI 387916","330","Deschampsia cespitosa (L.) P. Beauv.","Canada","W6",1974,"","Deschampsia cespitosa  ","Deschampsia","Deschampsia cespitosa","",""
"249","PI 387917","188","Elymus glaucus Buckley","British Columbia, Canada","W6",1974,"","Elymus glaucus  ","Elymus","Elymus glaucus","",""
"250","PI 387919","195","Festuca rubra L.","British Columbia, Canada","W6",1974,"","Festuca rubra  ","Festuca","Festuca rubra","",""
"251","PI 387920","196","Elymus glaucus Buckley","British Columbia, Canada","W6",1974,"","Elymus glaucus  ","Elymus","Elymus glaucus","",""
"252","PI 387925","325","Festuca rubra L.","Alberta, Canada","W6",1974,"","Festuca rubra  ","Festuca","Festuca rubra","",""
"253","PI 387927","216","Koeleria macrantha (Ledeb.) Schult.","Canada","W6",1974,"","Koeleria macrantha  ","Koeleria","Koeleria macrantha","",""
"254","PI 387928","360","Phalaris arundinacea L.","Canada","W6",1974,"","Phalaris arundinacea  ","Phalaris","Phalaris arundinacea","",""
"255","PI 387929","367","Phalaris arundinacea L.","British Columbia, Canada","W6",1974,"","Phalaris arundinacea  ","Phalaris","Phalaris arundinacea","",""
"256","PI 387930","275","Poa alpina L.","Canada","W6",1974,"","Poa alpina  ","Poa","Poa alpina","",""
"257","PI 387932","258","Poa compressa L.","British Columbia, Canada","W6",1974,"","Poa compressa  ","Poa","Poa compressa","",""
"258","PI 387933","241","Poa palustris L.","British Columbia, Canada","W6",1974,"","Poa palustris  ","Poa","Poa palustris","",""
"259","PI 387934","247","Poa palustris L.","Canada","W6",1974,"","Poa palustris  ","Poa","Poa palustris","",""
"260","PI 387935","226","Poa pratensis L.","Alberta, Canada","W6",1974,"","Poa pratensis  ","Poa","Poa pratensis","",""
"261","PI 387938","148","Nassella viridula (Trin.) Barkworth","Alberta, Canada","W6",1974,"","Nassella viridula  ","Nassella","Nassella viridula","",""
"262","PI 445974","2D264","Secale strictum (C. Presl) C. Presl subsp. anatolicum (Boiss.) K. Hammer","Manitoba, Canada","NSGC",1979,"","Secale strictum Subsp. anatolicum","Secale","Secale strictum","Subsp.","anatolicum"
"263","PI 452446","MDR 0780","Elymus trachycaulus (Link) Gould","Canada","W6",1980,"59.50000000, -111.83333333","Elymus trachycaulus  ","Elymus","Elymus trachycaulus","",""
"264","PI 452447","MDR 0780","Elymus trachycaulus (Link) Gould","Canada","W6",1980,"59.50000000, -117.00000000","Elymus trachycaulus  ","Elymus","Elymus trachycaulus","",""
"265","PI 452449","MDR 0780","Elymus trachycaulus (Link) Gould","Canada","W6",1980,"56.83333333, -117.50000000","Elymus trachycaulus  ","Elymus","Elymus trachycaulus","",""
"266","PI 452451","CN 37512","Astragalus cicer L.","British Columbia, Canada","W6",1980,"56.00000000, -121.00000000","Astragalus cicer  ","Astragalus","Astragalus cicer","",""
"267","PI 452454","MDR 0780","Elymus canadensis L.","Canada","W6",1980,"54.50000000, -117.50000000","Elymus canadensis  ","Elymus","Elymus canadensis","",""
"268","PI 452459","CPI 134922","Medicago lupulina L.","Canada","W6",1980,"51.00000000, -121.00000000","Medicago lupulina  ","Medicago","Medicago lupulina","",""
"269","PI 452466","CN 37525","Medicago sativa L. subsp. sativa","Canada","W6",1980,"55.50000000, -122.50000000","Medicago sativa Subsp. sativa","Medicago","Medicago sativa","Subsp.","sativa"
"270","PI 452467","CN 37526","Medicago sativa L. subsp. sativa","Canada","W6",1980,"55.00000000, -119.00000000","Medicago sativa Subsp. sativa","Medicago","Medicago sativa","Subsp.","sativa"
"271","PI 452468","CN 37527","Medicago sativa L. subsp. sativa","Canada","W6",1980,"61.35000000, -117.66666667","Medicago sativa Subsp. sativa","Medicago","Medicago sativa","Subsp.","sativa"
"272","PI 452469","CN 37528","Medicago sativa L. subsp. sativa","Canada","W6",1980,"61.16666667, -113.66666667","Medicago sativa Subsp. sativa","Medicago","Medicago sativa","Subsp.","sativa"
"273","PI 452470","CN 37529","Medicago sativa L. subsp. sativa","Canada","W6",1980,"60.00000000, -111.88333333","Medicago sativa Subsp. sativa","Medicago","Medicago sativa","Subsp.","sativa"
"274","PI 452471","R-24","Medicago sativa L. subsp. sativa","Canada","W6",1980,"59.50000000, -111.83333333","Medicago sativa Subsp. sativa","Medicago","Medicago sativa","Subsp.","sativa"
"275","PI 452473","CN 37531","Medicago sativa L. subsp. sativa","Canada","W6",1980,"54.50000000, -117.50000000","Medicago sativa Subsp. sativa","Medicago","Medicago sativa","Subsp.","sativa"
"276","PI 452484","R-15","Melilotus officinalis (L.) Lam.","Canada","NC7",1980,"55.00000000, -121.00000000","Melilotus officinalis  ","Melilotus","Melilotus officinalis","",""
"277","PI 452485","R-11","Trifolium arvense L.","Canada","S9",1980,"52.50000000, -122.00000000","Trifolium arvense  ","Trifolium","Trifolium arvense","",""
"278","PI 495165","18","Medicago arabica (L.) Huds.","Canada","W6",1985,"","Medicago arabica  ","Medicago","Medicago arabica","",""
"279","PI 495228","129b","Medicago constricta Durieu","Canada","W6",1985,"","Medicago constricta  ","Medicago","Medicago constricta","",""
"280","PI 495254","1854","Medicago constricta Durieu","Canada","W6",1985,"","Medicago constricta  ","Medicago","Medicago constricta","",""
"281","PI 495336","351","Medicago murex Willd.","Canada","W6",1985,"","Medicago murex  ","Medicago","Medicago murex","",""
"282","PI 495337","352","Medicago murex Willd.","Canada","W6",1985,"","Medicago murex  ","Medicago","Medicago murex","",""
"283","PI 495338","353","Medicago lesinsii E. Small","Canada","W6",1985,"","Medicago lesinsii  ","Medicago","Medicago lesinsii","",""
"284","PI 495339","353a","Medicago lesinsii E. Small","Canada","W6",1985,"","Medicago lesinsii  ","Medicago","Medicago lesinsii","",""
"285","PI 495340","353b","Medicago lesinsii E. Small","Canada","W6",1985,"","Medicago lesinsii  ","Medicago","Medicago lesinsii","",""
"286","PI 495385","1956","Medicago murex Willd.","Manitoba, Canada","W6",1985,"49.83333333, -99.95000000","Medicago murex  ","Medicago","Medicago murex","",""
"287","PI 495387","2042","Medicago murex Willd.","Canada","W6",1985,"","Medicago murex  ","Medicago","Medicago murex","",""
"288","PI 495416","408","Medicago praecox DC.","Canada","W6",1985,"","Medicago praecox  ","Medicago","Medicago praecox","",""
"289","PI 495417","461","Medicago praecox DC.","Canada","W6",1985,"","Medicago praecox  ","Medicago","Medicago praecox","",""
"290","PI 495435","479","Medicago rigidula (L.) All.","Canada","W6",1985,"","Medicago rigidula  ","Medicago","Medicago rigidula","",""
"291","PI 495436","480","Medicago rigidula (L.) All.","Canada","W6",1985,"","Medicago rigidula  ","Medicago","Medicago rigidula","",""
"292","PI 495437","481","Medicago rigidula (L.) All.","Canada","W6",1985,"","Medicago rigidula  ","Medicago","Medicago rigidula","",""
"293","PI 495438","482","Medicago rigidula (L.) All.","Canada","W6",1985,"","Medicago rigidula  ","Medicago","Medicago rigidula","",""
"294","PI 495440","484","Medicago rigidula (L.) All.","Canada","W6",1985,"","Medicago rigidula  ","Medicago","Medicago rigidula","",""
"295","PI 495441","485","Medicago rigidula (L.) All.","Canada","W6",1985,"","Medicago rigidula  ","Medicago","Medicago rigidula","",""
"296","PI 495442","486","Medicago rigiduloides E. Small","Canada","W6",1985,"","Medicago rigiduloides  ","Medicago","Medicago rigiduloides","",""
"297","PI 495444","489","Medicago rigiduloides E. Small","Canada","W6",1985,"","Medicago rigiduloides  ","Medicago","Medicago rigiduloides","",""
"298","PI 495445","489b","Medicago rigiduloides E. Small","Canada","W6",1985,"","Medicago rigiduloides  ","Medicago","Medicago rigiduloides","",""
"299","PI 495446","491","Medicago rigiduloides E. Small","Canada","W6",1985,"","Medicago rigiduloides  ","Medicago","Medicago rigiduloides","",""
"300","PI 495447","492","Medicago rigidula (L.) All.","Canada","W6",1985,"","Medicago rigidula  ","Medicago","Medicago rigidula","",""
"301","PI 495448","492b","Medicago rigidula (L.) All.","Canada","W6",1985,"","Medicago rigidula  ","Medicago","Medicago rigidula","",""
"302","PI 495546","1805","Medicago rigidula (L.) All.","Canada","W6",1985,"","Medicago rigidula  ","Medicago","Medicago rigidula","",""
"303","PI 495549","1929","Medicago rigiduloides E. Small","Manitoba, Canada","W6",1985,"49.83333333, -99.95000000","Medicago rigiduloides  ","Medicago","Medicago rigiduloides","",""
"304","PI 495550","1930","Medicago rigidula (L.) All.","Manitoba, Canada","W6",1985,"49.83333333, -99.95000000","Medicago rigidula  ","Medicago","Medicago rigidula","",""
"305","PI 495551","1931","Medicago rigidula (L.) All.","Manitoba, Canada","W6",1985,"49.83333333, -99.95000000","Medicago rigidula  ","Medicago","Medicago rigidula","",""
"306","PI 495552","1932","Medicago rigidula (L.) All.","Manitoba, Canada","W6",1985,"49.83333333, -99.95000000","Medicago rigidula  ","Medicago","Medicago rigidula","",""
"307","PI 495553","1933","Medicago rigiduloides E. Small","Manitoba, Canada","W6",1985,"49.83333333, -99.95000000","Medicago rigiduloides  ","Medicago","Medicago rigiduloides","",""
"308","PI 495554","1934","Medicago rigidula (L.) All.","Manitoba, Canada","W6",1985,"49.83333333, -99.95000000","Medicago rigidula  ","Medicago","Medicago rigidula","",""
"309","PI 495555","1935","Medicago rigidula (L.) All.","Manitoba, Canada","W6",1985,"49.83333333, -99.95000000","Medicago rigidula  ","Medicago","Medicago rigidula","",""
"310","PI 495556","1936","Medicago rigidula (L.) All.","Manitoba, Canada","W6",1985,"49.83333333, -99.95000000","Medicago rigidula  ","Medicago","Medicago rigidula","",""
"311","PI 495557","1937","Medicago rigiduloides E. Small","Manitoba, Canada","W6",1985,"49.83333333, -99.95000000","Medicago rigiduloides  ","Medicago","Medicago rigiduloides","",""
"312","PI 495558","1939","Medicago rigidula (L.) All.","Manitoba, Canada","W6",1985,"49.83333333, -99.95000000","Medicago rigidula  ","Medicago","Medicago rigidula","",""
"313","PI 495559","1940","Medicago rigiduloides E. Small","Manitoba, Canada","W6",1985,"49.83333333, -99.95000000","Medicago rigiduloides  ","Medicago","Medicago rigiduloides","",""
"314","PI 495576","CPI 134991","Medicago rotata Boiss.","Canada","W6",1985,"","Medicago rotata  ","Medicago","Medicago rotata","",""
"315","PI 498843","248","Medicago laciniata (L.) Mill.","Canada","W6",1985,"","Medicago laciniata  ","Medicago","Medicago laciniata","",""
"316","PI 498931","324","Medicago minima (L.) Bartal.","Canada","W6",1985,"","Medicago minima  ","Medicago","Medicago minima","",""
"317","PI 499153","CPI 135008","Medicago sauvagei Nègre","Canada","W6",1985,"","Medicago sauvagei  ","Medicago","Medicago sauvagei","",""
"318","PI 531567","211","Elymus canadensis L.","Alberta, Canada","W6",1988,"","Elymus canadensis  ","Elymus","Elymus canadensis","",""
"319","PI 531617","","Elymus interruptus Buckley","Manitoba, Canada","W6",1988,"","Elymus interruptus  ","Elymus","Elymus interruptus","",""
"320","PI 531633","D-1247","Elymus macrourus (Turcz. ex Steud.) Tzvelev","Canada","W6",1988,"","Elymus macrourus  ","Elymus","Elymus macrourus","",""
"321","PI 531708","PGR-2425","Elymus wiegandii Fernald","Ontario, Canada","W6",1988,"","Elymus wiegandii  ","Elymus","Elymus wiegandii","",""
"322","PI 531723","6.00E-05","Thinopyrum intermedium (Host) Barkworth & D. R. Dewey","Canada","W6",1988,"","Thinopyrum intermedium  ","Thinopyrum","Thinopyrum intermedium","",""
"323","PI 531805","D-1248","Leymus innovatus (Beal) Pilg.","Canada","W6",1988,"","Leymus innovatus  ","Leymus","Leymus innovatus","",""
"324","PI 545681","Index Seminum 2","Rhus copallinum L.","Ontario, Canada","NC7",1984,"42.70000000, -80.56666667","Rhus copallinum  ","Rhus","Rhus copallinum","",""
"325","PI 545682","Index Seminum 61","Aronia melanocarpa (Michx.) Elliott","Ontario, Canada","NC7",1984,"42.61666667, -82.48333333","Aronia melanocarpa  ","Aronia","Aronia melanocarpa","",""
"326","PI 545686","Ames 3198","Aronia melanocarpa (Michx.) Elliott","Ontario, Canada","NC7",1984,"42.37652300, -82.40340800","Aronia melanocarpa  ","Aronia","Aronia melanocarpa","",""
"327","PI 547377","D-3632","Elymus lanceolatus (Scribn. & J. G. Sm.) Gould","Alberta, Canada","W6",1991,"","Elymus lanceolatus  ","Elymus","Elymus lanceolatus","",""
"328","PI 551639","F. virginiana subsp. glauca Cyprus Hills Alberta","Fragaria virginiana Mill. subsp. glauca (S. Watson) Staudt","Alberta, Canada","COR",1984,"49.66556000, -110.26139000","Fragaria virginiana Subsp. glauca","Fragaria","Fragaria virginiana","Subsp.","glauca"
"329","PI 551640","F. virginiana subsp. glauca A11","Fragaria virginiana Mill. subsp. glauca (S. Watson) Staudt","British Columbia, Canada","COR",1984,"49.63317000, -114.92340000","Fragaria virginiana Subsp. glauca","Fragaria","Fragaria virginiana","Subsp.","glauca"
"330","PI 551641","F. virginiana subsp. glauca A6","Fragaria virginiana Mill. subsp. glauca (S. Watson) Staudt","Alberta, Canada","COR",1984,"49.62620000, -114.66905000","Fragaria virginiana Subsp. glauca","Fragaria","Fragaria virginiana","Subsp.","glauca"
"331","PI 553795","R. nutkanus A7","Rubus nutkanus Moc. ex Ser.","British Columbia, Canada","COR",1984,"49.62620000, -114.66905000","Rubus nutkanus  ","Rubus","Rubus nutkanus","",""
"332","PI 555017","V. macrocarpon Maine 70-28","Vaccinium macrocarpon Aiton","Nova Scotia, Canada","COR",1990,"","Vaccinium macrocarpon  ","Vaccinium","Vaccinium macrocarpon","",""
"333","PI 555310","V. membranaceum Alberta","Vaccinium membranaceum Douglas ex Torr.","Alberta, Canada","COR",1984,"51.72047000, -116.49349000","Vaccinium membranaceum  ","Vaccinium","Vaccinium membranaceum","",""
"334","PI 555795","R. cereum 89012","Ribes cereum Douglas","British Columbia, Canada","COR",1989,"49.60000000, -119.68333333","Ribes cereum  ","Ribes","Ribes cereum","",""
"335","PI 556263","'Jahns Prairie'","Ribes oxyacanthoides L.","Alberta, Canada","COR",1984,"51.64972222, -112.90388889","Ribes oxyacanthoides  ","Ribes","Ribes oxyacanthoides","",""
"336","PI 557601","M. canadensis 10257","Mentha canadensis L.","Ontario, Canada","COR",1983,"","Mentha canadensis  ","Mentha","Mentha canadensis","",""
"337","PI 557615","M. canadensis Type 3","Mentha canadensis L.","Québec, Canada","COR",1989,"50.00000000, -70.00000000","Mentha canadensis  ","Mentha","Mentha canadensis","",""
"338","PI 557616","M. canadensis Type 1","Mentha canadensis L.","Québec, Canada","COR",1989,"50.00000000, -70.00000000","Mentha canadensis  ","Mentha","Mentha canadensis","",""
"339","PI 557625","M. canadensis P-94","Mentha canadensis L.","Québec, Canada","COR",1990,"47.00000000, -71.00000000","Mentha canadensis  ","Mentha","Mentha canadensis","",""
"340","PI 557629","M. canadensis III-1g","Mentha canadensis L.","Ontario, Canada","COR",1991,"","Mentha canadensis  ","Mentha","Mentha canadensis","",""
"341","PI 559423","WLP 677","Amelanchier alnifolia (Nutt.) Nutt. ex M. Roem.","Saskatchewan, Canada",NA,1989,"52.16667000, -106.63333000","Amelanchier alnifolia  ","Amelanchier","Amelanchier alnifolia","",""
"342","PI 559430","WLP 688","Amelanchier cusickii Fernald","British Columbia, Canada",NA,1989,"49.31667000, -119.46667000","Amelanchier cusickii  ","Amelanchier","Amelanchier cusickii","",""
"343","PI 561060","Ames 7765","Agastache foeniculum (Pursh) Kuntze","Manitoba, Canada","NC7",1987,"49.17948600, -98.18890100","Agastache foeniculum  ","Agastache","Agastache foeniculum","",""
"344","PI 561062","Ames 7988","Agastache foeniculum (Pursh) Kuntze","Manitoba, Canada","NC7",1987,"49.70550000, -99.15080000","Agastache foeniculum  ","Agastache","Agastache foeniculum","",""
"345","PI 561063","Ames 8001","Agastache foeniculum (Pursh) Kuntze","Manitoba, Canada","NC7",1988,"49.71110200, -95.15650700","Agastache foeniculum  ","Agastache","Agastache foeniculum","",""
"346","PI 564830","No. 167","Diervilla lonicera Mill.","Québec, Canada","NC7",1990,"","Diervilla lonicera  ","Diervilla","Diervilla lonicera","",""
"347","PI 577329","2702","Medicago littoralis Rohde ex Loisel.","Alberta, Canada","W6",1990,"","Medicago littoralis  ","Medicago","Medicago littoralis","",""
"348","PI 577333","1799","Medicago lupulina L.","Ontario, Canada","W6",1990,"","Medicago lupulina  ","Medicago","Medicago lupulina","",""
"349","PI 577341","132","Medicago minima (L.) Bartal.","Alberta, Canada","W6",1990,"","Medicago minima  ","Medicago","Medicago minima","",""
"350","PI 577365","2412","Medicago orbicularis (L.) Bartal.","Alberta, Canada","W6",1990,"","Medicago orbicularis  ","Medicago","Medicago orbicularis","",""
"351","PI 577450","2286","Medicago prostrata Jacq.","Alberta, Canada","W6",1990,"","Medicago prostrata  ","Medicago","Medicago prostrata","",""
"352","PI 578120","Ames 13144","Spiraea tomentosa L.","Québec, Canada","NC7",1990,"","Spiraea tomentosa  ","Spiraea","Spiraea tomentosa","",""
"353","PI 592304","ANN-2294","Helianthus annuus L.","Alberta, Canada","NC7",1994,"51.64916667, -112.69527778","Helianthus annuus  ","Helianthus","Helianthus annuus","",""
"354","PI 592305","ANN-2295","Helianthus annuus L.","Alberta, Canada","NC7",1994,"51.64861111, -113.07583333","Helianthus annuus  ","Helianthus","Helianthus annuus","",""
"355","PI 592306","ANN-2296","Helianthus annuus L.","Alberta, Canada","NC7",1994,"49.95222222, -112.78027778","Helianthus annuus  ","Helianthus","Helianthus annuus","",""
"356","PI 592307","ANN-2297","Helianthus annuus L.","Alberta, Canada","NC7",1994,"49.65888889, -112.79305556","Helianthus annuus  ","Helianthus","Helianthus annuus","",""
"357","PI 592308","ANN-2298","Helianthus annuus L.","Alberta, Canada","NC7",1994,"49.46500000, -112.59555556","Helianthus annuus  ","Helianthus","Helianthus annuus","",""
"358","PI 592309","ANN-2299","Helianthus annuus L.","Alberta, Canada","NC7",1994,"49.95194444, -110.24750000","Helianthus annuus  ","Helianthus","Helianthus annuus","",""
"359","PI 592310","ANN-2302","Helianthus annuus L.","Saskatchewan, Canada","NC7",1994,"50.61305556, -108.45166667","Helianthus annuus  ","Helianthus","Helianthus annuus","",""
"360","PI 592311","ANN-2303","Helianthus annuus L.","Saskatchewan, Canada","NC7",1994,"50.39361111, -108.48027778","Helianthus annuus  ","Helianthus","Helianthus annuus","",""
"361","PI 592313","ANN-2305","Helianthus annuus L.","Saskatchewan, Canada","NC7",1994,"50.33944444, -107.47083333","Helianthus annuus  ","Helianthus","Helianthus annuus","",""
"362","PI 592314","ANN-2307","Helianthus annuus L.","Saskatchewan, Canada","NC7",1994,"50.74750000, -108.03611111","Helianthus annuus  ","Helianthus","Helianthus annuus","",""
"363","PI 592315","ANN-2308","Helianthus annuus L.","Saskatchewan, Canada","NC7",1994,"50.86277778, -107.57805556","Helianthus annuus  ","Helianthus","Helianthus annuus","",""
"364","PI 592316","ANN-2309","Helianthus annuus L.","Saskatchewan, Canada","NC7",1994,"50.66000000, -105.66472222","Helianthus annuus  ","Helianthus","Helianthus annuus","",""
"365","PI 592317","ANN-2310","Helianthus annuus L.","Saskatchewan, Canada","NC7",1994,"50.35500000, -105.53361111","Helianthus annuus  ","Helianthus","Helianthus annuus","",""
"366","PI 592318","ANN-2311","Helianthus annuus L.","Saskatchewan, Canada","NC7",1994,"50.16305556, -105.44138889","Helianthus annuus  ","Helianthus","Helianthus annuus","",""
"367","PI 592319","ANN-2312","Helianthus annuus L.","Saskatchewan, Canada","NC7",1994,"50.16805556, -105.11722222","Helianthus annuus  ","Helianthus","Helianthus annuus","",""
"368","PI 592320","ANN-2313","Helianthus annuus L.","Saskatchewan, Canada","NC7",1994,"50.04750000, -104.70722222","Helianthus annuus  ","Helianthus","Helianthus annuus","",""
"369","PI 592321","ANN-2315","Helianthus annuus L.","Saskatchewan, Canada","NC7",1994,"49.40638889, -104.29111111","Helianthus annuus  ","Helianthus","Helianthus annuus","",""
"370","PI 592322","ANN-2316","Helianthus annuus L.","Saskatchewan, Canada","NC7",1994,"49.14583333, -104.21083333","Helianthus annuus  ","Helianthus","Helianthus annuus","",""
"371","PI 592323","ANN-2317","Helianthus annuus L.","Saskatchewan, Canada","NC7",1994,"49.23166667, -103.26194444","Helianthus annuus  ","Helianthus","Helianthus annuus","",""
"372","PI 592324","ANN-2318","Helianthus annuus L.","Saskatchewan, Canada","NC7",1994,"49.23194444, -102.99916667","Helianthus annuus  ","Helianthus","Helianthus annuus","",""
"373","PI 592325","ANN-2321","Helianthus annuus L.","Saskatchewan, Canada","NC7",1994,"49.22638889, -101.64055556","Helianthus annuus  ","Helianthus","Helianthus annuus","",""
"374","PI 592326","ANN-2327","Helianthus annuus L.","Manitoba, Canada","NC7",1994,"49.17777778, -100.30222222","Helianthus annuus  ","Helianthus","Helianthus annuus","",""
"375","PI 592327","ANN-2330","Helianthus annuus L.","Manitoba, Canada","NC7",1994,"49.10277778, -100.74666667","Helianthus annuus  ","Helianthus","Helianthus annuus","",""
"376","PI 592328","MAX-2277","Helianthus maximiliani Schrad.","Manitoba, Canada","NC7",1994,"49.05000000, -99.33333333","Helianthus maximiliani  ","Helianthus","Helianthus maximiliani","",""
"377","PI 592329","MAX-2279","Helianthus maximiliani Schrad.","Manitoba, Canada","NC7",1994,"49.19222222, -98.16333333","Helianthus maximiliani  ","Helianthus","Helianthus maximiliani","",""
"378","PI 592330","MAX-2280","Helianthus maximiliani Schrad.","Manitoba, Canada","NC7",1994,"49.36972222, -98.00333333","Helianthus maximiliani  ","Helianthus","Helianthus maximiliani","",""
"379","PI 592331","MAX-2284","Helianthus maximiliani Schrad.","Manitoba, Canada","NC7",1994,"50.24861111, -99.47666667","Helianthus maximiliani  ","Helianthus","Helianthus maximiliani","",""
"380","PI 592332","MAX-2323","Helianthus maximiliani Schrad.","Manitoba, Canada","NC7",1994,"49.98138889, -100.59944444","Helianthus maximiliani  ","Helianthus","Helianthus maximiliani","",""
"381","PI 592333","MAX-2325","Helianthus maximiliani Schrad.","Manitoba, Canada","NC7",1994,"49.70916667, -99.96222222","Helianthus maximiliani  ","Helianthus","Helianthus maximiliani","",""
"382","PI 592334","MAX-2326","Helianthus maximiliani Schrad.","Manitoba, Canada","NC7",1994,"49.37388889, -100.01416667","Helianthus maximiliani  ","Helianthus","Helianthus maximiliani","",""
"383","PI 592335","MAX-2332","Helianthus maximiliani Schrad.","Manitoba, Canada","NC7",1994,"49.48611111, -100.53277778","Helianthus maximiliani  ","Helianthus","Helianthus maximiliani","",""
"384","PI 592336","MAX-2333","Helianthus maximiliani Schrad.","Manitoba, Canada","NC7",1994,"49.73888889, -100.22805556","Helianthus maximiliani  ","Helianthus","Helianthus maximiliani","",""
"385","PI 592337","MAX-2335","Helianthus maximiliani Schrad.","Manitoba, Canada","NC7",1994,"49.65777778, -99.75750000","Helianthus maximiliani  ","Helianthus","Helianthus maximiliani","",""
"386","PI 592338","MAX-2337","Helianthus maximiliani Schrad.","Manitoba, Canada","NC7",1994,"49.08888889, -99.28944444","Helianthus maximiliani  ","Helianthus","Helianthus maximiliani","",""
"387","PI 592339","MAX-2339","Helianthus maximiliani Schrad.","Manitoba, Canada","NC7",1994,"49.73833333, -97.83666667","Helianthus maximiliani  ","Helianthus","Helianthus maximiliani","",""
"388","PI 592340","MAX-2281","Helianthus nuttallii Torr. & A. Gray","Manitoba, Canada","NC7",1994,"49.37027778, -98.29027778","Helianthus nuttallii  ","Helianthus","Helianthus nuttallii","",""
"389","PI 592341","MAX-2338","Helianthus nuttallii Torr. & A. Gray","Manitoba, Canada","NC7",1994,"49.63027778, -98.34583333","Helianthus nuttallii  ","Helianthus","Helianthus nuttallii","",""
"390","PI 592342","NUT-2285","Helianthus nuttallii Torr. & A. Gray subsp. rydbergii (Britton) R. W. Long","Manitoba, Canada","NC7",1994,"50.61472222, -99.34000000","Helianthus nuttallii Subsp. rydbergii","Helianthus","Helianthus nuttallii","Subsp.","rydbergii"
"391","PI 592343","NUT-2286","Helianthus nuttallii Torr. & A. Gray subsp. rydbergii (Britton) R. W. Long","Manitoba, Canada","NC7",1994,"50.76972222, -99.49777778","Helianthus nuttallii Subsp. rydbergii","Helianthus","Helianthus nuttallii","Subsp.","rydbergii"
"392","PI 592344","NUT-2287","Helianthus nuttallii Torr. & A. Gray subsp. rydbergii (Britton) R. W. Long","Manitoba, Canada","NC7",1994,"51.06916667, -99.93972222","Helianthus nuttallii Subsp. rydbergii","Helianthus","Helianthus nuttallii","Subsp.","rydbergii"
"393","PI 592345","NUT-2289","Helianthus nuttallii Torr. & A. Gray subsp. rydbergii (Britton) R. W. Long","Manitoba, Canada","NC7",1994,"52.10138889, -100.73194444","Helianthus nuttallii Subsp. rydbergii","Helianthus","Helianthus nuttallii","Subsp.","rydbergii"
"394","PI 592346","NUT-2290","Helianthus nuttallii Torr. & A. Gray subsp. rydbergii (Britton) R. W. Long","Saskatchewan, Canada","NC7",1994,"51.61611111, -102.31277778","Helianthus nuttallii Subsp. rydbergii","Helianthus","Helianthus nuttallii","Subsp.","rydbergii"
"395","PI 592347","NUT-2314","Helianthus nuttallii Torr. & A. Gray subsp. rydbergii (Britton) R. W. Long","Saskatchewan, Canada","NC7",1994,"49.50861111, -104.29305556","Helianthus nuttallii Subsp. rydbergii","Helianthus","Helianthus nuttallii","Subsp.","rydbergii"
"396","PI 592348","NUT-2319","Helianthus nuttallii Torr. & A. Gray subsp. rydbergii (Britton) R. W. Long","Saskatchewan, Canada","NC7",1994,"49.22972222, -102.22583333","Helianthus nuttallii Subsp. rydbergii","Helianthus","Helianthus nuttallii","Subsp.","rydbergii"
"397","PI 592349","NUT-2320","Helianthus nuttallii Torr. & A. Gray","Saskatchewan, Canada","NC7",1994,"49.18361111, -101.84861111","Helianthus nuttallii  ","Helianthus","Helianthus nuttallii","",""
"398","PI 592350","NUT-2322","Helianthus nuttallii Torr. & A. Gray subsp. rydbergii (Britton) R. W. Long","Manitoba, Canada","NC7",1994,"49.84194444, -101.28000000","Helianthus nuttallii Subsp. rydbergii","Helianthus","Helianthus nuttallii","Subsp.","rydbergii"
"399","PI 592351","PAU-2283","Helianthus pauciflorus Nutt.","Manitoba, Canada","NC7",1994,"49.62638889, -99.34833333","Helianthus pauciflorus  ","Helianthus","Helianthus pauciflorus","",""
"400","PI 592352","PAU-2334","Helianthus pauciflorus Nutt.","Manitoba, Canada","NC7",1994,"49.84750000, -99.69944444","Helianthus pauciflorus  ","Helianthus","Helianthus pauciflorus","",""
"401","PI 592353","PAU-2336","Helianthus pauciflorus Nutt.","Manitoba, Canada","NC7",1994,"49.44333333, -99.63027778","Helianthus pauciflorus  ","Helianthus","Helianthus pauciflorus","",""
"402","PI 592354","PET-2292","Helianthus petiolaris Nutt. subsp. petiolaris","Saskatchewan, Canada","NC7",1994,"52.12861111, -106.96250000","Helianthus petiolaris Subsp. petiolaris","Helianthus","Helianthus petiolaris","Subsp.","petiolaris"
"403","PI 592355","PET-2293","Helianthus petiolaris Nutt. subsp. petiolaris","Saskatchewan, Canada","NC7",1994,"52.05638889, -107.56277778","Helianthus petiolaris Subsp. petiolaris","Helianthus","Helianthus petiolaris","Subsp.","petiolaris"
"404","PI 592356","PET-2300","Helianthus petiolaris Nutt. subsp. petiolaris","Saskatchewan, Canada","NC7",1994,"50.00305556, -109.46361111","Helianthus petiolaris Subsp. petiolaris","Helianthus","Helianthus petiolaris","Subsp.","petiolaris"
"405","PI 592357","PET-2301","Helianthus petiolaris Nutt. subsp. petiolaris","Saskatchewan, Canada","NC7",1994,"50.47750000, -109.46472222","Helianthus petiolaris Subsp. petiolaris","Helianthus","Helianthus petiolaris","Subsp.","petiolaris"
"406","PI 592358","PET-2306","Helianthus petiolaris Nutt. subsp. petiolaris","Saskatchewan, Canada","NC7",1994,"50.49583333, -107.79166667","Helianthus petiolaris Subsp. petiolaris","Helianthus","Helianthus petiolaris","Subsp.","petiolaris"
"407","PI 598954","T-1050","Leymus cinereus (Scribn. & Merr.) Á. Löve","British Columbia, Canada","W6",1994,"49.17055556, -119.74805556","Leymus cinereus  ","Leymus","Leymus cinereus","",""
"408","PI 598955","T-1052","Leymus cinereus (Scribn. & Merr.) Á. Löve","British Columbia, Canada","W6",1994,"50.71250000, -120.30250000","Leymus cinereus  ","Leymus","Leymus cinereus","",""
"409","PI 598956","T-1057","Leymus cinereus (Scribn. & Merr.) Á. Löve","British Columbia, Canada","W6",1994,"50.71250000, -120.30250000","Leymus cinereus  ","Leymus","Leymus cinereus","",""
"410","PI 598957","T-1058","Leymus cinereus (Scribn. & Merr.) Á. Löve","British Columbia, Canada","W6",1994,"50.70444444, -120.60388889","Leymus cinereus  ","Leymus","Leymus cinereus","",""
"411","PI 598958","T-1061","Leymus cinereus (Scribn. & Merr.) Á. Löve","British Columbia, Canada","W6",1994,"50.78555556, -121.19333333","Leymus cinereus  ","Leymus","Leymus cinereus","",""
"412","PI 598959","T-1067","Leymus cinereus (Scribn. & Merr.) Á. Löve","British Columbia, Canada","W6",1994,"50.32277778, -119.24500000","Leymus cinereus  ","Leymus","Leymus cinereus","",""
"413","PI 598960","T-1069","Leymus cinereus (Scribn. & Merr.) Á. Löve","British Columbia, Canada","W6",1994,"49.57638889, -119.64083333","Leymus cinereus  ","Leymus","Leymus cinereus","",""
"414","PI 598961","T-1071","Leymus cinereus (Scribn. & Merr.) Á. Löve","British Columbia, Canada","W6",1994,"49.01500000, -119.22194444","Leymus cinereus  ","Leymus","Leymus cinereus","",""
"415","PI 600129","GMAL 2954","Malus coronaria (L.) Mill.","Ontario, Canada","GEN",1988,"","Malus coronaria  ","Malus","Malus coronaria","",""
"416","PI 600130","GMAL 2955","Malus coronaria (L.) Mill.","Ontario, Canada","GEN",1988,"","Malus coronaria  ","Malus","Malus coronaria","",""
"417","PI 600131","GMAL 2956","Malus coronaria (L.) Mill.","Ontario, Canada","GEN",1988,"","Malus coronaria  ","Malus","Malus coronaria","",""
"418","PI 603124","Index Seminum 345","Spiraea betulifolia Pall.","British Columbia, Canada","NC7",1996,"52.93333333, -119.36666667","Spiraea betulifolia  ","Spiraea","Spiraea betulifolia","",""
"419","PI 603137","G 25456","Agastache foeniculum (Pursh) Kuntze","Manitoba, Canada","NC7",1993,"49.18333333, -98.10000000","Agastache foeniculum  ","Agastache","Agastache foeniculum","",""
"420","PI 607413","880365","Alnus incana (L.) Moench subsp. rugosa (Du Roi) R. T. Clausen","Ontario, Canada","NC7",1990,"44.86666667, -76.76666667","Alnus incana Subsp. rugosa","Alnus","Alnus incana","Subsp.","rugosa"
"421","PI 607440","No. 143","Spiraea alba Du Roi","Ontario, Canada","NC7",1993,"","Spiraea alba  ","Spiraea","Spiraea alba","",""
"422","PI 608663","AMA 66/89","Amaranthus blitoides S. Watson","Canada","NC7",1990,"","Amaranthus blitoides  ","Amaranthus","Amaranthus blitoides","",""
"423","PI 610981","T-1046","Elymus elymoides (Raf.) Swezey subsp. brevifolius (J. G. Sm.) Barkworth","Alberta, Canada","W6",1995,"50.24416667, -110.76166667","Elymus elymoides Subsp. brevifolius","Elymus","Elymus elymoides","Subsp.","brevifolius"
"424","PI 611151","T-920","Elymus elymoides (Raf.) Swezey subsp. brevifolius (J. G. Sm.) Barkworth","Alberta, Canada","W6",1995,"49.98916667, -112.50750000","Elymus elymoides Subsp. brevifolius","Elymus","Elymus elymoides","Subsp.","brevifolius"
"425","PI 613030","Index Seminum 410","Parthenocissus inserta (A. Kern.) Fritsch","Québec, Canada","NC7",1990,"46.60000000, -72.08333333","Parthenocissus inserta  ","Parthenocissus","Parthenocissus inserta","",""
"426","PI 613034","Index Seminum 344","Spiraea betulifolia Pall.","British Columbia, Canada","NC7",1996,"51.76666667, -120.01666667","Spiraea betulifolia  ","Spiraea","Spiraea betulifolia","",""
"427","PI 613037","Index Seminum 19","Symphoricarpos occidentalis Hook.","Manitoba, Canada","NC7",1990,"50.33333333, -99.00000000","Symphoricarpos occidentalis  ","Symphoricarpos","Symphoricarpos occidentalis","",""
"428","PI 613757","MAX-2288","Helianthus maximiliani Schrad.","Manitoba, Canada","NC7",1994,"51.53361111, -100.00805556","Helianthus maximiliani  ","Helianthus","Helianthus maximiliani","",""
"429","PI 616649","F. hybrid - chiloensis x virginiana intr","Fragaria  hybr.","British Columbia, Canada","COR",1994,"49.00000000, -124.50000000","Fragaria hybr.  ","Fragaria","Fragaria hybr.","",""
"430","PI 616650","F. x cuneifolia Sproat Lake","Fragaria ×ananassa Duchesne ex Rozier nothosubsp. cuneifolia (Nutt. ex Howell) Staudt","British Columbia, Canada","COR",1994,"49.15000000, -124.50000000","Fragaria ×ananassa Subsp. cuneifolia","Fragaria","Fragaria ×ananassa","Subsp.","cuneifolia"
"431","PI 616651","F. vesca f. bracteata","Fragaria vesca L. subsp. bracteata (A. Heller) Staudt f. bracteata (A. Heller) Staudt","British Columbia, Canada","COR",1994,"49.15000000, -124.50000000","Fragaria vesca Subsp. bracteata","Fragaria","Fragaria vesca","Subsp.","bracteata"
"432","PI 616652","F. chiloensis","Fragaria chiloensis (L.) Mill. subsp. pacifica Staudt","British Columbia, Canada","COR",1994,"48.75000000, -125.50000000","Fragaria chiloensis Subsp. pacifica","Fragaria","Fragaria chiloensis","Subsp.","pacifica"
"433","PI 616653","F. chiloensis subsp. pacifica KH 94-07","Fragaria chiloensis (L.) Mill. subsp. pacifica Staudt","British Columbia, Canada","COR",1994,"48.75000000, -125.50000000","Fragaria chiloensis Subsp. pacifica","Fragaria","Fragaria chiloensis","Subsp.","pacifica"
"434","PI 616675","F. virginiana subsp. virginiana N-2","Fragaria virginiana Mill. subsp. virginiana","Québec, Canada","COR",1994,"49.09867800, -66.51042800","Fragaria virginiana Subsp. virginiana","Fragaria","Fragaria virginiana","Subsp.","virginiana"
"435","PI 616676","F. virginiana subsp. virginiana N-8","Fragaria virginiana Mill. subsp. virginiana","Québec, Canada","COR",1994,"49.10355600, -66.50911000","Fragaria virginiana Subsp. virginiana","Fragaria","Fragaria virginiana","Subsp.","virginiana"
"436","PI 616677","F. virginiana subsp. virginiana N-15","Fragaria virginiana Mill. subsp. virginiana","Québec, Canada","COR",1994,"49.09867800, -66.51042800","Fragaria virginiana Subsp. virginiana","Fragaria","Fragaria virginiana","Subsp.","virginiana"
"437","PI 616678","F. virginiana subsp. virginiana N-8","Fragaria virginiana Mill. subsp. virginiana","Québec, Canada","COR",1994,"49.09867800, -66.51042800","Fragaria virginiana Subsp. virginiana","Fragaria","Fragaria virginiana","Subsp.","virginiana"
"438","PI 616679","F. virginiana subsp. virginiana N-9","Fragaria virginiana Mill. subsp. virginiana","Québec, Canada","COR",1994,"49.09867800, -66.51042800","Fragaria virginiana Subsp. virginiana","Fragaria","Fragaria virginiana","Subsp.","virginiana"
"439","PI 616728","F. vesca","Fragaria vesca L.","Ontario, Canada","COR",1995,"44.91250000, -76.48889000","Fragaria vesca  ","Fragaria","Fragaria vesca","",""
"440","PI 616729","F. virginiana subsp. virginiana SP3 Perth Ontario","Fragaria virginiana Mill. subsp. virginiana","Ontario, Canada","COR",1995,"44.91250000, -76.48889000","Fragaria virginiana Subsp. virginiana","Fragaria","Fragaria virginiana","Subsp.","virginiana"
"441","PI 616730","F. virginiana subsp. virginiana SP5 Ontario","Fragaria virginiana Mill. subsp. virginiana","Ontario, Canada","COR",1995,"45.33333000, -75.83333000","Fragaria virginiana Subsp. virginiana","Fragaria","Fragaria virginiana","Subsp.","virginiana"
"442","PI 618504","R. strigosus British Columbia","Rubus idaeus L. subsp. strigosus (Michx.) Focke","British Columbia, Canada","COR",1992,"55.90000000, -129.98333000","Rubus idaeus Subsp. strigosus","Rubus","Rubus idaeus","Subsp.","strigosus"
"443","PI 618691","890414","Cornus drummondii C. A. Mey.","Ontario, Canada","NC7",1990,"41.73333333, -82.68333333","Cornus drummondii  ","Cornus","Cornus drummondii","",""
"444","PI 618718","860013","Staphylea trifolia L. f. pyriformis Dore","Ontario, Canada","NC7",1988,"45.26666667, -75.75000000","Staphylea trifolia  ","Staphylea","Staphylea trifolia","",""
"445","PI 619305","P. incanum Ontario","Pycnanthemum incanum Michx.","Ontario, Canada","COR",1990,"43.30000000, -79.75000000","Pycnanthemum incanum  ","Pycnanthemum","Pycnanthemum incanum","",""
"446","PI 631248","890438","Cornus drummondii C. A. Mey.","Ontario, Canada","NC7",1990,"42.55000000, -81.56666667","Cornus drummondii  ","Cornus","Cornus drummondii","",""
"447","PI 631569","1860","Medicago sativa L. subsp. falcata (L.) Arcang.","Alberta, Canada","W6",1990,"","Medicago sativa Subsp. falcata","Medicago","Medicago sativa","Subsp.","falcata"
"448","PI 631570","1863","Medicago sativa L. subsp. falcata (L.) Arcang.","Alberta, Canada","W6",1990,"","Medicago sativa Subsp. falcata","Medicago","Medicago sativa","Subsp.","falcata"
"449","PI 632003","503","Medicago sativa L. subsp. sativa","Alberta, Canada","W6",1990,"","Medicago sativa Subsp. sativa","Medicago","Medicago sativa","Subsp.","sativa"
"450","PI 632015","526","Medicago sativa L. subsp. sativa","Alberta, Canada","W6",1990,"","Medicago sativa Subsp. sativa","Medicago","Medicago sativa","Subsp.","sativa"
"451","PI 632016","527","Medicago sativa L. subsp. sativa","Alberta, Canada","W6",1990,"","Medicago sativa Subsp. sativa","Medicago","Medicago sativa","Subsp.","sativa"
"452","PI 632521","T-908","Nassella viridula (Trin.) Barkworth","Alberta, Canada","W6",1998,"49.80000000, -114.15000000","Nassella viridula  ","Nassella","Nassella viridula","",""
"453","PI 633218","BCN 3064","Eruca vesicaria (L.) Cav.","Canada","NC7",1991,"","Eruca vesicaria  ","Eruca","Eruca vesicaria","",""
"454","PI 633342","Yellow 2","Sinapis alba L.","Canada","NC7",1992,"","Sinapis alba  ","Sinapis","Sinapis alba","",""
"455","PI 633580","AMA 65","Amaranthus albus L.","Saskatchewan, Canada","NC7",1990,"50.13333333, -102.66666667","Amaranthus albus  ","Amaranthus","Amaranthus albus","",""
"456","PI 634031","2287","Medicago sativa L. subsp. falcata (L.) Arcang.","Alberta, Canada","W6",1990,"","Medicago sativa Subsp. falcata","Medicago","Medicago sativa","Subsp.","falcata"
"457","PI 636387","Index Seminum 343","Spiraea alba Du Roi","Alberta, Canada","NC7",1996,"53.33333333, -113.53333333","Spiraea alba  ","Spiraea","Spiraea alba","",""
"458","PI 636606","T-915","Nassella viridula (Trin.) Barkworth","Alberta, Canada","W6",1998,"","Nassella viridula  ","Nassella","Nassella viridula","",""
"459","PI 636607","T-916","Nassella viridula (Trin.) Barkworth","Alberta, Canada","W6",1998,"49.71666667, -112.96666667","Nassella viridula  ","Nassella","Nassella viridula","",""
"460","PI 636608","T-919","Nassella viridula (Trin.) Barkworth","Alberta, Canada","W6",1998,"49.81666667, -112.16666667","Nassella viridula  ","Nassella","Nassella viridula","",""
"461","PI 636609","T-922","Nassella viridula (Trin.) Barkworth","Alberta, Canada","W6",1998,"50.25000000, -112.08333333","Nassella viridula  ","Nassella","Nassella viridula","",""
"462","PI 641697","56","Shepherdia argentea (Pursh) Nutt.","Canada","NC7",1990,"50.33333333, -99.00000000","Shepherdia argentea  ","Shepherdia","Shepherdia argentea","",""
"463","PI 649154","BCN 3023","Brassica nigra (L.) W. D. J. Koch","Ontario, Canada","NC7",1991,"","Brassica nigra  ","Brassica","Brassica nigra","",""
"464","PI 649505","41","Sium suave Walter","Québec, Canada","NC7",1996,"","Sium suave  ","Sium","Sium suave","",""
"465","PI 649711","Index Seminum 323","Potentilla argentea L.","British Columbia, Canada","NC7",1996,"55.08333333, -128.11666667","Potentilla argentea  ","Potentilla","Potentilla argentea","",""
"466","PI 649712","Index Seminum 177","Potentilla argentea L.","Québec, Canada","NC7",1996,"","Potentilla argentea  ","Potentilla","Potentilla argentea","",""
"467","PI 649719","Index Seminum 382","Potentilla gracilis Douglas ex Hook.","Alberta, Canada","NC7",1998,"49.10000000, -112.98333333","Potentilla gracilis  ","Potentilla","Potentilla gracilis","",""
"468","PI 649726","Index Seminum 385","Potentilla pensylvanica L.","Alberta, Canada","NC7",1998,"49.10000000, -112.98333333","Potentilla pensylvanica  ","Potentilla","Potentilla pensylvanica","",""
"469","PI 649727","138","Potentilla recta L.","Ontario, Canada","NC7",1993,"","Potentilla recta  ","Potentilla","Potentilla recta","",""
"470","PI 649729","Index Seminum 325","Potentilla recta L.","British Columbia, Canada","NC7",1996,"51.38333333, -119.45000000","Potentilla recta  ","Potentilla","Potentilla recta","",""
"471","PI 649970","No.101","Helianthus decapetalus L.","Québec, Canada","NC7",1992,"45.50000000, -73.60000000","Helianthus decapetalus  ","Helianthus","Helianthus decapetalus","",""
"472","PI 649971","Index Seminum 18","Helianthus decapetalus L.","Ontario, Canada","NC7",1993,"42.71666667, -81.48333333","Helianthus decapetalus  ","Helianthus","Helianthus decapetalus","",""
"473","PI 649984","Index Seminum 19","Helianthus giganteus L.","Ontario, Canada","NC7",1993,"42.03333333, -82.88333333","Helianthus giganteus  ","Helianthus","Helianthus giganteus","",""
"474","PI 650024","Index Seminum 344","Helianthus nuttallii Torr. & A. Gray","Alberta, Canada","NC7",1998,"19.06666667, -112.91666667","Helianthus nuttallii  ","Helianthus","Helianthus nuttallii","",""
"475","PI 650026","PAU-2291","Helianthus pauciflorus Nutt.","Saskatchewan, Canada","NC7",1994,"52.14500000, -106.37916667","Helianthus pauciflorus  ","Helianthus","Helianthus pauciflorus","",""
"476","PI 650027","PAU-2324","Helianthus pauciflorus Nutt.","Manitoba, Canada","NC7",1994,"50.01750000, -100.26250000","Helianthus pauciflorus  ","Helianthus","Helianthus pauciflorus","",""
"477","PI 650106","TUB-2329","Helianthus tuberosus L.","Manitoba, Canada","NC7",1994,"49.01250000, -100.34277778","Helianthus tuberosus  ","Helianthus","Helianthus tuberosus","",""
"478","PI 650243","BCN 8030","Erucastrum strigosum (Thunb.) O. E. Schulz","Canada","NC7",1991,"","Erucastrum strigosum  ","Erucastrum","Erucastrum strigosum","",""
"479","PI 652094","No. 046","Pastinaca sativa L.","Québec, Canada","NC7",1993,"","Pastinaca sativa  ","Pastinaca","Pastinaca sativa","",""
"480","PI 656818","Index Seminum 356","Physocarpus opulifolius (L.) Maxim.","Québec, Canada","NC7",1990,"","Physocarpus opulifolius  ","Physocarpus","Physocarpus opulifolius","",""
"481","PI 656819","Index Seminum 48","Physocarpus opulifolius (L.) Maxim.","Ontario, Canada","NC7",1993,"42.71666667, -81.48333333","Physocarpus opulifolius  ","Physocarpus","Physocarpus opulifolius","",""
"482","PI 658652","Index Seminum 8","Rhus typhina L.","Ontario, Canada","NC7",1993,"43.81666667, -79.18333333","Rhus typhina  ","Rhus","Rhus typhina","",""
"483","PI 664318","F. virginiana subsp. virginiana [formerly multicipita]","Fragaria virginiana Mill. subsp. virginiana","Québec, Canada","COR",1994,"49.09867800, -66.51042800","Fragaria virginiana Subsp. virginiana","Fragaria","Fragaria virginiana","Subsp.","virginiana"
"484","PI 664624","TUB-2282","Helianthus tuberosus L.","Manitoba, Canada","NC7",1994,"49.39833333, -98.69472222","Helianthus tuberosus  ","Helianthus","Helianthus tuberosus","",""
"485","PI 667507","405","Verbena urticifolia L.","Québec, Canada","OPGC",1990,"","Verbena urticifolia  ","Verbena","Verbena urticifolia","",""
"486","PI 673144","TUB-2278","Helianthus tuberosus L.","Manitoba, Canada","NC7",1994,"49.11666667, -99.33555556","Helianthus tuberosus  ","Helianthus","Helianthus tuberosus","",""
"487","PI 673145","Index Seminum 14","Helianthus giganteus L.","Ontario, Canada","NC7",1996,"42.25000000, -83.08333333","Helianthus giganteus  ","Helianthus","Helianthus giganteus","",""
"488","W6 14644","Acc:314","Leymus cinereus (Scribn. & Merr.) Á. Löve","Alberta, Canada","W6",1993,"","Leymus cinereus  ","Leymus","Leymus cinereus","",""
"489","W6 4578","2044","Medicago lupulina L.","Ontario, Canada","W6",1990,"","Medicago lupulina  ","Medicago","Medicago lupulina","",""
"490","W6 4909","1960","Medicago coronata (L.) Bartal.","Alberta, Canada","W6",1990,"","Medicago coronata  ","Medicago","Medicago coronata","",""
"491","W6 4990","2001","Medicago littoralis Rohde ex Loisel.","Alberta, Canada","W6",1990,"","Medicago littoralis  ","Medicago","Medicago littoralis","",""
"492","W6 5007","2696","Medicago littoralis Rohde ex Loisel.","Alberta, Canada","W6",1990,"","Medicago littoralis  ","Medicago","Medicago littoralis","",""
"493","W6 5011","2710b","Medicago littoralis Rohde ex Loisel.","Alberta, Canada","W6",1990,"","Medicago littoralis  ","Medicago","Medicago littoralis","",""
"494","W6 5065","313","Medicago lupulina L.","Alberta, Canada","W6",1990,"","Medicago lupulina  ","Medicago","Medicago lupulina","",""
"495","W6 5150","2178","Medicago orbicularis (L.) Bartal.","Alberta, Canada","W6",1990,"","Medicago orbicularis  ","Medicago","Medicago orbicularis","",""
"496","W6 5517","392","Medicago polymorpha L.","Alberta, Canada","W6",1990,"","Medicago polymorpha  ","Medicago","Medicago polymorpha","",""
"497","W6 5518","394","Medicago polymorpha L.","Alberta, Canada","W6",1990,"","Medicago polymorpha  ","Medicago","Medicago polymorpha","",""
"498","W6 5535","421","Medicago polymorpha L.","Alberta, Canada","W6",1990,"","Medicago polymorpha  ","Medicago","Medicago polymorpha","",""
"499","W6 5536","422","Medicago polymorpha L.","Alberta, Canada","W6",1990,"","Medicago polymorpha  ","Medicago","Medicago polymorpha","",""
"500","W6 5927","1842","Medicago italica (Mill.) Fiori","Alberta, Canada","W6",1990,"","Medicago italica  ","Medicago","Medicago italica","",""
