"","TAXON","PRIMARY_ASSOCIATED_CROP_COMMON_NAME","GENUS","SPECIES","RANK","INFRASPECIFIC","FINEST_TAXON_RESOLUTION","CWR","WUS","WUS_NOTES","NATIVE","PRIMARY_ASSOCIATED_CROP_TYPE_GENERAL_1","PRIMARY_ASSOCIATED_CROP_TYPE_GENERAL_2","SECONDARY_ASSOCIATED_CROP_TYPE_GENERAL","PRIMARY_CROP_OR_WUS_USE_SPECIFIC_1","PRIMARY_CROP_OR_WUS_USE_SPECIFIC_2","PRIMARY_CROP_OR_WUS_USE_SPECIFIC_3","SECONDARY_CROP_OR_WUS_USE_1","TIER","GENEPOOL","CATEGORY","GRAFTSTOCK","ABIOTIC_TRAIT_2","ABIOTIC_TRAIT_3","BIOTIC_TRAIT_1","BIOTIC_TRAIT_2","FERTILITY_TRAIT","AGRONOMIC_TRAIT_1","AGRONOMIC_TRAIT_2","AGRONOMIC_TRAIT_3","PHENOLOGICAL_TRAIT","SOURCE_OF_TAXON","GENEPOOL__GRAFTSTOCK_TRAITS_SOURCE","WUS_SOURCE","total_accessions","garden_accessions","genebank_accessions"
"1","Abies balsamea","Fir","Abies","Abies balsamea",NA,NA,"Y","Y","Y","needles","Y","Forest Resources","",NA,"Forest Resources","","",NA,2,NA,"2","","","","","","","","","","","Davidson 1995","","Kuhnlein and Turner 2020",225,96,129
"2","Abies grandis","Fir","Abies","Abies grandis",NA,NA,"Y","Y","N","","Y","Forest Resources","",NA,"Forest Resources","","",NA,2,NA,"2","","","","","","","","","","","Davidson 1995","","",24,10,14
"3","Abies lasiocarpa","Fir","Abies","Abies lasiocarpa",NA,NA,"Y","Y","N","","Y","Forest Resources","",NA,"Forest Resources","","",NA,2,NA,"2","","","","","","","","","","","Davidson 1995","","",32,19,13
"4","Alnus incana subsp. rugosa","Alder","Alnus","Alnus incana","subsp.","rugosa","Y","Y","Y","inner bark","Y","Forest Resources","",NA,"Forest Resources","","",NA,2,NA,"2","","","","","","","","","","","Davidson 1995","","Kuhnlein and Turner 2020",21,8,13
"5","Alnus rubra","Alder","Alnus","Alnus rubra",NA,NA,"Y","Y","Y","inner bark and catkins","Y","Forest Resources","",NA,"Forest Resources","","",NA,2,NA,"2","","","","","","","","","","","Davidson 1995","","Kuhnlein and Turner 2020",44,6,38
"6","Betula alleghaniensis","Birch","Betula","Betula alleghaniensis",NA,NA,"Y","Y","Y","twigs and sap","Y","Forest Resources","",NA,"Forest Resources","","",NA,2,NA,"2","","","","","","","","","","","Davidson 1995","","Kuhnlein and Turner 2020",247,55,192
"7","Populus balsamifera","Poplar","Populus","Populus balsamifera",NA,NA,"Y","Y","Y","inner bark","Y","Forest Resources","",NA,"Forest Resources","","",NA,2,NA,"2","","","","","","","","","","","Davidson 1995","","Kuhnlein and Turner 2020",74,14,60
"8","Quercus macrocarpa","Oak","Quercus","Quercus macrocarpa",NA,NA,"Y","Y","Y","acorns, seed meal","Y","Forest Resources","",NA,"Forest Resources","","",NA,2,NA,"2","","","","","","","","","","","Davidson 1995","","Kuhnlein and Turner 2020",158,152,6
"9","Betula occidentalis","Birch","Betula","Betula occidentalis",NA,NA,"Y","Y","N","","Y","Forest Resources","",NA,"Forest Resources","","",NA,2,NA,"2","","","","","","","","","","","Davidson 1995","","",19,10,9
"10","Pseudotsuga menziesii var. glauca","Douglas fir","Pseudotsuga","Pseudotsuga menziesii","var.","glauca","Y","Y","Y","needles, sugar, tea","Y","Forest Resources","",NA,"Forest Resources","","",NA,2,NA,"2","","","","","","","","","","","Davidson 1995","","Kuhnlein and Turner 2020",161,115,46
"11","Betula papyrifera","Birch","Betula","Betula papyrifera",NA,NA,"Y","Y","Y","leaves, twigs and sap","Y","Forest Resources","",NA,"Forest Resources","","",NA,2,NA,"2","","","","","","","","","","","Davidson 1995","","Kuhnlein and Turner 2020",1031,847,184
"12","Betula lenta","Birch","Betula","Betula lenta",NA,NA,"Y","Y","Y","leaves","Y","Forest Resources","",NA,"Forest Resources","","",NA,2,NA,"2","","","","","","","","","","","Davidson 1995","","Kuhnlein and Turner 2020",86,72,14
"13","Picea rubens","Spruce","Picea","Picea rubens",NA,NA,"Y","Y","Y","needles, tea","Y","Forest Resources","",NA,"Forest Resources","","",NA,2,NA,"2","","","","","","","","","","","Davidson 1995","","Kuhnlein and Turner 2020",208,25,183
"14","Quercus rubra","Oak","Quercus","Quercus rubra",NA,NA,"Y","Y","Y","acorns","Y","Forest Resources","",NA,"Forest Resources","","",NA,2,NA,"2","","","","","","","","","","","Davidson 1995","","Kuhnlein and Turner 2020",478,466,12
"15","Quercus muehlenbergii","Oak","Quercus","Quercus muehlenbergii",NA,NA,"Y","Y","N","","Y","Forest Resources","",NA,"Forest Resources","","",NA,2,NA,"2","","","","","","","","","","","Davidson 1995","","",140,119,21
"16","Populus deltoides subsp. deltoides","Poplar","Populus","Populus deltoides","subsp.","deltoides","Y","Y","Y","buds, fruit","Y","Forest Resources","",NA,"Forest Resources","","",NA,2,NA,"2","","","","","","","","","","","Davidson 1995","","Kuhnlein and Turner 2020",12,9,3
"17","Pinus banksiana","Pine","Pinus","Pinus banksiana",NA,NA,"Y","Y","N","","Y","Forest Resources","",NA,"Forest Resources","","",NA,2,NA,"2","","","","","","","","","","","Davidson 1995","","",1051,51,1000
"18","Pinus strobus","Pine","Pinus","Pinus strobus",NA,NA,"Y","Y","Y","needles","Y","Forest Resources","",NA,"Forest Resources","","",NA,2,NA,"2","","","","","","","","","","","Davidson 1995","","Kuhnlein and Turner 2020",1474,1195,279
"19","Quercus velutina","Oak","Quercus","Quercus velutina",NA,NA,"Y","Y","Y","acorns","Y","Forest Resources","",NA,"Forest Resources","","",NA,2,NA,"2","","","","","","","","","","","Davidson 1995","","Kuhnlein and Turner 2020",34,26,8
"20","Betula populifolia","Birch","Betula","Betula populifolia",NA,NA,"Y","Y","N","","Y","Forest Resources","",NA,"Forest Resources","","",NA,2,NA,"2","","","","","","","","","","","Davidson 1995","","",87,33,54
"21","Pinus rigida","Pine","Pinus","Pinus rigida",NA,NA,"Y","Y","N","","Y","Forest Resources","",NA,"Forest Resources","","",NA,2,NA,"2","","","","","","","","","","","Davidson 1995","","",47,9,38
"22","Pinus contorta var. latifolia","Pine","Pinus","Pinus contorta","var.","latifolia","Y","Y","Y","seeds, inner bark, tea","Y","Forest Resources","",NA,"Forest Resources","","",NA,2,NA,"2","","","","","","","","","","","Davidson 1995","","Kuhnlein and Turner 2020",160,37,123
"23","Salix lucida","Willow","Salix","Salix lucida",NA,NA,"N","Y","Y","","Y","Medicinals","Forest Resources",NA,"Medicinals","Forest Resources","",NA,2,NA,"2","","","","","","","","","","","Kuhnlein and Turner 2020","","Kuhnlein and Turner 2020",13,13,0
"24","Quercus alba","Oak","Quercus","Quercus alba",NA,NA,"Y","Y","Y","acorns","Y","Forest Resources","",NA,"Forest Resources","","",NA,2,NA,"2","","","","","","","","","","","Davidson 1995","","Kuhnlein and Turner 2020",43,27,16
"25","Fraxinus nigra","Ash","Fraxinus","Fraxinus nigra",NA,NA,"Y","Y","Y","ash; leaves and seeds","Y","Forest Resources","",NA,"Forest Resources","","",NA,2,NA,"2","","","","","","","","","","","Davidson 1995","","Kuhnlein and Turner 2020",594,42,552
"26","Fraxinus quadrangulata","Ash","Fraxinus","Fraxinus quadrangulata",NA,NA,"Y","Y","Y","ash; leaves and seeds","Y","Forest Resources","",NA,"Forest Resources","","",NA,2,NA,"2","","","","","","","","","","","Davidson 1995","","Kuhnlein and Turner 2020",162,55,107
"27","Quercus bicolor","Oak","Quercus","Quercus bicolor",NA,NA,"Y","Y","Y","acorns","Y","Forest Resources","",NA,"Forest Resources","","",NA,2,NA,"2","","","","","","","","","","","Davidson 1995","","Kuhnlein and Turner 2020",85,81,4
"28","Picea glauca","Spruce","Picea","Picea glauca",NA,NA,"Y","Y","Y","gum, tea, sap","Y","Forest Resources","",NA,"Forest Resources","","",NA,2,NA,"2","","","","","","","","","","","Davidson 1995","","Kuhnlein and Turner 2020",2374,890,1484
"29","Celtis occidentalis","Hackberry","Celtis","Celtis occidentalis",NA,NA,"Y","Y","Y","hackberry; fruit","Y","Ornamentals","Forest Resources",NA,"Ornamentals","Forest Resources","",NA,2,NA,"2","Graftstock","","","","","","","","","","Davidson 1995","GRIN-Global 2021","Kuhnlein and Turner 2020",62,46,16
"30","Viburnum acerifolium","Highbush cranberry","Viburnum","Viburnum acerifolium",NA,NA,"Y","Y","Y","fruit","Y","Ornamentals","",NA,"Ornamentals","","",NA,2,NA,"2","","","","","","","","","","","Davidson 1995","","Kuhnlein and Turner 2020",57,8,49
"31","Taxus canadensis","Yew","Taxus","Taxus canadensis",NA,NA,"Y","Y","Y","twigs, fruit","Y","Forest Resources","Medicinals",NA,"Forest Resources","Medicinals","",NA,2,NA,"2","","","","","","","","","","","Davidson 1995","","Kuhnlein and Turner 2020",25,19,6
"32","Fagus grandifolia","Beech","Fagus","Fagus grandifolia",NA,NA,"Y","Y","Y","beechnut; nuts","Y","Forest Resources","",NA,"Forest Resources","","",NA,2,NA,"2","","","","","","","","","","","Davidson 1995","","Kuhnlein and Turner 2020",38,28,10
"33","Fraxinus americana","Ash","Fraxinus","Fraxinus americana",NA,NA,"Y","Y","Y","ash; leaves and seeds","Y","Forest Resources","",NA,"Forest Resources","","",NA,2,NA,"2","","","","","","","","","","","Davidson 1995","","Kuhnlein and Turner 2020",2012,570,1442
"34","Fraxinus pennsylvanica","Ash","Fraxinus","Fraxinus pennsylvanica",NA,NA,"Y","Y","Y","ash; inner bark","Y","Forest Resources","",NA,"Forest Resources","","",NA,2,NA,"2","","","","","","","","","","","Davidson 1995","","Kuhnlein and Turner 2020",1800,501,1299
"35","Hamamelis virginiana","Witch-Hazel","Hamamelis","Hamamelis virginiana",NA,NA,"Y","Y","Y","witch-hazel; leaves dried as tea","Y","Ornamentals","Medicinals",NA,"Ornamentals","Medicinals","",NA,2,"Assume distant","2","Graftstock","","","","","","","","","","GRIN-Global 2021","GRIN-Global 2021","Kuhnlein and Turner 2020",113,72,41
"36","Tilia americana","Linden","Tilia","Tilia americana",NA,NA,"Y","Y","Y","leaves, inner bark, buds, twigs","Y","Forest Resources","Ornamentals",NA,"Forest Resources","Ornamentals","",NA,2,NA,"2","","","","","","","","","","","Davidson 1995","","Kuhnlein and Turner 2020",101,79,22
"37","Quercus prinoides","Oak","Quercus","Quercus prinoides",NA,NA,"Y","Y","Y","acorns","Y","Forest Resources","",NA,"Forest Resources","","",NA,2,NA,"2","","","","","","","","","","","Davidson 1995","","Kuhnlein and Turner 2020",14,12,2
"38","Viburnum lantana","Highbush cranberry","Viburnum","Viburnum lantana",NA,NA,"Y","Y","Y","fruit","N","Ornamentals","",NA,"Ornamentals","","",NA,2,NA,"2","","","","","","","","","","","Davidson 1995","","Kuhnlein and Turner 2020",49,44,5
"39","Populus tremuloides","Poplar","Populus","Populus tremuloides",NA,NA,"Y","Y","Y","bark, tea","Y","Forest Resources","Medicinals",NA,"Forest Resources","Medicinals","",NA,2,NA,"2","","","","","","","","","","","Davidson 1995","","Kuhnlein and Turner 2020",175,97,78
"40","Larix laricina","Larch","Larix","Larix laricina",NA,NA,"Y","Y","N","","Y","Forest Resources","",NA,"Forest Resources","","",NA,2,NA,"2","","","","","","","","","","","Davidson 1995","","",478,364,114
"41","Magnolia acuminata","Magnolia","Magnolia","Magnolia acuminata",NA,NA,"Y","Y","N","","Y","Ornamentals","",NA,"Ornamentals","","",NA,2,NA,"2","Graftstock","","","","","","Ornamental Features (AG)","","","","GRIN-Global 2021","GRIN-Global 2021","",71,48,23
"42","Ulmus americana","Elm","Ulmus","Ulmus americana",NA,NA,"Y","Y","Y","bark","Y","Forest Resources","Medicinals",NA,"Forest Resources","Medicinals","",NA,2,NA,"2","","","","","","","","","","","Davidson 1995","","Kuhnlein and Turner 2020",351,298,53
"43","Pinus resinosa","Pine","Pinus","Pinus resinosa",NA,NA,"Y","Y","N","","Y","Forest Resources","Ornamentals",NA,"Forest Resources","Ornamentals","",NA,2,NA,"2","","","","","","","","","","","Davidson 1995","","",380,227,153
"44","Tsuga canadensis","Hemlock","Tsuga","Tsuga canadensis",NA,NA,"Y","Y","Y","leaves, tea, inner bark","Y","Forest Resources","",NA,"Forest Resources","","",NA,2,NA,"2","","","","","","","","","","","Davidson 1995","","Kuhnlein and Turner 2020",621,176,445
"45","Morus rubra","Mulberry","Morus","Morus rubra",NA,NA,"Y","Y","Y","mulberry; fruit","Y","Food","",NA,"Fruits","","",NA,2,NA,"2","","","","","","","","","","","Davidson 1995","","Kuhnlein and Turner 2020",17,14,3
"46","Picea engelmannii","Spruce","Picea","Picea engelmannii",NA,NA,"N","Y","Y","gum, needles, inner bark","Y","Forest Resources","",NA,"Forest Resources","","",NA,2,NA,"2","","","","","","","","","","","Davidson 1995","","Kuhnlein and Turner 2020",22,5,17
"47","Picea mariana","Spruce","Picea","Picea mariana",NA,NA,"Y","Y","Y","needles, gum, tea","Y","Forest Resources","",NA,"Forest Resources","","",NA,2,NA,"2","","","","","","","","","","","Davidson 1995","","Kuhnlein and Turner 2020",449,39,410
"48","Pinus ponderosa","Pine","Pinus","Pinus ponderosa",NA,NA,"N","Y","Y","needles, seeds, inner bark","Y","Forest Resources","",NA,"Forest Resources","","",NA,2,NA,"2","","","","","","","","","","","Davidson 1995","","Kuhnlein and Turner 2020",438,15,423
"49","Populus grandidentata","Poplar","Populus","Populus grandidentata",NA,NA,"Y","Y","Y","inner bark","Y","Forest Resources","",NA,"Forest Resources","","",NA,2,NA,"2","","","","","","","","","","","Davidson 1995","","Kuhnlein and Turner 2020",77,14,63
"50","Populus trichocarpa","Poplar","Populus","Populus trichocarpa",NA,NA,"Y","Y","Y","inner bark","Y","Forest Resources","",NA,"Forest Resources","","",NA,2,NA,"2","","","","","","","","","","","Davidson 1995","","Kuhnlein and Turner 2020",5,4,1
"51","Viburnum lentago","Highbush cranberry","Viburnum","Viburnum lentago",NA,NA,"Y","Y","Y","Nannyberry, fruit","Y","Ornamentals","Food",NA,"Ornamentals","Fruits","",NA,2,NA,"2","","","","","","","","","","","Davidson 1995","","Kuhnlein and Turner 2020",170,126,44
"52","Salix barclayi","Willow","Salix","Salix barclayi",NA,NA,"Y","Y","Y","greens","Y","Medicinals","Forest Resources",NA,"Medicinals","Forest Resources","",NA,2,NA,"2","","","","","","","","","","","Kuhnlein and Turner 2020","","Kuhnlein and Turner 2020",1,1,0
"53","Rosa setigera","Rose","Rosa","Rosa setigera",NA,NA,"Y","Y","Y","fruit","Y","Ornamentals","Food",NA,"Ornamentals","Fruits","",NA,2,NA,"2","","","","","","","","","","","Kuhnlein and Turner 2020","","Kuhnlein and Turner 2020",33,25,8
"54","Quercus palustris","Oak","Quercus","Quercus palustris",NA,NA,"Y","Y","N","","Y","Forest Resources","",NA,"Forest Resources","","",NA,2,NA,"2","","","","","","","","","","","Davidson 1995","","",26,21,5
"55","Rosa blanda","Rose","Rosa","Rosa blanda",NA,NA,"Y","Y","Y","fruit","Y","Ornamentals","Food",NA,"Ornamentals","Fruits","",NA,2,NA,"2","","","","","","","","","","","Kuhnlein and Turner 2020","","Kuhnlein and Turner 2020",20,16,4
"56","Rosa nutkana subsp. macdougalii","Rose","Rosa","Rosa nutkana","subsp.","macdougalii","Y","Y","Y","fruit","Y","Ornamentals","Food",NA,"Ornamentals","Fruits","",NA,2,NA,"2","","","","","","","","","","","Kuhnlein and Turner 2020","","Kuhnlein and Turner 2020",29,21,8
"57","Rosa palustris","Rose","Rosa","Rosa palustris",NA,NA,"Y","Y","Y","fruit","Y","Ornamentals","Food",NA,"Ornamentals","Fruits","",NA,2,NA,"2","","","","","","","","","","","Kuhnlein and Turner 2020","","Kuhnlein and Turner 2020",36,14,22
"58","Rosa virginiana","Rose","Rosa","Rosa virginiana",NA,NA,"N","Y","Y","fruit","Y","Ornamentals","Food",NA,"Ornamentals","Fruits","",NA,2,NA,"2","","","","","","","","","","","Kuhnlein and Turner 2020","","Kuhnlein and Turner 2020",9,6,3
"59","Rosa woodsii subsp. ultramontana","Rose","Rosa","Rosa woodsii","subsp.","ultramontana","Y","Y","Y","fruit","Y","Ornamentals","Food",NA,"Ornamentals","Fruits","",NA,2,NA,"2","","","","","","","","","","","Kuhnlein and Turner 2020","","Kuhnlein and Turner 2020",121,7,114
"60","Sambucus canadensis","Elderberry","Sambucus","Sambucus canadensis",NA,NA,"Y","Y","Y","fruit","Y","Food","Ornamentals",NA,"Fruits","Ornamentals","",NA,2,NA,"2","","","","","","","","","","","Davidson 1995","","Kuhnlein and Turner 2020",111,55,56
"61","Sorbus americana","Rowan","Sorbus","Sorbus americana",NA,NA,"Y","Y","Y","fruit","Y","Forest Resources","Food",NA,"Forest Resources","Fruits","",NA,2,NA,"2","","","","","","","","","","","Kuhnlein and Turner 2020","","Kuhnlein and Turner 2020",27,15,12
"62","Sorbus decora","Rowan","Sorbus","Sorbus decora",NA,NA,"Y","Y","Y","fruit","Y","Forest Resources","Food",NA,"Forest Resources","Fruits","",NA,2,NA,"2","","","","","","","","","","","Kuhnlein and Turner 2020","","Kuhnlein and Turner 2020",31,21,10
"63","Thuja occidentalis","Cedar","Thuja","Thuja occidentalis",NA,NA,"Y","Y","Y","leaves","Y","Forest Resources","",NA,"Forest Resources","","",NA,2,NA,"2","","","","","","","","","","","Davidson 1995","","Kuhnlein and Turner 2020",1776,1632,144
"64","Thuja plicata","Cedar","Thuja","Thuja plicata",NA,NA,"Y","Y","Y","leaves, inner bark","Y","Forest Resources","",NA,"Forest Resources","","",NA,2,NA,"2","","","","","","","","","","","Davidson 1995","","Kuhnlein and Turner 2020",74,61,13
"65","Ulmus rubra","Elm","Ulmus","Ulmus rubra",NA,NA,"Y","Y","Y","bark","Y","Forest Resources","Medicinals",NA,"Forest Resources","Medicinals","Ornamentals",NA,2,NA,"2","","","","","","","","","","","Davidson 1995","","Kuhnlein and Turner 2020",36,19,17
"66","Ulmus thomasii","Elm","Ulmus","Ulmus thomasii",NA,NA,"Y","Y","Y","seeds","Y","Forest Resources","",NA,"Forest Resources","","",NA,2,NA,"2","","","","","","","","","","","Davidson 1995","","Kuhnlein and Turner 2020",8,5,3
"67","Viburnum opulus","Highbush cranberry","Viburnum","Viburnum opulus",NA,NA,"N","Y","Y","fruit","Y","Ornamentals","",NA,"Ornamentals","","",NA,2,NA,"2","","","","","","","","","","","Davidson 1995","","Kuhnlein and Turner 2020",96,43,53
"68","Viburnum dentatum","Highbush cranberry","Viburnum","Viburnum dentatum",NA,NA,"Y","Y","Y","fruit","Y","Ornamentals","",NA,"Ornamentals","","",NA,2,NA,"2","","","","","","","","","","","Davidson 1995","","Kuhnlein and Turner 2020",103,39,64
"69","Alnus alnobetula","Alder","Alnus","Alnus alnobetula",NA,NA,"N","Y","Y","inner bark","Y","Forest Resources","",NA,"Forest Resources","","",NA,2,NA,"2","","","","","","","","","","","Davidson 1995","","Kuhnlein and Turner 2020",4,4,0
"70","Astragalus canadensis","Milk-vetch","Astragalus","Astragalus canadensis",NA,NA,"N","Y","Y","roots","Y","Food","",NA,"Forage and Feed","","",NA,2,NA,"2","","","","","","","","","","","Davidson 1995","","Kuhnlein and Turner 2020",10,2,8
"71","Monarda fistulosa","Monarda","Monarda","Monarda fistulosa",NA,NA,"N","Y","Y","leaves, tea","Y","Ornamentals","Medicinals",NA,"Ornamentals","Medicinals","",NA,2,NA,"2","","","","","","","","","","","Davidson 1995","","Kuhnlein and Turner 2020",101,19,82
"72","Nymphaea tetragona","Water-lily","Nymphaea","Nymphaea tetragona",NA,NA,"Y","Y","N","","Y","Ornamentals","",NA,"Ornamentals","","",NA,2,NA,"2","","","","","","","Ornamental Features (AG)","","","","GRIN-Global 2021","GRIN-Global 2021","",4,4,0
"73","Panicum virgatum","Proso-millet","Panicum","Panicum virgatum",NA,NA,"Y","Y","N","","Y","Food","",NA,"Cereals and pseudocereals","","",NA,2,NA,"2","","","","","","","","","","","GRIN-Global 2021","","",574,46,528
"74","Phalaris arundinacea","Canary Grass","Phalaris","Phalaris arundinacea",NA,NA,"N","Y","N","","Y","Food","",NA,"Forage and Feed","Restoration","",NA,2,NA,"2","","","","","","","","","","","Davidson 1995","","",184,5,179
"75","Pinus flexilis","Pine","Pinus","Pinus flexilis",NA,NA,"Y","Y","N","","Y","Forest Resources","Ornamentals",NA,"Forest Resources","Ornamentals","",NA,2,NA,"2","","","","","","","","","","","Davidson 1995","","",478,3,475
"76","Pinus monticola","Pine","Pinus","Pinus monticola",NA,NA,"Y","Y","N","","Y","Forest Resources","",NA,"Forest Resources","","",NA,2,NA,"2","","","","","","","","","","","Davidson 1995","","",164,3,161
"77","Poa pratensis","Bluegrass","Poa","Poa pratensis",NA,NA,"N","Y","N","","Y","Food","",NA,"Forage and Feed","","",NA,2,NA,"2","","","","","","","","","","","Davidson 1995","","",957,1,956
"78","Prunella vulgaris","Heal-All","Prunella","Prunella vulgaris",NA,NA,"N","N","Y","flowers and leaves as tea","Y","Medicinals","",NA,"Medicinals","","",NA,2,NA,"2","","","","","","","","","","","GRIN-Global 2021","","Kuhnlein and Turner 2020",61,5,56
"79","Rosa acicularis","Rose","Rosa","Rosa acicularis",NA,NA,"N","Y","Y","fruit","Y","Ornamentals","Food",NA,"Ornamentals","Fruits","",NA,2,NA,"2","","","","","","","","","","","Kuhnlein and Turner 2020","","Kuhnlein and Turner 2020",24,13,11
"80","Rosa arkansana","Rose","Rosa","Rosa arkansana",NA,NA,"N","Y","Y","fruit","Y","Ornamentals","Food",NA,"Ornamentals","Fruits","",NA,2,NA,"2","","","","","","","","","","","Kuhnlein and Turner 2020","","Kuhnlein and Turner 2020",7,2,5
"81","Rosa pisocarpa","Rose","Rosa","Rosa pisocarpa",NA,NA,"Y","Y","Y","fruit","Y","Ornamentals","Food",NA,"Ornamentals","Fruits","",NA,2,NA,"2","","","","","","","","","","","Kuhnlein and Turner 2020","","Kuhnlein and Turner 2020",12,8,4
"82","Salix arctica","Willow","Salix","Salix arctica",NA,NA,"Y","Y","Y","leaves","Y","Medicinals","Forest Resources",NA,"Medicinals","Forest Resources","",NA,2,NA,"2","","","","","","","","","","","Kuhnlein and Turner 2020","","Kuhnlein and Turner 2020",3,3,0
"83","Salix arctophila","Willow","Salix","Salix arctophila",NA,NA,"Y","Y","Y","leaves","Y","Medicinals","Forest Resources",NA,"Medicinals","Forest Resources","",NA,2,NA,"2","","","","","","","","","","","Kuhnlein and Turner 2020","","Kuhnlein and Turner 2020",3,3,0
"84","Salix scouleriana","Willow","Salix","Salix scouleriana",NA,NA,"Y","Y","Y","","Y","Medicinals","",NA,"Medicinals","","",NA,2,NA,"2","","","","","","","","","","","Kuhnlein and Turner 2020","","Kuhnlein and Turner 2020",2,2,0
"85","Sambucus racemosa","Elderberry","Sambucus","Sambucus racemosa",NA,NA,"Y","Y","Y","fruit","Y","Food","Ornamentals",NA,"Fruits","Ornamentals","",NA,2,NA,"2","","","","","","","","","","","Davidson 1995","","Kuhnlein and Turner 2020",42,9,33
"86","Schizachyrium scoparium","Bluestem","Schizachyrium","Schizachyrium scoparium",NA,NA,"N","Y","N","","Y","Food","",NA,"Forage and Feed","","",NA,2,NA,"2","","","","","","","","","","","Davidson 1995","","",173,23,150
"87","Astragalus alpinus","Milk-vetch","Astragalus","Astragalus alpinus",NA,NA,"N","Y","N","","Y","Food","",NA,"Forage and Feed","","",NA,2,NA,"2","","","","","","","","","","","Davidson 1995","","",9,1,8
"88","Rosa carolina","Rose","Rosa","Rosa carolina",NA,NA,"N","Y","Y","fruit","Y","Ornamentals","Food",NA,"Ornamentals","Fruits","",NA,2,NA,"2","","","","","","","","","","","Kuhnlein and Turner 2020","","Kuhnlein and Turner 2020",13,2,11
"89","Sambucus caerulea","Elderberry","Sambucus","Sambucus caerulea",NA,NA,"Y","Y","Y","fruit, flowers (as WUS not as CWR, CWR assigned for ornamental value)","Y","Food","Ornamentals",NA,"Fruits","Ornamentals","",NA,2,NA,"2","","","","","","","","","","","Davidson 1995","","Kuhnlein and Turner 2020",1,1,0
"90","Taxus brevifolia","Yew","Taxus","Taxus brevifolia",NA,NA,"Y","Y","Y","medicinal properties","Y","Forest Resources","Medicinals",NA,"Forest Resources","Medicinals","",NA,2,NA,"2","","","","","","","","","","","Davidson 1995","","Fett-Neto et al. 1992",9,4,5
"91","Sorbus sitchensis var. sitchensis","Rowan","Sorbus","Sorbus sitchensis","var.","sitchensis","Y","Y","Y","fruit","Y","Forest Resources","Food",NA,"Forest Resources","Fruits","",NA,2,NA,"2","","","","","","","","","","","Kuhnlein and Turner 2020","","Kuhnlein and Turner 2020",12,5,7
"92","Salix planifolia","Willow","Salix","Salix planifolia",NA,NA,"Y","Y","Y","leaves","Y","Medicinals","Forest Resources",NA,"Medicinals","Forest Resources","",NA,2,NA,"2","","","","","","","","","","","Kuhnlein and Turner 2020","","Kuhnlein and Turner 2020",4,4,0
"93","Bromus kalmii","Bromegrass","Bromus","Bromus kalmii",NA,NA,"Y","Y","N","","Y","Food","",NA,"Forage and Feed","","",NA,2,NA,"2","","","","","","","","","","","Davidson 1995","","",6,1,5
"94","Calamagrostis canadensis","Bluejoint","Calamagrostis","Calamagrostis canadensis",NA,NA,"N","Y","N","","Y","Food","",NA,"Forage and Feed","","",NA,2,NA,"2","","","","","","","","","","","GRIN-Global 2021","","",41,1,40
"95","Festuca altaica","Fescue","Festuca","Festuca altaica",NA,NA,"Y","Y","N","","Y","Food","Ornamentals",NA,"Forage and Feed","Ornamentals","",NA,2,NA,"2","","","","","","","","","","","Davidson 1995","","",22,1,21
"96","Poa alpina","Bluegrass","Poa","Poa alpina",NA,NA,"N","Y","N","","Y","Food","",NA,"Forage and Feed","","",NA,2,NA,"2","","","","","","","","","","","Davidson 1995","","",112,2,110
"97","Quercus garryana var. garryana","Oak","Quercus","Quercus garryana","var.","garryana","Y","Y","Y","acorns","Y","Forest Resources","",NA,"Forest Resources","","",NA,2,NA,"2","","","","","","","","","","","Davidson 1995","","Kuhnlein and Turner 2020",66,66,0
"98","Viburnum rafinesqueanum","Highbush cranberry","Viburnum","Viburnum rafinesqueanum",NA,NA,"Y","Y","Y","fruit","Y","Ornamentals","",NA,"Ornamentals","","",NA,2,NA,"2","","","","","","","","","","","Davidson 1995","","Kuhnlein and Turner 2020",9,2,7
"99","Erythronium oregonum","Fawn-Lily","Erythronium","Erythronium oregonum",NA,NA,"Y","Y","N","bulbs","Y","Food","Ornamentals",NA,"Vegetables","Ornamentals","",NA,2,NA,"2","","","","","","","Ornamental Features (AG)","","","","GRIN-Global 2021","GRIN-Global 2021","Kuhnlein and Turner 2020",11,11,0
"100","Gaillardia aristata","Blanket-Flower","Gaillardia","Gaillardia aristata",NA,NA,"Y","Y","N","","Y","Ornamentals","",NA,"Ornamentals","","",NA,2,NA,"2","","","","","","","Ornamental Features (AG)","","","","GRIN-Global 2021","GRIN-Global 2021","",17,6,11
"101","Salix sitchensis","Willow","Salix","Salix sitchensis",NA,NA,"Y","Y","Y","","Y","Medicinals","",NA,"Medicinals","","",NA,2,NA,"2","","","","","","","","","","","Kuhnlein and Turner 2020","","Kuhnlein and Turner 2020",4,3,1
"102","Tsuga mertensiana","Hemlock","Tsuga","Tsuga mertensiana",NA,NA,"Y","Y","Y","inner bark","Y","Forest Resources","",NA,"Forest Resources","","",NA,2,NA,"2","","","","","","","","","","","Davidson 1995","","Kuhnlein and Turner 2020",27,17,10
"103","Larix occidentalis","Larch","Larix","Larix occidentalis",NA,NA,"Y","Y","Y","western larch; gum, inner bark, sap","Y","Forest Resources","",NA,"Forest Resources","","",NA,2,NA,"2","","","","","","","","","","","Davidson 1995","","Kuhnlein and Turner 2020",17,2,15
"104","Abies amabilis","Fir","Abies","Abies amabilis",NA,NA,"Y","Y","N","","Y","Forest Resources","",NA,"Forest Resources","","",NA,2,NA,"2","","","","","","","","","","","Davidson 1995","","",26,16,10
"105","Rosa gymnocarpa","Rose","Rosa","Rosa gymnocarpa",NA,NA,"N","Y","Y","fruit","Y","Ornamentals","Food",NA,"Ornamentals","Fruits","",NA,2,NA,"2","","","","","","","","","","","Kuhnlein and Turner 2020","","Kuhnlein and Turner 2020",11,7,4
"106","Picea sitchensis","Spruce","Picea","Picea sitchensis",NA,NA,"Y","Y","Y","gum, inner bark","Y","Forest Resources","",NA,"Forest Resources","","",NA,2,NA,"2","","","","","","","","","","","Davidson 1995","","Kuhnlein and Turner 2020",56,25,31
"107","Viburnum edule","Highbush cranberry","Viburnum","Viburnum edule",NA,NA,"Y","Y","Y","fruit","Y","Ornamentals","",NA,"Ornamentals","","",NA,2,NA,"2","","","","","","","","","","","Davidson 1995","","Kuhnlein and Turner 2020",2,2,0
"108","Dicentra formosa","Bleeding-Heart","Dicentra","Dicentra formosa",NA,NA,"Y","Y","N","","Y","Ornamentals","",NA,"Ornamentals","","",NA,2,NA,"2","","","","","","","Ornamental Features (AG)","","","","GRIN-Global 2021","","",12,8,4
"109","Hosackia gracilis","Trefoil","Hosackia","Hosackia gracilis",NA,NA,"Y","Y","N","","Y","Food","",NA,"Forage and Feed","","",NA,2,NA,"2","","","","","","","","","","","Davidson 1995","","",4,3,1
"110","Larix lyallii","Larch","Larix","Larix lyallii",NA,NA,"Y","Y","N","","Y","Forest Resources","",NA,"Forest Resources","","",NA,2,NA,"2","","","","","","","","","","","Davidson 1995","","",1,1,0
"111","Tsuga heterophylla","Hemlock","Tsuga","Tsuga heterophylla",NA,NA,"Y","Y","Y","inner bark","Y","Forest Resources","",NA,"Forest Resources","","",NA,2,NA,"2","","","","","","","","","","","Davidson 1995","","Kuhnlein and Turner 2020",23,11,12
"112","Tradescantia virginiana","Spiderwort","Tradescantia","Tradescantia virginiana",NA,NA,"Y","Y","N","","N","Ornamentals","",NA,"Ornamentals","","",NA,2,NA,"2","","","","","","","Ornamental Features (AG)","","","","GRIN-Global 2021","GRIN-Global 2021","",3,2,1
"113","Bromus vulgaris","Bromegrass","Bromus","Bromus vulgaris",NA,NA,"Y","Y","N","","Y","Food","",NA,"Forage and Feed","","",NA,2,NA,"2","","","","","","","","","","","Davidson 1995","","",4,1,3
"114","Pinus albicaulis","Pine","Pinus","Pinus albicaulis",NA,NA,"Y","Y","Y","seeds, inner bark","Y","Forest Resources","",NA,"Forest Resources","","",NA,2,NA,"2","","","","","","","","","","","Davidson 1995","","Kuhnlein and Turner 2020",1140,1,1139
"115","Rosa nitida","Rose","Rosa","Rosa nitida",NA,NA,"Y","Y","Y","fruit","Y","Ornamentals","Food",NA,"Ornamentals","Fruits","",NA,2,NA,"2","","","","","","","","","","","Kuhnlein and Turner 2020","","Kuhnlein and Turner 2020",3,3,0
"116","Astragalus americanus","Milk-vetch","Astragalus","Astragalus americanus",NA,NA,"Y","Y","Y","roots","Y","Food","",NA,"Forage and Feed","","",NA,2,NA,"2","","","","","","","","","","","Davidson 1995","","Kuhnlein and Turner 2020",3,1,2
"117","Agrostis perennans","Bentgrass","Agrostis","Agrostis perennans",NA,NA,"Y","Y","N","","Y","Food","",NA,"Forage and Feed","","",NA,2,NA,"2","","","","","","","","","","","Davidson 1995","","",3,0,3
"118","Agrostis scabra","Bentgrass","Agrostis","Agrostis scabra",NA,NA,"Y","Y","N","","Y","Food","",NA,"Forage and Feed","","",NA,2,NA,"2","","","","","","","","","","","Davidson 1995","","",15,0,15
"119","Astragalus flexuosus","Milk-vetch","Astragalus","Astragalus flexuosus",NA,NA,"Y","Y","N","","Y","Food","",NA,"Forage and Feed","","",NA,2,NA,"2","","","","","","","","","","","Davidson 1995","","",3,0,3
"120","Bromus carinatus","Bromegrass","Bromus","Bromus carinatus",NA,NA,"N","Y","N","","Y","Food","",NA,"Forage and Feed","","",NA,2,NA,"2","","","","","","","","","","","Davidson 1995","","",47,0,47
"121","Bromus ciliatus","Bromegrass","Bromus","Bromus ciliatus",NA,NA,"Y","Y","N","","Y","Food","",NA,"Forage and Feed","","",NA,2,NA,"2","","","","","","","","","","","Davidson 1995","","",19,0,19
"122","Bromus inermis","Bromegrass","Bromus","Bromus inermis",NA,NA,"Y","Y","N","","N","Food","",NA,"Forage and Feed","","",NA,2,NA,"2","","","","","","","","","","","Davidson 1995","","",85,0,85
"123","Bromus porteri","Bromegrass","Bromus","Bromus porteri",NA,NA,"Y","Y","N","","Y","Food","",NA,"Forage and Feed","","",NA,2,NA,"2","","","","","","","","","","","Davidson 1995","","",1,0,1
"124","Festuca occidentalis","Fescue","Festuca","Festuca occidentalis",NA,NA,"Y","Y","N","","Y","Food","Ornamentals",NA,"Forage and Feed","Ornamentals","",NA,2,NA,"2","","","","","","","","","","","Davidson 1995","","",5,0,5
"125","Festuca rubra","Fescue","Festuca","Festuca rubra",NA,NA,"N","Y","N","","Y","Food","Ornamentals",NA,"Forage and Feed","Ornamentals","",NA,2,NA,"2","","","","","","","","","","","Davidson 1995","","",474,0,474
"126","Festuca subuliflora","Fescue","Festuca","Festuca subuliflora",NA,NA,"Y","Y","N","","Y","Food","Ornamentals",NA,"Forage and Feed","Ornamentals","",NA,2,NA,"2","","","","","","","","","","","Davidson 1995","","",1,0,1
"127","Hedysarum boreale","Sainfoin","Hedysarum","Hedysarum boreale",NA,NA,"N","Y","Y","northern hedysarum","Y","Food","",NA,"Forage and Feed","","",NA,2,NA,"2","","","","","","","","","","","Davidson 1995","","Kuhnlein and Turner 2020",27,0,27
"128","Hedysarum sulphurescens","Sainfoin","Hedysarum","Hedysarum sulphurescens",NA,NA,"Y","Y","N","","Y","Food","",NA,"Forage and Feed","","",NA,2,NA,"2","","","","","","","","","","","Davidson 1995","","",1,0,1
"129","Lathyrus venosus","Lathyrus","Lathyrus","Lathyrus venosus",NA,NA,"N","Y","N","","Y","Food","",NA,"Forage and Feed","","",NA,2,NA,"2","","","","","","","","","","","Davidson 1995","","",1,0,1
"130","Poa secunda","Bluegrass","Poa","Poa secunda",NA,NA,"N","Y","N","","Y","Food","",NA,"Forage and Feed","","",NA,2,NA,"2","","","","","","","","","","","Davidson 1995","","",240,0,240
"131","Poa trivialis","Bluegrass","Poa","Poa trivialis",NA,NA,"Y","Y","N","","N","Food","",NA,"Forage and Feed","","",NA,2,NA,"2","","","","","","","","","","","Davidson 1995","","",46,0,46
"132","Trifolium variegatum","Clover","Trifolium","Trifolium variegatum",NA,NA,"Y","Y","N","","Y","Food","",NA,"Forage and Feed","","",NA,2,NA,"2","","","","","","","","","","","Davidson 1995","","",20,0,20
"133","Trifolium wormskioldii","Clover","Trifolium","Trifolium wormskioldii",NA,NA,"Y","Y","Y","rhizomes","Y","Food","",NA,"Forage and Feed","","",NA,2,NA,"2","","","","","","","","","","","Davidson 1995","","Kuhnlein and Turner 2020",33,0,33
"134","Vicia americana","Vetch","Vicia","Vicia americana",NA,NA,"N","Y","Y","seeds","Y","Food","",NA,"Forage and Feed","","",NA,2,NA,"2","","","","","","","","","","","Davidson 1995","","Kuhnlein and Turner 2020",11,0,11
"135","Alnus serrulata","Alder","Alnus","Alnus serrulata",NA,NA,"Y","Y","Y","inner bark and catkins","Y","Forest Resources","",NA,"Forest Resources","","",NA,2,NA,"2","","","","","","","","","","","CANADENSYS 2021","","",5,0,5
"136","Betula cordifolia","Birch","Betula","Betula cordifolia",NA,NA,"Y","Y","N","","Y","Forest Resources","",NA,"Forest Resources","","",NA,2,NA,"2","","","","","","","","","","","Davidson 1995","","",16,0,16
"137","Carpinus caroliniana","Blue-beech","Carpinus","Carpinus caroliniana",NA,NA,"N","Y","N","","Y","Forest Resources","",NA,"Forest Resources","","",NA,2,NA,"2","","","","","","","","","","","CANADENSYS 2021","","",83,40,43
"138","Cephalanthus occidentalis","Buttonbush","Cephalanthus","Cephalanthus occidentalis",NA,NA,"N","Y","N","","Y","Ornamentals","Forest Resources",NA,"Ornamentals","Forest Resources","",NA,2,NA,"2","","","","","","","","","","","CANADENSYS 2021","","",34,31,3
"139","Betula minor","Birch","Betula","Betula minor",NA,NA,"Y","Y","N","","Y","Forest Resources","",NA,"Forest Resources","","",NA,2,NA,"2","","","","","","","","","","","Davidson 1995","","",4,3,1
"140","Ilex verticillata","Winterberry","Ilex","Ilex verticillata",NA,NA,"Y","Y","N","","Y","Ornamentals","Forest Resources",NA,"Ornamentals","Forest Resources","",NA,2,NA,"2","","","","","","","","","","","CANADENSYS 2021","","",221,163,58
"141","Ostrya virginiana","Ironwood","Ostrya","Ostrya virginiana",NA,NA,"Y","Y","N","","Y","Ornamentals","Forest Resources",NA,"Ornamentals","Forest Resources","",NA,2,NA,"2","","","","","","","","","","","CANADENSYS 2021","","",141,109,32
"142","Lonicera canadensis","Honeysuckle","Lonicera","Lonicera canadensis",NA,NA,"Y","Y","N","","Y","Ornamentals","Forest Resources",NA,"Ornamentals","Forest Resources","",NA,2,NA,"2","","","","","","","","","","","CANADENSYS 2021","","",11,10,1
"143","Diervilla lonicera","Bush-honeysuckle","Diervilla","Diervilla lonicera",NA,NA,"Y","Y","N","","Y","Forest Resources","",NA,"Forest Resources","","",NA,2,NA,"2","","","","","","","","","","","CANADENSYS 2021","","",55,26,29
"144","Lindera benzoin","Spicebush","Lindera","Lindera benzion",NA,NA,"Y","Y","N","","Y","Ornamentals","Forest Resources",NA,"Ornamentals","Forest Resources","",NA,2,NA,"2","","","","","","","","","","","CANADENSYS 2021","","",63,32,31
"145","Platanus occidentalis","Sycamore","Platanus","Platanus occidentalis",NA,NA,"Y","Y","N","","Y","Ornamentals","Forest Resources",NA,"Ornamentals","Forest Resources","",NA,2,NA,"2","","","","","","","","","","","CANADENSYS 2021","","",41,34,7
"146","Gleditsia triacanthos","Honey-locust","Gleditsia","Gleditsia triacanthos",NA,NA,"Y","Y","N","","Y","Forest Resources","",NA,"Forest Resources","","",NA,2,NA,"2","","","","","","","","","","","CANADENSYS 2021","","",61,60,1
"147","Elaeagnus commutata","Wolf-willow","Elaeagnus","Elaeagnus commutata",NA,NA,"Y","Y","N","","Y","Forest Resources","",NA,"Forest Resources","","",NA,2,NA,"2","","","","","","","","","","","CANADENSYS 2021","","",21,20,1
"148","Viburnum lantanoides","Highbush cranberry","Viburnum","Viburnum lantanoides",NA,NA,"Y","Y","Y","fruit","Y","Ornamentals","",NA,"Ornamentals","","",NA,2,NA,"2","","","","","","","","","","","Davidson 1995","","Kuhnlein and Turner 2020",9,0,9
"149","Rhus typhina","Sumac","Rhus","Rhus typhina",NA,NA,"Y","Y","N","","Y","Ornamentals","Forest Resources",NA,"Ornamentals","Forest Resources","",NA,2,NA,"2","","","","","","","","","","","CANADENSYS 2021","","",102,55,47
"150","Salix discolor","Willow","Salix","Salix discolor",NA,NA,"Y","Y","N","","Y","Forest Resources","",NA,"Forest Resources","","",NA,2,NA,"2","","","","","","","","","","","CANADENSYS 2021","","",49,16,33
"151","Rhus copallinum","Sumac","Rhus","Rhus copallinum",NA,NA,"N","Y","N","","Y","Ornamentals","Forest Resources",NA,"Ornamentals","Forest Resources","",NA,2,NA,"2","","","","","","","","","","","CANADENSYS 2021","","",88,37,51
"152","Ptelea trifoliata","Hop-tree","Ptelea","Ptelea trifoliata",NA,NA,"N","Y","N","","Y","Ornamentals","Forest Resources",NA,"Ornamentals","Forest Resources","",NA,2,NA,"2","","","","","","","","","","","CANADENSYS 2021","","",66,57,9
"153","Rhus glabra","Sumac","Rhus","Rhus glabra",NA,NA,"Y","Y","N","","Y","Ornamentals","Forest Resources",NA,"Ornamentals","Forest Resources","",NA,2,NA,"2","","","","","","","","","","","CANADENSYS 2021","","",82,56,26
"154","Acmispon denticulatus","Trefoil","Acmispon","Acmispon denticulatus",NA,NA,"Y","Y","N","","Y","Food","",NA,"Forage and Feed","","",NA,2,NA,"2","","","","","","","","","","","Davidson 1995","","",1,0,1
"155","Agrostis exarata","Bentgrass","Agrostis","Agrostis exarata",NA,NA,"Y","Y","N","","Y","Food","",NA,"Forage and Feed","","",NA,2,NA,"2","","","","","","","","","","","Davidson 1995","","",3,0,3
"156","Agrostis mertensii","Bentgrass","Agrostis","Agrostis mertensii",NA,NA,"Y","Y","N","","Y","Food","",NA,"Forage and Feed","","",NA,2,NA,"2","","","","","","","","","","","Davidson 1995","","",5,0,5
"157","Andropogon hallii","Bluestem","Andropogon","Andropogon hallii",NA,NA,"Y","Y","N","","Y","Food","",NA,"Forage and Feed","","",NA,2,NA,"2","","","","","","","","","","","Davidson 1995","","",19,0,19
"158","Astragalus bisulcatus","Milk-vetch","Astragalus","Astragalus bisulcatus",NA,NA,"N","Y","N","","Y","Food","",NA,"Forage and Feed","","",NA,2,NA,"2","","","","","","","","","","","Davidson 1995","","",2,0,2
"159","Astragalus crassicarpus","Milk-vetch","Astragalus","Astragalus crassicarpus",NA,NA,"N","Y","Y","unripe pods and seeds","Y","Food","",NA,"Forage and Feed","","",NA,2,NA,"2","","","","","","","","","","","Davidson 1995","","Kuhnlein and Turner 2020",1,0,1
"160","Astragalus drummondii","Milk-vetch","Astragalus","Astragalus drummondii",NA,NA,"Y","Y","N","","Y","Food","",NA,"Forage and Feed","","",NA,2,NA,"2","","","","","","","","","","","Davidson 1995","","",1,0,1
"161","Astragalus filipes","Milk-vetch","Astragalus","Astragalus filipes",NA,NA,"Y","Y","N","","Y","Food","",NA,"Forage and Feed","","",NA,2,NA,"2","","","","","","","","","","","Davidson 1995","","",2,0,2
"162","Astragalus laxmannii var. robustior","Milk-vetch","Astragalus","Astragalus laxmannii","var.","robustior","Y","Y","N","","Y","Food","",NA,"Forage and Feed","","",NA,2,NA,"2","","","","","","","","","","","Davidson 1995","","",2,0,2
"163","Astragalus miser var. serotinus","Milk-vetch","Astragalus","Astragalus miser","var.","serotinus","Y","Y","Y","seeds","Y","Food","",NA,"Forage and Feed","","",NA,2,NA,"2","","","","","","","","","","","Davidson 1995","","Kuhnlein and Turner 2020",1,0,1
"164","Astragalus purshii var. purshii","Milk-vetch","Astragalus","Astragalus purshii","var.","purshii","Y","Y","N","","Y","Food","",NA,"Forage and Feed","","",NA,2,NA,"2","","","","","","","","","","","Davidson 1995","","",1,0,1
"165","Astragalus racemosus","Milk-vetch","Astragalus","Astragalus racemosus",NA,NA,"N","Y","N","","Y","Food","",NA,"Forage and Feed","","",NA,2,NA,"2","","","","","","","","","","","Davidson 1995","","",1,0,1
"166","Astragalus robbinsii var. minor","Milk-vetch","Astragalus","Astragalus robbinsii","var.","minor","Y","Y","N","","Y","Food","",NA,"Forage and Feed","","",NA,2,NA,"2","","","","","","","","","","","Davidson 1995","","",1,0,1
"167","Astragalus spatulatus","Milk-vetch","Astragalus","Astragalus spatulatus",NA,NA,"Y","Y","N","","Y","Food","",NA,"Forage and Feed","","",NA,2,NA,"2","","","","","","","","","","","Davidson 1995","","",1,0,1
"168","Bromus anomalus","Bromegrass","Bromus","Bromus anomalus",NA,NA,"Y","Y","N","","Y","Food","",NA,"Forage and Feed","","",NA,2,NA,"2","","","","","","","","","","","Davidson 1995","","",16,0,16
"169","Bromus pacificus","Bromegrass","Bromus","Bromus pacificus",NA,NA,"Y","Y","N","","Y","Food","",NA,"Forage and Feed","","",NA,2,NA,"2","","","","","","","","","","","Davidson 1995","","",1,0,1
"170","Bromus pubescens","Bromegrass","Bromus","Bromus pubescens",NA,NA,"Y","Y","N","","Y","Food","",NA,"Forage and Feed","","",NA,2,NA,"2","","","","","","","","","","","Davidson 1995","","",2,0,2
"171","Bromus sitchensis","Bromegrass","Bromus","Bromus sitchensis",NA,NA,"N","Y","N","","Y","Food","",NA,"Forage and Feed","","",NA,2,NA,"2","","","","","","","","","","","Davidson 1995","","",3,0,3
"172","Festuca subverticillata","Fescue","Festuca","Festuca subverticillata",NA,NA,"Y","Y","N","","Y","Food","Ornamentals",NA,"Forage and Feed","Ornamentals","",NA,2,NA,"2","","","","","","","","","","","Davidson 1995","","",2,0,2
"173","Hedysarum occidentale","Sainfoin","Hedysarum","Hedysarum occidentale",NA,NA,"Y","Y","N","","Y","Food","",NA,"Forage and Feed","","",NA,2,NA,"2","","","","","","","","","","","Davidson 1995","","",1,0,1
"174","Lathyrus japonicus","Lathyrus","Lathyrus","Lathyrus japonicus",NA,NA,"Y","Y","Y","beach pea; seeds","Y","Food","",NA,"Forage and Feed","","",NA,2,NA,"2","","","","","","","","","","","Davidson 1995","","Kuhnlein and Turner 2020",9,0,9
"175","Lathyrus littoralis","Lathyrus","Lathyrus","Lathyrus littoralis",NA,NA,"Y","Y","N","","Y","Food","",NA,"Forage and Feed","","",NA,2,NA,"2","","","","","","","","","","","Davidson 1995","","",1,0,1
"176","Lathyrus nevadensis","Lathyrus","Lathyrus","Lathyrus nevadensis",NA,NA,"N","Y","N","","Y","Food","",NA,"Forage and Feed","","",NA,2,NA,"2","","","","","","","","","","","Davidson 1995","","",1,0,1
"177","Lathyrus palustris","Lathyrus","Lathyrus","Lathyrus palustris",NA,NA,"Y","Y","Y","marsh vetchling; seeds","Y","Food","",NA,"Forage and Feed","","",NA,2,NA,"2","","","","","","","","","","","Davidson 1995","","Kuhnlein and Turner 2020",1,0,1
"178","Phleum alpinum","Timothy","Phleum","Phleum alpinum",NA,NA,"Y","Y","N","","Y","Food","",NA,"Forage and Feed","","",NA,2,NA,"2","","","","","","","","","","","Davidson 1995","","",28,0,28
"179","Poa arctica","Bluegrass","Poa","Poa arctica",NA,NA,"N","Y","N","","Y","Food","",NA,"Forage and Feed","","",NA,2,NA,"2","","","","","","","","","","","Davidson 1995","","",113,0,113
"180","Poa arida","Bluegrass","Poa","Poa arida",NA,NA,"Y","Y","N","","Y","Food","",NA,"Forage and Feed","","",NA,2,NA,"2","","","","","","","","","","","Davidson 1995","","",1,0,1
"181","Poa cusickii","Bluegrass","Poa","Poa cusickii",NA,NA,"N","Y","N","","Y","Food","",NA,"Forage and Feed","","",NA,2,NA,"2","","","","","","","","","","","Davidson 1995","","",2,0,2
"182","Poa eminens","Bluegrass","Poa","Poa eminens",NA,NA,"Y","Y","N","","Y","Food","",NA,"Forage and Feed","","",NA,2,NA,"2","","","","","","","","","","","Davidson 1995","","",6,0,6
"183","Poa glauca","Bluegrass","Poa","Poa glauca",NA,NA,"N","Y","N","","Y","Food","",NA,"Forage and Feed","","",NA,2,NA,"2","","","","","","","","","","","Davidson 1995","","",106,0,106
"184","Poa humilis","Bluegrass","Poa","Poa humilis",NA,NA,"Y","Y","N","","Y","Food","",NA,"Forage and Feed","","",NA,2,NA,"2","","","","","","","","","","","Davidson 1995","","",7,0,7
"185","Poa macrantha","Bluegrass","Poa","Poa macrantha",NA,NA,"Y","Y","N","","Y","Food","",NA,"Forage and Feed","","",NA,2,NA,"2","","","","","","","","","","","Davidson 1995","","",2,0,2
"186","Poa nemoralis","Bluegrass","Poa","Poa nemoralis",NA,NA,"Y","Y","N","","N","Food","",NA,"Forage and Feed","","",NA,2,NA,"2","","","","","","","","","","","Davidson 1995","","",59,0,59
"187","Poa palustris","Bluegrass","Poa","Poa palustris",NA,NA,"Y","Y","N","","Y","Food","",NA,"Forage and Feed","","",NA,2,NA,"2","","","","","","","","","","","Davidson 1995","","",28,0,28
"188","Poa stenantha","Bluegrass","Poa","Poa stenantha",NA,NA,"N","Y","N","","Y","Food","",NA,"Forage and Feed","","",NA,2,NA,"2","","","","","","","","","","","Davidson 1995","","",1,0,1
"189","Salix exigua","Willow","Salix","Salix exigua",NA,NA,"Y","Y","Y","leaves","Y","Medicinals","Forest Resources",NA,"Medicinals","Forest Resources","",NA,2,NA,"2","","","","","","","","","","","Kuhnlein and Turner 2020","","Kuhnlein and Turner 2020",7,0,7
"190","Sorbus scopulina","Rowan","Sorbus","Sorbus scopulina",NA,NA,"Y","Y","Y","fruit","Y","Forest Resources","Food",NA,"Forest Resources","Fruits","",NA,2,NA,"2","","","","","","","","","","","Kuhnlein and Turner 2020","","Kuhnlein and Turner 2020",13,0,13
"191","Tradescantia occidentalis","Spiderwort","Tradescantia","Tradescantia occidentalis",NA,NA,"N","Y","N","","N","Ornamentals","",NA,"Ornamentals","","",NA,2,NA,"2","","","","","","","","","","","CANADENSYS 2022","","",2,0,2
"192","Tradescantia ohiensis","Spiderwort","Tradescantia","Tradescantia ohiensis",NA,NA,"Y","Y","N","","N","Ornamentals","",NA,"Ornamentals","","",NA,2,NA,"2","","","","","","","","","","","CANADENSYS 2021","","",9,0,9
"193","Trifolium cyathiferum","Clover","Trifolium","Trifolium cyathiferum",NA,NA,"Y","Y","N","","Y","Food","",NA,"Forage and Feed","","",NA,2,NA,"2","","","","","","","","","","","Davidson 1995","","",11,0,11
"194","Trifolium depauperatum","Clover","Trifolium","Trifolium depauperatum",NA,NA,"N","Y","N","","Y","Food","",NA,"Forage and Feed","","",NA,2,NA,"2","","","","","","","","","","","Davidson 1995","","",7,0,7
"195","Trifolium dichotomum","Clover","Trifolium","Trifolium dichotomum",NA,NA,"Y","Y","N","","Y","Food","",NA,"Forage and Feed","","",NA,2,NA,"2","","","","","","","","","","","Davidson 1995","","",4,0,4
"196","Trifolium microcephalum","Clover","Trifolium","Trifolium microcephalum",NA,NA,"Y","Y","N","","Y","Food","",NA,"Forage and Feed","","",NA,2,NA,"2","","","","","","","","","","","Davidson 1995","","",23,0,23
"197","Trifolium microdon","Clover","Trifolium","Trifolium microdon",NA,NA,"Y","Y","N","","Y","Food","",NA,"Forage and Feed","","",NA,2,NA,"2","","","","","","","","","","","Davidson 1995","","",6,0,6
"198","Trifolium oliganthum","Clover","Trifolium","Trifolium oliganthum",NA,NA,"Y","Y","N","","Y","Food","",NA,"Forage and Feed","","",NA,2,NA,"2","","","","","","","","","","","Davidson 1995","","",1,0,1
"199","Trifolium willdenovii","Clover","Trifolium","Trifolium willdenovii",NA,NA,"Y","Y","N","","Y","Food","",NA,"Forage and Feed","","",NA,2,NA,"2","","","","","","","","","","","Davidson 1995","","",18,0,18
"200","Viburnum cassinoides","Highbush cranberry","Viburnum","Viburnum cassinoides",NA,NA,"Y","Y","Y","fruit","Y","Ornamentals","",NA,"Ornamentals","","",NA,2,NA,"2","","","","","","","","","","","Davidson 1995","","Kuhnlein and Turner 2020",9,0,9
"201","Rhus aromatica","Sumac","Rhus","Rhus aromatica",NA,NA,"N","Y","N","","Y","Ornamentals","Forest Resources",NA,"Ornamentals","Forest Resources","",NA,2,NA,"2","","","","","","","","","","","CANADENSYS 2021","","",119,82,37
"202","Ilex mucronata","Winterberry","Ilex","Ilex mucronata",NA,NA,"Y","Y","N","","Y","Ornamentals","Forest Resources",NA,"Ornamentals","Forest Resources","",NA,2,NA,"2","","","","","","","","","","","CANADENSYS 2021","","",7,2,5
"203","Acmispon americanus","Trefoil","Acmispon","Acmispon americanus",NA,NA,"N","Y","N","","Y","Food","",NA,"Forage and Feed","","",NA,2,NA,"2","","","","","","","","","","","Davidson 1995","","",0,0,0
"204","Acmispon parviflorus","Trefoil","Acmispon","Acmispon parviflorus",NA,NA,"Y","Y","N","","Y","Food","",NA,"Forage and Feed","","",NA,2,NA,"2","","","","","","","","","","","Davidson 1995","","",0,0,0
"205","Agrostis hyemalis","Bentgrass","Agrostis","Agrostis hyemalis",NA,NA,"Y","Y","N","","Y","Food","",NA,"Forage and Feed","","",NA,2,NA,"2","","","","","","","","","","","Davidson 1995","","",0,0,0
"206","Astragalus agrestis","Milk-vetch","Astragalus","Astragalus agrestis",NA,NA,"Y","Y","N","","Y","Food","",NA,"Forage and Feed","","",NA,2,NA,"2","","","","","","","","","","","Davidson 1995","","",0,0,0
"207","Astragalus beckwithii","Milk-vetch","Astragalus","Astragalus beckwithii",NA,NA,"N","Y","N","","Y","Food","",NA,"Forage and Feed","","",NA,2,NA,"2","","","","","","","","","","","Davidson 1995","","",0,0,0
"208","Astragalus bodinii","Milk-vetch","Astragalus","Astragalus bodinii",NA,NA,"Y","Y","N","","Y","Food","",NA,"Forage and Feed","","",NA,2,NA,"2","","","","","","","","","","","Davidson 1995","","",0,0,0
"209","Astragalus bourgovii","Milk-vetch","Astragalus","Astragalus bourgovii",NA,NA,"Y","Y","N","","Y","Food","",NA,"Forage and Feed","","",NA,2,NA,"2","","","","","","","","","","","Davidson 1995","","",0,0,0
"210","Astragalus collinus","Milk-vetch","Astragalus","Astragalus collinus",NA,NA,"N","Y","N","","Y","Food","",NA,"Forage and Feed","","",NA,2,NA,"2","","","","","","","","","","","Davidson 1995","","",0,0,0
"211","Astragalus eucosmus","Milk-vetch","Astragalus","Astragalus eucosmus",NA,NA,"Y","Y","N","","Y","Food","",NA,"Forage and Feed","","",NA,2,NA,"2","","","","","","","","","","","Davidson 1995","","",0,0,0
"212","Astragalus gilviflorus","Milk-vetch","Astragalus","Astragalus gilviflorus",NA,NA,"N","Y","N","","Y","Food","",NA,"Forage and Feed","","",NA,2,NA,"2","","","","","","","","","","","Davidson 1995","","",0,0,0
"213","Astragalus kentrophyta","Milk-vetch","Astragalus","Astragalus kentrophyta",NA,NA,"N","Y","N","","Y","Food","",NA,"Forage and Feed","","",NA,2,NA,"2","","","","","","","","","","","Davidson 1995","","",0,0,0
"214","Astragalus lentiginosus","Milk-vetch","Astragalus","Astragalus lentiginosus",NA,NA,"N","Y","N","","Y","Food","",NA,"Forage and Feed","","",NA,2,NA,"2","","","","","","","","","","","Davidson 1995","","",0,0,0
"215","Astragalus lotiflorus","Milk-vetch","Astragalus","Astragalus lotiflorus",NA,NA,"Y","Y","N","","Y","Food","",NA,"Forage and Feed","","",NA,2,NA,"2","","","","","","","","","","","Davidson 1995","","",0,0,0
"216","Astragalus microcystis","Milk-vetch","Astragalus","Astragalus microcystis",NA,NA,"Y","Y","N","","Y","Food","",NA,"Forage and Feed","","",NA,2,NA,"2","","","","","","","","","","","Davidson 1995","","",0,0,0
"217","Astragalus missouriensis","Milk-vetch","Astragalus","Astragalus missouriensis",NA,NA,"Y","Y","N","","Y","Food","",NA,"Forage and Feed","","",NA,2,NA,"2","","","","","","","","","","","Davidson 1995","","",0,0,0
"218","Astragalus neglectus","Milk-vetch","Astragalus","Astragalus neglectus",NA,NA,"Y","Y","N","","Y","Food","",NA,"Forage and Feed","","",NA,2,NA,"2","","","","","","","","","","","Davidson 1995","","",0,0,0
"219","Astragalus pectinatus","Milk-vetch","Astragalus","Astragalus pectinatus",NA,NA,"Y","Y","N","","Y","Food","",NA,"Forage and Feed","","",NA,2,NA,"2","","","","","","","","","","","Davidson 1995","","",0,0,0
"220","Astragalus sclerocarpus","Milk-vetch","Astragalus","Astragalus sclerocarpus",NA,NA,"Y","Y","N","","Y","Food","",NA,"Forage and Feed","","",NA,2,NA,"2","","","","","","","","","","","Davidson 1995","","",0,0,0
"221","Astragalus tenellus","Milk-vetch","Astragalus","Astragalus tenellus",NA,NA,"Y","Y","N","","Y","Food","",NA,"Forage and Feed","","",NA,2,NA,"2","","","","","","","","","","","Davidson 1995","","",0,0,0
"222","Astragalus umbellatus","Milk-vetch","Astragalus","Astragalus umbellatus",NA,NA,"Y","Y","N","","Y","Food","",NA,"Forage and Feed","","",NA,2,NA,"2","","","","","","","","","","","Davidson 1995","","",0,0,0
"223","Astragalus vexilliflexus","Milk-vetch","Astragalus","Astragalus vexilliflexus",NA,NA,"N","Y","N","","Y","Food","",NA,"Forage and Feed","","",NA,2,NA,"2","","","","","","","","","","","Davidson 1995","","",0,0,0
"224","Astragalus williamsii","Milk-vetch","Astragalus","Astragalus williamsii",NA,NA,"Y","Y","N","","Y","Food","",NA,"Forage and Feed","","",NA,2,NA,"2","","","","","","","","","","","Davidson 1995","","",0,0,0
"225","Calamagrostis purpurea","Bluejoint","Calamagrostis","Calamagrostis purpurea",NA,NA,"Y","Y","N","","Y","Food","",NA,"Forage and Feed","","",NA,2,NA,"2","","","","","","","","","","","GRIN-Global 2021","","",0,0,0
"226","Cupressis nootkatensis","Cypress","Cupressis","Cupressis nootkatensis",NA,NA,"Y","Y","N","","Y","Forest Resources","",NA,"Forest Resources","","",NA,2,NA,"2","","","","","","","","","","","Davidson 1995","","",0,0,0
"227","Festuca subulata","Fescue","Festuca","Festuca subulata",NA,NA,"Y","Y","N","","Y","Food","Ornamentals",NA,"Forage and Feed","Ornamentals","",NA,2,NA,"2","","","","","","","","","","","Davidson 1995","","",0,0,0
"228","Festuca viridula","Fescue","Festuca","Festuca viridula",NA,NA,"Y","Y","N","","Y","Food","Ornamentals",NA,"Forage and Feed","Ornamentals","",NA,2,NA,"2","","","","","","","","","","","Davidson 1995","","",0,0,0
"229","Hedysarum americanum","Sainfoin","Hedysarum","Hedysarum americanum",NA,NA,"Y","Y","N","","Y","Food","",NA,"Forage and Feed","","",NA,2,NA,"2","","","","","","","","","","","Davidson 1995","","",0,0,0
"230","Hosackia pinnata","Trefoil","Hosackia","Hosackia pinnata",NA,NA,"Y","Y","N","","Y","Food","",NA,"Forage and Feed","","",NA,2,NA,"2","","","","","","","","","","","Davidson 1995","","",0,0,0
"231","Lathyrus lanszwertii","Lathyrus","Lathyrus","Lathyrus lanszwertii",NA,NA,"N","Y","N","","Y","Food","",NA,"Forage and Feed","","",NA,2,NA,"2","","","","","","","","","","","Davidson 1995","","",0,0,0
"232","Poa abbreviata","Bluegrass","Poa","Poa abbreviata",NA,NA,"N","Y","N","","Y","Food","",NA,"Forage and Feed","","",NA,2,NA,"2","","","","","","","","","","","Davidson 1995","","",0,0,0
"233","Poa alsodes","Bluegrass","Poa","Poa alsodes",NA,NA,"Y","Y","N","","Y","Food","",NA,"Forage and Feed","","",NA,2,NA,"2","","","","","","","","","","","Davidson 1995","","",0,0,0
"234","Poa confinis","Bluegrass","Poa","Poa confinis",NA,NA,"Y","Y","N","","Y","Food","",NA,"Forage and Feed","","",NA,2,NA,"2","","","","","","","","","","","Davidson 1995","","",0,0,0
"235","Poa gaspensis","Bluegrass","Poa","Poa gaspensis",NA,NA,"Y","Y","N","","Y","Food","",NA,"Forage and Feed","","",NA,2,NA,"2","","","","","","","","","","","Davidson 1995","","",0,0,0
"236","Poa hartzii","Bluegrass","Poa","Poa hartzii",NA,NA,"Y","Y","N","","Y","Food","",NA,"Forage and Feed","","",NA,2,NA,"2","","","","","","","","","","","Davidson 1995","","",0,0,0
"237","Poa howellii","Bluegrass","Poa","Poa howellii",NA,NA,"Y","Y","N","","Y","Food","",NA,"Forage and Feed","","",NA,2,NA,"2","","","","","","","","","","","Davidson 1995","","",0,0,0
"238","Poa juncifolia","Bluegrass","Poa","Poa juncifolia",NA,NA,"Y","Y","N","","Y","Food","",NA,"Forage and Feed","","",NA,2,NA,"2","","","","","","","","","","","Davidson 1995","","",0,0,0
"239","Poa leptocoma","Bluegrass","Poa","Poa leptocoma",NA,NA,"Y","Y","N","","Y","Food","",NA,"Forage and Feed","","",NA,2,NA,"2","","","","","","","","","","","Davidson 1995","","",0,0,0
"240","Poa lettermanii","Bluegrass","Poa","Poa lettermanii",NA,NA,"Y","Y","N","","Y","Food","",NA,"Forage and Feed","","",NA,2,NA,"2","","","","","","","","","","","Davidson 1995","","",0,0,0
"241","Poa marcida","Bluegrass","Poa","Poa marcida",NA,NA,"Y","Y","N","","Y","Food","",NA,"Forage and Feed","","",NA,2,NA,"2","","","","","","","","","","","Davidson 1995","","",0,0,0
"242","Poa saltuensis","Bluegrass","Poa","Poa saltuensis",NA,NA,"Y","Y","N","","Y","Food","",NA,"Forage and Feed","","",NA,2,NA,"2","","","","","","","","","","","Davidson 1995","","",0,0,0
"243","Populus angustifolia","Poplar","Populus","Populus angustifolia",NA,NA,"Y","Y","N","","Y","Forest Resources","",NA,"Forest Resources","","",NA,2,NA,"2","","","","","","","","","","","Davidson 1995","","",0,0,0
"244","Rorippa aquatica","Horseradish","Rorippa","Rorippa aquatica",NA,NA,"Y","N","Y","horseradish; condiment","Y","","Food",NA,"Herbs and Spices","","",NA,2,NA,NA,"","","","","","","","","","","Davidson 1995","","Kuhnlein and Turner 2020",0,0,0
"245","Salix pulchra","Willow","Salix","Salix pulchra",NA,NA,"Y","Y","Y","buds, leaves, shoots","Y","Medicinals","Forest Resources",NA,"Medicinals","Forest Resources","",NA,2,NA,"2","","","","","","","","","","","Kuhnlein and Turner 2020","","Kuhnlein and Turner 2020",0,0,0
"246","Salix reticulata","Willow","Salix","Salix reticulata",NA,NA,"Y","Y","Y","greens","Y","Medicinals","Forest Resources",NA,"Medicinals","Forest Resources","",NA,2,NA,"2","","","","","","","","","","","Kuhnlein and Turner 2020","","Kuhnlein and Turner 2020",0,0,0
"247","Salix richardsonii","Willow","Salix","Salix richardsonii",NA,NA,"Y","Y","Y","buds, leaves","Y","Medicinals","Forest Resources",NA,"Medicinals","Forest Resources","",NA,2,NA,"2","","","","","","","","","","","Kuhnlein and Turner 2020","","Kuhnlein and Turner 2020",0,0,0
"248","Vicia caroliniana","Vetch","Vicia","Vicia caroliniana",NA,NA,"Y","Y","Y","seeds","Y","Food","",NA,"Forage and Feed","","",NA,2,NA,"2","","","","","","","","","","","CANADENSYS","","",0,0,0
"249","Vicia nigricans","Vetch","Vicia","Vicia nigricans",NA,NA,"N","Y","Y","seeds","Y","Food","",NA,"Forage and Feed","","",NA,2,NA,"2","","","","","","","","","","","Davidson 1995","","Kuhnlein and Turner 2020",0,0,0
